country,month_period,temperature_celsius,temperature_fahrenheit,precip_mm,humidity,wind_kph
Afghanistan,2024-05,20.305882352941175,68.52352941176471,0.10882352941176471,38.05882352941177,11.51764705882353
Afghanistan,2024-06,25.59,78.04333333333334,0.07266666666666667,24.833333333333332,17.11
Afghanistan,2024-07,31.303448275862067,88.36206896551724,0.0003448275862068966,17.93103448275862,20.731034482758623
Afghanistan,2024-08,30.848387096774193,87.53870967741935,0.037096774193548385,20.548387096774192,20.19677419354839
Afghanistan,2024-09,28.216666666666665,82.78333333333333,0.014333333333333335,13.733333333333333,12.223333333333333
Afghanistan,2024-10,21.98709677419355,71.55483870967741,0.10161290322580645,21.70967741935484,6.461290322580646
Afghanistan,2024-11,15.67,60.21,0.002,27.466666666666665,4.6466666666666665
Afghanistan,2024-12,7.174193548387097,44.91612903225807,0.0003225806451612903,22.387096774193548,4.235483870967743
Afghanistan,2025-01,1.3129032258064517,34.37096774193548,0.07451612903225807,58.87096774193548,6.961290322580646
Afghanistan,2025-02,4.789285714285714,40.61785714285714,0.05071428571428571,47.857142857142854,7.139285714285714
Afghanistan,2025-03,11.993548387096775,53.57419354838709,0.06387096774193549,33.03225806451613,6.32258064516129
Afghanistan,2025-04,22.986666666666668,73.37333333333332,0.0013333333333333333,18.4,6.613333333333333
Afghanistan,2025-05,27.26774193548387,81.1,0.14032258064516132,17.483870967741936,10.783870967741937
Afghanistan,2025-06,31.013333333333332,87.80333333333333,0.002333333333333333,13.0,12.126666666666667
Afghanistan,2025-07,32.880645161290325,91.19354838709677,0.0006451612903225806,11.741935483870968,9.67741935483871
Afghanistan,2025-08,30.480645161290322,86.8483870967742,0.0,15.35483870967742,6.870967741935484
Afghanistan,2025-09,26.833333333333332,80.30666666666666,0.0,17.266666666666666,5.503333333333333
Afghanistan,2025-10,20.26451612903226,68.49032258064516,0.0003225806451612903,18.258064516129032,4.380645161290323
Afghanistan,2025-11,13.923333333333334,57.05,0.0,7.9,4.1433333333333335
Afghanistan,2025-12,8.619354838709677,47.50645161290323,0.025806451612903226,33.74193548387097,4.006451612903226
Afghanistan,2026-01,1.8266666666666667,35.27333333333333,0.084,47.06666666666667,4.8566666666666665
Afghanistan,2026-02,6.635714285714286,43.949999999999996,0.02642857142857143,43.5,5.617857142857143
Afghanistan,2026-03,12.357142857142858,54.239285714285714,0.013214285714285715,44.75,4.771428571428571
Albania,2024-05,25.647058823529413,78.16470588235293,0.2952941176470588,57.529411764705884,13.076470588235294
Albania,2024-06,30.84333333333333,87.52666666666667,0.05333333333333334,45.766666666666666,14.346666666666666
Albania,2024-07,34.63793103448276,94.33793103448276,0.1093103448275862,37.0,18.78965517241379
Albania,2024-08,34.980645161290326,94.96451612903226,0.02225806451612903,32.12903225806452,18.125806451612902
Albania,2024-09,27.516666666666666,81.54333333333334,0.3893333333333333,48.266666666666666,9.120000000000001
Albania,2024-10,21.835483870967742,71.30322580645162,0.14161290322580644,56.806451612903224,6.135483870967741
Albania,2024-11,13.783333333333333,56.81333333333334,0.08633333333333333,59.13333333333333,6.133333333333334
Albania,2024-12,11.741935483870968,53.13548387096775,0.3132258064516129,62.58064516129032,6.77741935483871
Albania,2025-01,13.425806451612903,56.17741935483871,0.10580645161290321,58.96774193548387,6.280645161290322
Albania,2025-02,12.428571428571429,54.378571428571426,0.02035714285714286,52.42857142857143,5.175
Albania,2025-03,16.067741935483873,60.91612903225807,0.2403225806451613,51.61290322580645,7.719354838709678
Albania,2025-04,18.403333333333332,65.13333333333334,0.14400000000000002,49.833333333333336,8.13
Albania,2025-05,21.664516129032258,70.99677419354839,0.21225806451612902,50.96774193548387,8.22258064516129
Albania,2025-06,29.323333333333334,84.78666666666666,0.0,38.36666666666667,7.836666666666667
Albania,2025-07,30.361290322580647,86.64838709677419,0.014838709677419354,36.58064516129032,12.077419354838709
Albania,2025-08,28.22258064516129,82.79677419354839,0.00870967741935484,44.32258064516129,8.916129032258064
Albania,2025-09,23.373333333333335,74.07,0.02733333333333333,60.266666666666666,6.223333333333333
Albania,2025-10,15.170967741935485,59.306451612903224,0.08161290322580646,71.3225806451613,5.829032258064516
Albania,2025-11,12.423333333333334,54.36666666666667,0.456,81.26666666666667,6.506666666666666
Albania,2025-12,5.306451612903226,41.564516129032256,0.0009677419354838711,82.45161290322581,5.903225806451613
Albania,2026-01,6.609999999999999,43.90333333333333,0.30366666666666664,76.73333333333333,9.173333333333334
Albania,2026-02,7.903571428571429,46.21785714285714,0.3867857142857143,82.82142857142857,6.714285714285714
Albania,2026-03,8.153846153846153,46.68076923076923,0.003076923076923077,77.76923076923077,5.269230769230769
Algeria,2024-05,26.11764705882353,79.01176470588236,0.0005882352941176471,45.705882352941174,22.61764705882353
Algeria,2024-06,27.89,82.21000000000001,0.0,46.733333333333334,23.71333333333333
Algeria,2024-07,30.29642857142857,86.53571428571429,0.0,53.82142857142857,16.84642857142857
Algeria,2024-08,31.483870967741936,88.67096774193548,0.0,51.74193548387097,17.580645161290324
Algeria,2024-09,28.43,83.17333333333333,0.018333333333333333,50.63333333333333,15.01
Algeria,2024-10,23.76774193548387,74.7741935483871,0.025161290322580646,62.12903225806452,10.425806451612903
Algeria,2024-11,19.44333333333333,66.99666666666667,0.08566666666666665,66.3,9.496666666666666
Algeria,2024-12,14.748387096774193,58.54838709677419,0.06032258064516129,61.58064516129032,10.332258064516129
Algeria,2025-01,15.019354838709678,59.038709677419355,0.10032258064516128,63.03225806451613,13.22258064516129
Algeria,2025-02,15.424999999999999,59.767857142857146,0.05071428571428572,65.78571428571429,7.921428571428572
Algeria,2025-03,17.616129032258065,63.71290322580645,0.04193548387096774,60.96774193548387,15.070967741935483
Algeria,2025-04,19.7,67.46,0.06666666666666667,59.13333333333333,11.743333333333334
Algeria,2025-05,22.274193548387096,72.1032258064516,0.09258064516129033,60.29032258064516,11.958064516129031
Algeria,2025-06,28.503333333333334,83.30666666666666,0.0,55.1,10.463333333333333
Algeria,2025-07,29.34193548387097,84.81935483870969,0.004193548387096774,55.806451612903224,12.261290322580644
Algeria,2025-08,27.712903225806453,81.88387096774194,0.0,55.225806451612904,9.725806451612904
Algeria,2025-09,24.243333333333332,75.64,0.006,69.26666666666667,9.053333333333335
Algeria,2025-10,19.029032258064515,66.26129032258065,0.004838709677419355,73.54838709677419,8.438709677419356
Algeria,2025-11,12.66,54.78666666666666,0.119,76.03333333333333,12.52
Algeria,2025-12,9.606451612903227,49.29032258064516,0.06903225806451613,84.58064516129032,11.387096774193548
Algeria,2026-01,10.163333333333332,50.29666666666667,0.21866666666666665,80.86666666666666,18.183333333333334
Algeria,2026-02,11.200000000000001,52.153571428571425,0.03357142857142857,73.67857142857143,16.564285714285713
Algeria,2026-03,10.703846153846154,51.276923076923076,0.1280769230769231,83.57692307692308,11.61153846153846
Andorra,2024-05,12.423529411764704,54.33529411764706,0.3517647058823529,60.88235294117647,9.876470588235295
Andorra,2024-06,17.459999999999997,63.43,0.18033333333333335,53.2,10.673333333333334
Andorra,2024-07,24.010344827586206,75.22068965517242,0.11,37.44827586206897,13.072413793103449
Andorra,2024-08,23.416129032258063,74.16129032258064,0.13,42.16129032258065,9.180645161290323
Andorra,2024-09,14.58,58.266666666666666,0.311,55.03333333333333,9.94
Andorra,2024-10,11.593548387096773,52.858064516129026,0.0367741935483871,67.0,8.580645161290322
Andorra,2024-11,6.1433333333333335,43.04666666666667,0.08700000000000001,74.63333333333334,6.846666666666667
Andorra,2024-12,2.9645161290322584,37.332258064516125,0.06999999999999999,69.38709677419355,8.319354838709677
Andorra,2025-01,2.035483870967742,35.66451612903226,0.12032258064516128,66.48387096774194,8.025806451612903
Andorra,2025-02,4.128571428571428,39.44285714285714,0.049999999999999996,67.60714285714286,6.710714285714286
Andorra,2025-03,1.1806451612903226,34.10645161290322,0.20741935483870966,82.51612903225806,9.516129032258064
Andorra,2025-04,7.21,44.983333333333334,0.19899999999999998,63.7,8.566666666666666
Andorra,2025-05,11.038709677419355,51.86774193548387,0.13129032258064516,54.87096774193548,7.558064516129032
Andorra,2025-06,21.09333333333333,69.94333333333334,0.046000000000000006,43.03333333333333,8.026666666666667
Andorra,2025-07,19.07741935483871,66.34193548387097,0.08612903225806451,50.41935483870968,7.658064516129032
Andorra,2025-08,20.793548387096774,69.4258064516129,0.06516129032258064,44.96774193548387,6.296774193548386
Andorra,2025-09,13.860000000000001,56.94666666666667,0.036333333333333336,62.833333333333336,7.056666666666667
Andorra,2025-10,9.35483870967742,48.832258064516125,0.026129032258064518,63.806451612903224,5.861290322580645
Andorra,2025-11,-0.36666666666666664,31.34,0.149,79.2,8.773333333333333
Andorra,2025-12,-2.8677419354838714,26.845161290322583,0.11419354838709678,80.87096774193549,6.767741935483871
Andorra,2026-01,-5.51,22.09,0.18033333333333335,86.76666666666667,8.316666666666666
Andorra,2026-02,-3.607142857142857,25.517857142857142,0.17500000000000002,84.07142857142857,9.285714285714286
Andorra,2026-03,-2.8444444444444446,26.86296296296296,0.13333333333333333,82.44444444444444,9.562962962962963
Angola,2024-05,29.08823529411765,84.36470588235295,0.0,69.76470588235294,19.594117647058823
Angola,2024-06,26.55,79.79333333333334,0.0,68.33333333333333,19.243333333333332
Angola,2024-07,24.475862068965515,76.0551724137931,0.0,67.0,15.827586206896552
Angola,2024-08,24.458064516129035,76.03225806451613,0.0,67.83870967741936,14.687096774193549
Angola,2024-09,25.956666666666667,78.72333333333333,0.0006666666666666666,68.03333333333333,12.473333333333333
Angola,2024-10,26.251612903225805,79.25806451612904,0.00870967741935484,73.58064516129032,9.348387096774195
Angola,2024-11,27.296666666666667,81.13666666666667,0.02866666666666667,76.1,7.6033333333333335
Angola,2024-12,27.758064516129032,81.95806451612903,0.18483870967741936,76.96774193548387,9.529032258064515
Angola,2025-01,29.38064516129032,84.88709677419355,0.05548387096774193,67.19354838709677,8.135483870967741
Angola,2025-02,29.264285714285712,84.68214285714285,0.06357142857142857,69.75,8.407142857142857
Angola,2025-03,29.548387096774192,85.18064516129031,0.0064516129032258064,69.41935483870968,6.077419354838709
Angola,2025-04,28.626666666666665,83.52666666666667,0.10300000000000001,73.93333333333334,7.923333333333333
Angola,2025-05,27.861290322580647,82.15483870967742,0.04161290322580645,76.7741935483871,7.583870967741936
Angola,2025-06,25.203333333333333,77.37333333333332,0.0003333333333333333,75.26666666666667,6.116666666666666
Angola,2025-07,22.293548387096774,72.13548387096773,0.0,74.80645161290323,6.880645161290323
Angola,2025-08,21.019354838709678,69.82903225806452,0.0009677419354838711,79.38709677419355,6.038709677419354
Angola,2025-09,22.696666666666665,72.85666666666665,0.003,79.53333333333333,4.873333333333333
Angola,2025-10,24.612903225806452,76.30645161290323,0.019354838709677424,79.70967741935483,7.416129032258064
Angola,2025-11,26.14,79.06333333333333,0.03766666666666666,78.26666666666667,7.093333333333333
Angola,2025-12,25.77741935483871,78.40322580645162,0.004516129032258065,80.41935483870968,8.54516129032258
Angola,2026-01,26.016666666666666,78.83999999999999,0.0016666666666666668,79.66666666666667,8.1
Angola,2026-02,25.735714285714288,78.325,0.028928571428571432,79.85714285714286,10.092857142857143
Angola,2026-03,26.262962962962963,79.28148148148148,0.032962962962962965,83.14814814814815,10.507407407407406
Antigua and Barbuda,2024-05,29.41176470588235,84.94117647058823,0.09764705882352942,72.82352941176471,16.241176470588233
Antigua and Barbuda,2024-06,29.92758620689655,85.86896551724138,0.04206896551724138,72.34482758620689,16.368965517241378
Antigua and Barbuda,2024-07,28.675,83.61785714285715,0.10714285714285714,76.85714285714286,21.657142857142855
Antigua and Barbuda,2024-08,28.774193548387096,83.80645161290323,0.11645161290322582,76.41935483870968,20.03548387096774
Antigua and Barbuda,2024-09,27.709999999999997,81.88333333333334,0.123,81.46666666666667,15.706666666666667
Antigua and Barbuda,2024-10,27.72258064516129,81.90967741935484,0.08580645161290323,77.0,19.73548387096774
Antigua and Barbuda,2024-11,26.389655172413793,79.50689655172413,0.1503448275862069,83.82758620689656,19.282758620689656
Antigua and Barbuda,2024-12,25.606451612903225,78.09677419354838,0.1706451612903226,76.7741935483871,26.02258064516129
Antigua and Barbuda,2025-01,24.436666666666667,75.99666666666667,0.06933333333333333,80.8,27.83
Antigua and Barbuda,2025-02,24.67142857142857,76.40357142857144,0.2175,75.85714285714286,33.371428571428574
Antigua and Barbuda,2025-03,24.506451612903227,76.11290322580645,0.0596774193548387,78.74193548387096,25.55483870967742
Antigua and Barbuda,2025-04,24.946666666666665,76.90666666666667,0.048666666666666664,79.46666666666667,28.60666666666667
Antigua and Barbuda,2025-05,26.129032258064516,79.03225806451613,0.03806451612903226,82.19354838709677,28.225806451612904
Antigua and Barbuda,2025-06,26.8,80.24666666666667,0.04766666666666666,76.76666666666667,31.376666666666665
Antigua and Barbuda,2025-07,26.81935483870968,80.28064516129032,0.1774193548387097,79.48387096774194,29.5258064516129
Antigua and Barbuda,2025-08,27.62258064516129,81.7290322580645,0.0796774193548387,79.29032258064517,24.458064516129035
Antigua and Barbuda,2025-09,27.02,80.63000000000001,0.179,81.53333333333333,21.663333333333334
Antigua and Barbuda,2025-10,26.719354838709677,80.10967741935484,0.342258064516129,83.09677419354838,23.345161290322583
Antigua and Barbuda,2025-11,26.026666666666664,78.85333333333332,0.07600000000000001,80.23333333333333,26.08
Antigua and Barbuda,2025-12,25.038709677419355,77.0741935483871,0.08516129032258064,76.09677419354838,26.016129032258064
Antigua and Barbuda,2026-01,24.456666666666667,76.03,0.15033333333333332,79.6,25.423333333333336
Antigua and Barbuda,2026-02,24.196428571428573,75.54285714285713,0.1157142857142857,79.78571428571429,23.75
Antigua and Barbuda,2026-03,24.44074074074074,75.9925925925926,0.16444444444444445,76.0,30.41111111111111
Argentina,2024-05,11.235294117647058,52.2235294117647,0.0011764705882352942,75.6470588235294,11.258823529411766
Argentina,2024-06,13.55,56.38666666666666,0.045000000000000005,79.43333333333334,12.723333333333333
Argentina,2024-07,6.796428571428572,44.221428571428575,0.0,78.32142857142857,8.425
Argentina,2024-08,9.764516129032257,49.567741935483866,0.20516129032258063,84.83870967741936,12.30967741935484
Argentina,2024-09,12.383333333333333,54.29666666666667,0.014666666666666666,82.06666666666666,11.506666666666666
Argentina,2024-10,14.780645161290321,58.61290322580645,0.025161290322580646,84.38709677419355,10.006451612903225
Argentina,2024-11,17.709999999999997,63.88,0.05333333333333334,83.9,10.686666666666667
Argentina,2024-12,17.838709677419356,64.11935483870968,0.05161290322580645,74.61290322580645,12.019354838709678
Argentina,2025-01,21.716666666666665,71.1,0.003,77.33333333333333,9.993333333333334
Argentina,2025-02,21.567857142857143,70.83214285714286,0.16821428571428573,81.85714285714286,10.032142857142857
Argentina,2025-03,18.551612903225806,65.4,0.26290322580645165,88.58064516129032,8.996774193548386
Argentina,2025-04,13.693333333333333,56.65,0.02033333333333333,87.46666666666667,8.993333333333334
Argentina,2025-05,13.296774193548387,55.938709677419354,0.19709677419354837,89.61290322580645,8.69032258064516
Argentina,2025-06,7.88,46.193333333333335,0.014333333333333335,81.23333333333333,9.646666666666667
Argentina,2025-07,8.98709677419355,48.18709677419355,0.1164516129032258,86.12903225806451,9.01290322580645
Argentina,2025-08,10.277419354838708,50.50967741935484,0.07903225806451612,84.6774193548387,10.509677419354839
Argentina,2025-09,11.093333333333334,51.96666666666667,0.060333333333333336,87.5,9.753333333333334
Argentina,2025-10,14.990322580645161,58.99032258064516,0.3467741935483871,80.41935483870968,10.870967741935484
Argentina,2025-11,15.816666666666666,60.47666666666667,0.2366666666666667,83.86666666666666,9.533333333333333
Argentina,2025-12,20.01290322580645,68.01612903225806,0.004516129032258065,78.51612903225806,11.061290322580644
Argentina,2026-01,20.959999999999997,69.72666666666667,0.007333333333333333,76.0,12.576666666666666
Argentina,2026-02,21.142857142857142,70.06071428571428,0.002142857142857143,74.07142857142857,11.657142857142857
Argentina,2026-03,19.5,67.1037037037037,0.07888888888888888,81.66666666666667,10.237037037037036
Armenia,2024-05,22.823529411764707,73.08235294117648,0.2211764705882353,33.8235294117647,10.617647058823529
Armenia,2024-06,31.30666666666667,88.35666666666665,0.116,20.7,12.54
Armenia,2024-07,31.858620689655172,89.35172413793103,0.04448275862068966,29.17241379310345,10.851724137931035
Armenia,2024-08,34.13225806451613,93.43870967741935,0.0025806451612903226,22.193548387096776,8.174193548387096
Armenia,2024-09,27.65666666666667,81.78666666666666,0.025333333333333333,28.966666666666665,8.326666666666666
Armenia,2024-10,18.35483870967742,65.03870967741936,0.0564516129032258,36.903225806451616,8.383870967741935
Armenia,2024-11,10.886666666666667,51.59,0.042,49.53333333333333,6.45
Armenia,2024-12,4.696774193548387,40.45161290322581,0.03967741935483871,55.74193548387097,4.941935483870967
Armenia,2025-01,3.3548387096774195,38.04516129032258,0.0,53.67741935483871,3.903225806451613
Armenia,2025-02,3.5392857142857146,38.36785714285714,0.05642857142857143,48.17857142857143,5.667857142857143
Armenia,2025-03,14.51290322580645,58.13548387096775,0.11419354838709678,32.38709677419355,5.612903225806452
Armenia,2025-04,17.06,62.71666666666667,0.042,42.8,9.94
Armenia,2025-05,23.58709677419355,74.46451612903226,0.06548387096774194,34.83870967741935,9.245161290322581
Armenia,2025-06,27.43,81.36999999999999,0.011000000000000001,23.866666666666667,8.286666666666667
Armenia,2025-07,31.129032258064516,88.03225806451613,0.004193548387096774,27.096774193548388,6.687096774193549
Armenia,2025-08,31.019354838709678,87.82903225806453,0.0016129032258064516,28.096774193548388,8.67741935483871
Armenia,2025-09,23.583333333333332,74.45,0.012,35.53333333333333,8.68
Armenia,2025-10,16.938709677419357,62.487096774193546,0.012903225806451613,52.74193548387097,6.303225806451613
Armenia,2025-11,8.52,47.336666666666666,0.0003333333333333333,59.43333333333333,4.166666666666667
Armenia,2025-12,1.7032258064516128,35.064516129032256,0.022580645161290325,82.38709677419355,3.8806451612903223
Armenia,2026-01,-3.9866666666666664,24.83,0.03333333333333333,81.53333333333333,4.193333333333333
Armenia,2026-02,4.285714285714286,39.71785714285714,0.06785714285714287,78.57142857142857,4.2785714285714285
Armenia,2026-03,4.659259259259259,40.407407407407405,0.09259259259259259,66.48148148148148,4.555555555555555
Australia,2024-05,3.8666666666666667,38.96,0.014666666666666666,92.0,6.446666666666667
Australia,2024-06,3.978125,39.15625,0.020625,90.5625,8.64375
Australia,2024-07,4.403448275862069,39.93793103448276,0.08413793103448276,89.82758620689656,10.458620689655174
Australia,2024-08,7.738709677419355,45.92903225806452,0.33,86.09677419354838,10.861290322580645
Australia,2024-09,10.606666666666666,51.09,0.02,64.03333333333333,11.486666666666668
Australia,2024-10,11.23225806451613,52.23548387096774,0.0025806451612903226,70.87096774193549,11.435483870967742
Australia,2024-11,17.373333333333335,63.269999999999996,0.12000000000000001,65.1,12.496666666666666
Australia,2024-12,17.074193548387097,62.73225806451613,0.0732258064516129,67.70967741935483,10.125806451612902
Australia,2025-01,18.970967741935485,66.1516129032258,0.05451612903225807,73.70967741935483,12.361290322580645
Australia,2025-02,20.724999999999998,69.31071428571428,0.033928571428571426,67.39285714285714,10.367857142857144
Australia,2025-03,19.861290322580647,67.75806451612904,0.01741935483870968,69.03225806451613,13.32258064516129
Australia,2025-04,16.113333333333333,61.00333333333333,0.057,63.233333333333334,8.95
Australia,2025-05,11.029032258064515,51.854838709677416,0.04387096774193549,73.7741935483871,8.583870967741936
Australia,2025-06,5.676666666666667,42.22666666666667,0.01633333333333333,79.5,7.8133333333333335
Australia,2025-07,7.951612903225806,46.3258064516129,0.23645161290322583,77.48387096774194,12.996774193548386
Australia,2025-08,10.183870967741935,50.329032258064515,0.032903225806451615,67.06451612903226,11.290322580645162
Australia,2025-09,14.233333333333333,57.626666666666665,0.501,54.3,14.326666666666666
Australia,2025-10,18.451612903225808,65.21290322580644,0.03387096774193549,47.516129032258064,13.509677419354839
Australia,2025-11,21.45,70.61333333333333,0.007666666666666666,37.833333333333336,16.853333333333335
Australia,2025-12,26.01290322580645,78.81612903225808,0.4293548387096774,32.54838709677419,17.96451612903226
Australia,2026-01,28.470000000000002,83.24333333333334,0.012,36.56666666666667,20.06
Australia,2026-02,26.732142857142858,80.12857142857142,0.12464285714285715,42.92857142857143,17.425
Australia,2026-03,23.85925925925926,74.95555555555555,0.27555555555555555,53.666666666666664,12.05185185185185
Austria,2024-05,20.647058823529413,69.16470588235293,0.1252941176470588,60.76470588235294,16.535294117647055
Austria,2024-06,24.936666666666667,76.88000000000001,0.10066666666666667,53.43333333333333,17.823333333333334
Austria,2024-07,28.482142857142858,83.28571428571429,0.02428571428571429,41.07142857142857,14.639285714285716
Austria,2024-08,29.43548387096774,84.99677419354839,0.015483870967741935,43.32258064516129,13.922580645161291
Austria,2024-09,20.09333333333333,68.16333333333334,0.4213333333333333,60.1,19.1
Austria,2024-10,13.583870967741934,56.461290322580645,0.02193548387096774,73.48387096774194,12.948387096774193
Austria,2024-11,5.87,42.57333333333334,0.030000000000000002,72.63333333333334,12.106666666666666
Austria,2024-12,4.377419354838709,39.880645161290325,0.03774193548387097,73.41935483870968,12.248387096774193
Austria,2025-01,3.351612903225807,38.041935483870965,0.032903225806451615,76.70967741935483,12.73225806451613
Austria,2025-02,2.6392857142857147,36.75714285714286,0.003928571428571429,64.53571428571429,12.971428571428572
Austria,2025-03,9.125806451612902,48.438709677419354,0.06580645161290323,64.03225806451613,11.016129032258064
Austria,2025-04,13.806666666666667,56.843333333333334,0.07233333333333333,61.7,15.139999999999999
Austria,2025-05,14.906451612903227,58.83548387096774,0.10064516129032258,62.806451612903224,12.019354838709678
Austria,2025-06,22.98,73.37333333333332,0.14533333333333331,55.2,12.139999999999999
Austria,2025-07,22.529032258064515,72.5516129032258,0.1396774193548387,60.645161290322584,13.393548387096773
Austria,2025-08,21.4741935483871,70.66774193548386,0.02645161290322581,59.96774193548387,11.36774193548387
Austria,2025-09,16.77,62.18666666666666,0.038000000000000006,75.43333333333334,11.826666666666666
Austria,2025-10,10.187096774193549,50.33548387096774,0.02870967741935484,76.87096774193549,13.306451612903226
Austria,2025-11,4.0,39.20333333333333,0.11433333333333334,86.9,10.283333333333333
Austria,2025-12,1.5419354838709676,34.774193548387096,0.0706451612903226,93.51612903225806,8.603225806451613
Austria,2026-01,-2.03,28.35,0.04133333333333333,83.23333333333333,11.020000000000001
Austria,2026-02,1.8964285714285716,35.42142857142857,0.05071428571428572,87.5,12.153571428571428
Austria,2026-03,5.146428571428571,41.271428571428565,0.06392857142857143,77.46428571428571,9.875
Azerbaijan,2024-05,20.88235294117647,69.58823529411765,0.011764705882352941,51.705882352941174,21.28235294117647
Azerbaijan,2024-06,28.766666666666666,83.78999999999999,0.0023333333333333335,47.13333333333333,21.84333333333333
Azerbaijan,2024-07,30.5,86.90689655172415,0.012068965517241381,46.06896551724138,24.28965517241379
Azerbaijan,2024-08,30.61935483870968,87.11612903225806,0.003870967741935484,44.41935483870968,22.809677419354838
Azerbaijan,2024-09,26.855172413793102,80.33793103448276,0.0,45.793103448275865,23.379310344827587
Azerbaijan,2024-10,19.04516129032258,66.28387096774195,0.0729032258064516,66.7741935483871,21.4
Azerbaijan,2024-11,13.28,55.92666666666666,0.04,71.26666666666667,24.066666666666666
Azerbaijan,2024-12,9.48709677419355,49.07741935483871,0.03774193548387097,72.16129032258064,21.80322580645161
Azerbaijan,2025-01,9.3,48.74193548387097,0.0022580645161290325,72.03225806451613,22.406451612903226
Azerbaijan,2025-02,5.121428571428572,41.228571428571435,0.016428571428571428,74.10714285714286,27.00357142857143
Azerbaijan,2025-03,13.061290322580646,55.50645161290323,0.0032258064516129032,60.38709677419355,26.845161290322583
Azerbaijan,2025-04,17.003333333333334,62.60666666666667,0.10966666666666666,60.5,24.59
Azerbaijan,2025-05,23.048387096774192,73.49032258064516,0.0,52.516129032258064,24.593548387096774
Azerbaijan,2025-06,26.543333333333333,79.78333333333333,0.0,50.766666666666666,25.483333333333334
Azerbaijan,2025-07,31.383870967741935,88.48387096774194,0.0,46.16129032258065,22.903225806451612
Azerbaijan,2025-08,31.69677419354839,89.06129032258065,0.01741935483870968,44.67741935483871,20.43548387096774
Azerbaijan,2025-09,24.37666666666667,75.88666666666667,0.04800000000000001,58.0,23.290000000000003
Azerbaijan,2025-10,20.46451612903226,68.85161290322581,0.01838709677419355,64.87096774193549,20.496774193548386
Azerbaijan,2025-11,16.323333333333334,61.38333333333333,0.013666666666666667,72.06666666666666,17.790000000000003
Azerbaijan,2025-12,9.925806451612903,49.86451612903225,0.19580645161290325,74.61290322580645,23.41290322580645
Azerbaijan,2026-01,6.546666666666667,43.78666666666666,0.02733333333333333,76.83333333333333,27.529999999999998
Azerbaijan,2026-02,7.314285714285714,45.175000000000004,0.05535714285714286,83.0,27.035714285714285
Azerbaijan,2026-03,9.692592592592591,49.44814814814814,0.06888888888888889,73.81481481481481,18.944444444444443
Bahamas,2024-05,28.764705882352942,83.7764705882353,0.032352941176470584,73.6470588235294,13.829411764705881
Bahamas,2024-06,28.548275862068966,83.38275862068966,0.16379310344827586,78.48275862068965,16.713793103448275
Bahamas,2024-07,29.0,84.21071428571429,0.06142857142857143,77.17857142857143,14.735714285714286
Bahamas,2024-08,28.42258064516129,83.16774193548386,0.19967741935483868,78.90322580645162,16.5258064516129
Bahamas,2024-09,27.62,81.71666666666667,0.045000000000000005,85.16666666666667,13.253333333333334
Bahamas,2024-10,26.803333333333335,80.24333333333334,0.009000000000000001,77.53333333333333,26.923333333333336
Bahamas,2024-11,24.555172413793105,76.19655172413792,0.1603448275862069,76.20689655172414,24.848275862068967
Bahamas,2024-12,22.64516129032258,72.74516129032257,0.0,79.09677419354838,26.758064516129032
Bahamas,2025-01,20.19,68.35666666666665,0.0,79.7,20.64
Bahamas,2025-02,20.900000000000002,69.62142857142858,0.0,87.21428571428571,21.557142857142857
Bahamas,2025-03,20.08709677419355,68.15483870967742,0.05032258064516129,82.2258064516129,23.635483870967743
Bahamas,2025-04,23.026666666666664,73.45666666666666,0.0,74.03333333333333,24.40666666666667
Bahamas,2025-05,25.266666666666666,77.47666666666667,0.0,81.96666666666667,22.363333333333333
Bahamas,2025-06,27.003333333333334,80.60333333333332,0.0,80.26666666666667,22.836666666666666
Bahamas,2025-07,27.03548387096774,80.6741935483871,0.0,83.2258064516129,20.793548387096774
Bahamas,2025-08,27.90967741935484,82.24193548387096,0.13032258064516128,82.03225806451613,18.43548387096774
Bahamas,2025-09,26.683333333333334,80.03,0.36166666666666664,88.7,17.959999999999997
Bahamas,2025-10,25.94516129032258,78.71290322580644,0.0,83.7741935483871,22.538709677419355
Bahamas,2025-11,22.833333333333332,73.1,0.264,80.93333333333334,21.033333333333335
Bahamas,2025-12,22.45483870967742,72.42258064516129,0.0019354838709677422,82.70967741935483,20.541935483870965
Bahamas,2026-01,21.016666666666666,69.83666666666666,0.02366666666666667,80.5,21.223333333333336
Bahamas,2026-02,18.12142857142857,64.625,0.0725,76.89285714285714,24.803571428571427
Bahamas,2026-03,22.521428571428572,72.55714285714285,0.003928571428571429,83.35714285714286,23.282142857142855
Bahrain,2024-05,34.411764705882355,93.94117647058823,0.0,39.1764705882353,22.417647058823526
Bahrain,2024-06,36.983333333333334,98.56666666666666,0.0,44.36666666666667,18.616666666666667
Bahrain,2024-07,37.88965517241379,100.18620689655172,0.0,44.6551724137931,24.313793103448276
Bahrain,2024-08,36.94193548387097,98.51612903225806,0.0,56.225806451612904,20.77741935483871
Bahrain,2024-09,37.18,98.92666666666668,0.0,45.13333333333333,17.376666666666665
Bahrain,2024-10,31.067741935483873,87.90322580645162,0.0,54.67741935483871,16.703225806451613
Bahrain,2024-11,27.14,80.85666666666665,0.0,59.1,19.973333333333336
Bahrain,2024-12,21.283870967741933,70.31612903225808,0.0,56.32258064516129,18.606451612903225
Bahrain,2025-01,20.125806451612902,68.23870967741935,0.0003225806451612903,52.225806451612904,20.17096774193548
Bahrain,2025-02,19.853571428571428,67.73214285714286,0.005,55.714285714285715,22.40357142857143
Bahrain,2025-03,24.06451612903226,75.31612903225808,0.0012903225806451613,47.74193548387097,20.13225806451613
Bahrain,2025-04,31.94,89.49666666666667,0.0,32.1,17.90666666666667
Bahrain,2025-05,36.099999999999994,96.97741935483872,0.0,29.258064516129032,20.83225806451613
Bahrain,2025-06,37.75,99.95333333333333,0.0,31.233333333333334,22.77
Bahrain,2025-07,38.97096774193548,102.14838709677419,0.0,34.74193548387097,21.683870967741935
Bahrain,2025-08,39.141935483870974,102.46774193548387,0.0,44.87096774193548,12.735483870967743
Bahrain,2025-09,36.593333333333334,97.86666666666666,0.0,45.56666666666667,16.996666666666666
Bahrain,2025-10,31.52258064516129,88.75161290322582,0.0,52.516129032258064,15.887096774193548
Bahrain,2025-11,26.396666666666665,79.50999999999999,0.0,57.7,16.78666666666667
Bahrain,2025-12,22.370967741935484,72.2709677419355,0.02838709677419355,63.74193548387097,15.887096774193548
Bahrain,2026-01,18.206666666666667,64.77666666666667,0.0016666666666666668,62.6,22.48
Bahrain,2026-02,22.3,72.14285714285714,0.0,59.17857142857143,17.628571428571426
Bahrain,2026-03,20.814814814814813,69.46666666666667,0.07777777777777778,70.66666666666667,20.61851851851852
Bangladesh,2024-05,31.605882352941173,88.88235294117646,0.7782352941176471,62.294117647058826,19.48235294117647
Bangladesh,2024-06,30.12,86.20333333333333,0.4693333333333333,74.46666666666667,22.28666666666667
Bangladesh,2024-07,30.185714285714287,86.325,0.36678571428571427,74.57142857142857,19.567857142857143
Bangladesh,2024-08,28.961290322580645,84.10967741935484,0.6003225806451613,78.61290322580645,17.838709677419356
Bangladesh,2024-09,31.196666666666665,88.14333333333335,0.6563333333333333,67.7,13.35
Bangladesh,2024-10,31.151612903225807,88.0741935483871,0.3029032258064516,58.225806451612904,10.519354838709678
Bangladesh,2024-11,29.983333333333334,85.96666666666667,0.0,37.46666666666667,9.26
Bangladesh,2024-12,26.451612903225808,79.61612903225806,0.0,28.774193548387096,11.241935483870968
Bangladesh,2025-01,26.94193548387097,80.49354838709678,0.0,27.516129032258064,11.051612903225807
Bangladesh,2025-02,30.34642857142857,86.61071428571428,0.0,21.607142857142858,13.842857142857143
Bangladesh,2025-03,35.74516129032258,96.32903225806452,0.0,17.516129032258064,15.351612903225806
Bangladesh,2025-04,37.36,99.24666666666667,0.056,26.733333333333334,11.636666666666667
Bangladesh,2025-05,34.858064516129026,94.74516129032257,1.0148387096774194,45.12903225806452,13.729032258064517
Bangladesh,2025-06,33.217241379310344,91.7896551724138,0.24310344827586206,59.03448275862069,17.93103448275862
Bangladesh,2025-07,31.55806451612903,88.80000000000001,0.7161290322580645,67.25806451612904,18.780645161290323
Bangladesh,2025-08,31.80322580645161,89.25483870967743,0.5790322580645161,63.54838709677419,16.051612903225806
Bangladesh,2025-09,32.82666666666667,91.1,0.31166666666666665,58.93333333333333,10.783333333333333
Bangladesh,2025-10,32.24193548387097,90.03870967741935,0.47354838709677416,52.645161290322584,10.100000000000001
Bangladesh,2025-11,29.123333333333335,84.43333333333334,0.0013333333333333333,41.266666666666666,11.04
Bangladesh,2025-12,26.125806451612902,79.02258064516128,0.0,34.12903225806452,8.312903225806451
Bangladesh,2026-01,25.836666666666666,78.49666666666667,0.0,29.766666666666666,10.389999999999999
Bangladesh,2026-02,28.739285714285717,83.72500000000001,0.0,23.071428571428573,8.775
Bangladesh,2026-03,31.564285714285713,88.83928571428571,0.7757142857142857,36.214285714285715,11.389285714285714
Barbados,2024-05,29.58823529411765,85.25882352941177,0.04647058823529412,77.17647058823529,29.54705882352941
Barbados,2024-06,29.403333333333332,84.93333333333334,0.094,78.16666666666667,28.876666666666665
Barbados,2024-07,28.727586206896554,83.70689655172414,0.36310344827586205,79.65517241379311,27.848275862068967
Barbados,2024-08,28.716129032258067,83.69032258064516,0.12774193548387097,79.16129032258064,21.61935483870968
Barbados,2024-09,28.326666666666664,82.99,0.145,84.06666666666666,15.096666666666666
Barbados,2024-10,27.83225806451613,82.1,0.12258064516129033,81.87096774193549,19.241935483870968
Barbados,2024-11,27.74137931034483,81.94137931034481,0.43827586206896557,82.58620689655173,21.444827586206895
Barbados,2024-12,26.138709677419353,79.05483870967741,0.09774193548387097,79.12903225806451,23.25483870967742
Barbados,2025-01,25.626666666666665,78.13666666666667,0.12666666666666665,79.53333333333333,26.416666666666668
Barbados,2025-02,25.49285714285714,77.88571428571429,0.0825,77.42857142857143,29.342857142857145
Barbados,2025-03,25.887096774193548,78.59677419354838,0.043548387096774194,79.3225806451613,24.961290322580645
Barbados,2025-04,25.966666666666665,78.74333333333334,0.06066666666666667,81.86666666666666,24.779999999999998
Barbados,2025-05,27.151612903225807,80.87741935483871,0.11419354838709678,81.90322580645162,24.603225806451615
Barbados,2025-06,27.113333333333333,80.80999999999999,0.08766666666666666,81.66666666666667,30.759999999999998
Barbados,2025-07,27.183870967741935,80.92258064516129,0.14161290322580644,81.74193548387096,24.551612903225806
Barbados,2025-08,27.726666666666667,81.90666666666667,0.09733333333333333,77.56666666666666,21.09333333333333
Barbados,2025-09,27.923333333333336,82.25999999999999,0.20066666666666666,79.83333333333333,19.19333333333333
Barbados,2025-10,27.351612903225806,81.23870967741935,0.14225806451612905,80.29032258064517,19.629032258064516
Barbados,2025-11,27.066666666666666,80.71666666666667,0.26466666666666666,77.96666666666667,25.146666666666665
Barbados,2025-12,25.958064516129035,78.7258064516129,0.29838709677419356,78.54838709677419,27.532258064516128
Barbados,2026-01,25.823333333333334,78.48,0.09466666666666666,77.4,25.253333333333334
Barbados,2026-02,25.835714285714285,78.50714285714285,0.07285714285714286,76.28571428571429,25.907142857142855
Barbados,2026-03,25.264285714285712,77.48214285714286,0.08571428571428572,76.35714285714286,29.339285714285715
Belarus,2024-05,22.470588235294116,72.4470588235294,0.30294117647058827,40.705882352941174,14.329411764705881
Belarus,2024-06,22.153333333333332,71.86666666666666,0.16066666666666668,58.96666666666667,15.84
Belarus,2024-07,24.29310344827586,75.71724137931035,0.3820689655172414,60.172413793103445,16.120689655172413
Belarus,2024-08,24.664516129032258,76.41935483870968,0.07387096774193548,52.25806451612903,15.04516129032258
Belarus,2024-09,22.42,72.36333333333333,0.017,49.9,20.009999999999998
Belarus,2024-10,10.54516129032258,50.96774193548387,0.06935483870967742,74.48387096774194,14.59032258064516
Belarus,2024-11,3.2666666666666666,37.86666666666667,0.005333333333333333,82.66666666666667,18.363333333333333
Belarus,2024-12,0.8483870967741935,33.52903225806452,0.02064516129032258,87.51612903225806,17.983870967741936
Belarus,2025-01,1.2903225806451613,34.32258064516129,0.07806451612903226,90.48387096774194,19.75483870967742
Belarus,2025-02,-2.9785714285714286,26.646428571428572,0.012142857142857144,71.46428571428571,14.007142857142856
Belarus,2025-03,7.212903225806452,44.983870967741936,0.06193548387096774,64.19354838709677,20.522580645161288
Belarus,2025-04,11.139999999999999,52.053333333333335,0.014,54.333333333333336,19.83
Belarus,2025-05,12.438709677419354,54.39677419354839,0.1429032258064516,64.35483870967742,15.629032258064516
Belarus,2025-06,17.913333333333334,64.25333333333333,0.18000000000000002,66.26666666666667,22.066666666666666
Belarus,2025-07,21.403225806451612,70.52258064516128,0.1267741935483871,71.83870967741936,14.370967741935484
Belarus,2025-08,19.14516129032258,66.46129032258065,0.05580645161290323,64.38709677419355,15.98709677419355
Belarus,2025-09,15.436666666666667,59.78,0.029666666666666668,76.26666666666667,17.623333333333335
Belarus,2025-10,6.848387096774194,44.332258064516125,0.05225806451612903,89.45161290322581,17.258064516129032
Belarus,2025-11,2.61,36.70666666666667,0.014,95.86666666666666,13.773333333333333
Belarus,2025-12,0.11612903225806454,32.21290322580645,0.07612903225806451,92.29032258064517,15.819354838709677
Belarus,2026-01,-12.6,9.323333333333332,0.07633333333333334,86.7,13.893333333333334
Belarus,2026-02,-9.87142857142857,14.239285714285714,0.05071428571428572,86.35714285714286,12.603571428571428
Belarus,2026-03,2.446153846153846,36.40384615384615,0.005769230769230769,78.96153846153847,12.946153846153846
Belgium,2024-05,16.294117647058822,61.329411764705874,0.2747058823529412,77.41176470588235,15.814705882352943
Belgium,2024-06,18.598275862068967,65.4793103448276,0.13655172413793104,64.01724137931035,16.76206896551724
Belgium,2024-07,21.582456140350878,70.85263157894737,0.11350877192982456,61.473684210526315,14.656140350877193
Belgium,2024-08,23.437096774193545,74.18870967741935,0.055806451612903235,59.11290322580645,15.3
Belgium,2024-09,18.236666666666668,64.83333333333333,0.1385,72.93333333333334,18.065
Belgium,2024-10,13.430645161290323,56.18064516129032,0.05016129032258065,84.24193548387096,16.15967741935484
Belgium,2024-11,8.026666666666667,46.44833333333334,0.08083333333333334,87.46666666666667,16.323333333333334
Belgium,2024-12,6.361290322580645,43.44193548387097,0.09564516129032258,84.6774193548387,20.106451612903225
Belgium,2025-01,3.9919354838709675,39.190322580645166,0.13790322580645162,88.90322580645162,16.108064516129033
Belgium,2025-02,4.878571428571428,40.78214285714286,0.03464285714285714,82.75,16.367857142857144
Belgium,2025-03,8.637096774193548,47.54677419354839,0.003709677419354839,71.14516129032258,14.919354838709678
Belgium,2025-04,12.453333333333335,54.42166666666667,0.029166666666666667,68.35,15.69
Belgium,2025-05,15.288709677419355,59.52258064516129,0.09887096774193548,64.46774193548387,18.675806451612903
Belgium,2025-06,19.861666666666668,67.75,0.045000000000000005,65.66666666666667,19.676666666666666
Belgium,2025-07,20.453225806451613,68.81451612903226,0.1264516129032258,67.93548387096774,14.866129032258065
Belgium,2025-08,19.0,66.20350877192982,0.034561403508771925,70.6842105263158,15.457894736842105
Belgium,2025-09,14.347916666666668,57.82708333333333,0.02354166666666667,79.91666666666667,18.564583333333335
Belgium,2025-10,11.052727272727273,51.89090909090909,0.2418181818181818,86.56363636363636,17.85090909090909
Belgium,2025-11,7.772222222222222,45.99814814814815,0.1298148148148148,89.14814814814815,17.56851851851852
Belgium,2025-12,5.305555555555555,41.553703703703704,0.023148148148148147,87.94444444444444,17.75925925925926
Belgium,2026-01,2.5673913043478263,36.61739130434783,0.06304347826086956,88.67391304347827,17.356521739130436
Belgium,2026-02,6.162790697674419,43.10232558139535,0.07930232558139536,89.76744186046511,17.765116279069765
Belgium,2026-03,5.618181818181818,42.11818181818182,0.020454545454545454,87.43181818181819,13.9
Belize,2024-05,30.352941176470587,86.64117647058823,0.015294117647058824,80.6470588235294,11.047058823529412
Belize,2024-06,27.683333333333334,81.83,0.2653333333333333,91.56666666666666,6.983333333333333
Belize,2024-07,25.768965517241377,78.37586206896552,0.09344827586206897,95.13793103448276,5.524137931034482
Belize,2024-08,23.79032258064516,74.81290322580645,0.04225806451612903,97.70967741935483,3.648387096774194
Belize,2024-09,24.32,75.77666666666667,0.1343333333333333,96.26666666666667,3.8400000000000003
Belize,2024-10,22.426666666666666,72.36999999999999,0.12133333333333333,96.53333333333333,4.596666666666667
Belize,2024-11,20.97241379310345,69.76551724137931,0.14862068965517244,96.27586206896552,4.037931034482759
Belize,2024-12,19.748387096774195,67.53225806451613,0.04096774193548387,97.64516129032258,3.774193548387097
Belize,2025-01,19.55666666666667,67.22,0.05266666666666667,98.33333333333333,4.02
Belize,2025-02,20.525000000000002,68.94642857142857,0.02142857142857143,98.25,3.7035714285714287
Belize,2025-03,20.70967741935484,69.26774193548388,0.026774193548387094,95.87096774193549,3.8548387096774195
Belize,2025-04,21.233333333333334,70.23,0.26999999999999996,93.7,5.293333333333334
Belize,2025-05,23.65666666666667,74.58,0.071,94.63333333333334,5.1466666666666665
Belize,2025-06,23.33,73.99333333333334,0.8539999999999999,97.56666666666666,4.1033333333333335
Belize,2025-07,22.825806451612905,73.1,0.11129032258064517,98.16129032258064,3.648387096774194
Belize,2025-08,23.003225806451614,73.3967741935484,0.03516129032258065,96.51612903225806,3.7193548387096773
Belize,2025-09,23.10666666666667,73.57333333333332,0.17200000000000001,97.46666666666667,3.6266666666666665
Belize,2025-10,22.31935483870968,72.18064516129031,0.08645161290322581,95.70967741935483,4.025806451612903
Belize,2025-11,20.60666666666667,69.08333333333333,0.267,96.2,4.14
Belize,2025-12,20.383870967741935,68.68064516129031,0.027419354838709678,98.48387096774194,3.648387096774194
Belize,2026-01,18.813793103448276,65.85862068965517,0.01689655172413793,94.51724137931035,4.003448275862069
Belize,2026-02,17.257142857142856,63.050000000000004,0.03,93.17857142857143,4.021428571428571
Belize,2026-03,19.49259259259259,67.08888888888889,0.07111111111111111,97.25925925925925,3.7629629629629626
Benin,2024-05,30.864705882352943,87.56470588235294,0.06999999999999999,72.47058823529412,20.276470588235295
Benin,2024-06,29.709999999999997,85.49,0.14433333333333334,75.03333333333333,18.126666666666665
Benin,2024-07,28.114285714285717,82.62142857142858,0.16857142857142857,74.39285714285714,21.317857142857143
Benin,2024-08,28.135483870967743,82.64516129032258,0.08967741935483871,70.74193548387096,22.09032258064516
Benin,2024-09,28.42,83.15666666666667,0.15633333333333335,76.53333333333333,17.296666666666667
Benin,2024-10,28.093548387096774,82.55806451612904,0.17193548387096774,79.12903225806451,8.883870967741935
Benin,2024-11,28.81,83.86999999999999,0.03966666666666666,78.1,6.14
Benin,2024-12,31.39032258064516,88.49677419354839,0.0,55.0,5.854838709677419
Benin,2025-01,30.916129032258063,87.65806451612903,0.005161290322580645,67.58064516129032,8.048387096774194
Benin,2025-02,30.682142857142857,87.22857142857143,0.04285714285714286,76.25,10.242857142857144
Benin,2025-03,31.20967741935484,88.1774193548387,0.08580645161290323,74.2258064516129,14.183870967741935
Benin,2025-04,29.733333333333334,85.52333333333333,0.018333333333333333,77.33333333333333,13.186666666666667
Benin,2025-05,29.293548387096774,84.73548387096774,0.1761290322580645,77.7741935483871,11.238709677419354
Benin,2025-06,27.326666666666664,81.19,0.06433333333333333,83.56666666666666,10.08
Benin,2025-07,26.135483870967743,79.04838709677419,0.41935483870967744,84.58064516129032,14.399999999999999
Benin,2025-08,25.387096774193548,77.69677419354838,0.16193548387096773,87.25806451612904,13.151612903225805
Benin,2025-09,25.756666666666668,78.35666666666665,0.22066666666666668,89.3,10.556666666666667
Benin,2025-10,26.503225806451614,79.69677419354838,0.015806451612903224,88.74193548387096,7.922580645161291
Benin,2025-11,26.883333333333333,80.38666666666667,0.01,88.8,7.233333333333333
Benin,2025-12,27.258064516129032,81.05806451612904,0.06290322580645161,89.41935483870968,7.470967741935484
Benin,2026-01,26.85,80.32333333333332,0.014999999999999998,90.33333333333333,6.626666666666667
Benin,2026-02,27.335714285714285,81.20357142857142,0.017142857142857144,88.10714285714286,7.796428571428572
Benin,2026-03,28.25925925925926,82.87777777777777,0.011851851851851851,85.70370370370371,10.203703703703704
Bhutan,2024-05,11.905882352941177,53.423529411764704,0.32529411764705884,89.0,5.0588235294117645
Bhutan,2024-06,12.803333333333335,55.03333333333333,0.27166666666666667,95.56666666666666,4.016666666666667
Bhutan,2024-07,15.146428571428572,59.25714285714286,0.49178571428571427,94.32142857142857,4.103571428571429
Bhutan,2024-08,14.580645161290322,58.26451612903226,0.7358064516129031,93.12903225806451,4.267741935483872
Bhutan,2024-09,15.2,59.35666666666667,0.5533333333333333,83.5,5.3966666666666665
Bhutan,2024-10,14.558064516129033,58.222580645161294,0.2706451612903226,65.70967741935483,8.625806451612902
Bhutan,2024-11,11.093333333333334,51.96666666666667,0.025666666666666667,51.06666666666667,9.226666666666667
Bhutan,2024-12,6.1,42.96451612903226,0.005161290322580645,55.96774193548387,7.174193548387097
Bhutan,2025-01,8.119354838709677,46.619354838709675,0.023870967741935485,50.0,8.758064516129032
Bhutan,2025-02,5.878571428571428,42.574999999999996,0.1942857142857143,66.17857142857143,8.839285714285714
Bhutan,2025-03,11.887096774193548,53.39032258064516,0.10483870967741936,44.516129032258064,10.819354838709677
Bhutan,2025-04,14.22,57.59,0.36000000000000004,50.93333333333333,9.54
Bhutan,2025-05,15.154838709677419,59.274193548387096,0.5087096774193548,67.29032258064517,7.819354838709677
Bhutan,2025-06,18.886666666666667,66.00333333333333,0.5836666666666667,64.13333333333334,9.306666666666667
Bhutan,2025-07,20.0,68.01612903225806,0.516774193548387,64.41935483870968,9.67741935483871
Bhutan,2025-08,18.338709677419356,65.00967741935484,0.6158064516129033,72.90322580645162,8.529032258064515
Bhutan,2025-09,18.716666666666665,65.66666666666667,0.4796666666666667,64.33333333333333,9.0
Bhutan,2025-10,15.5,59.906451612903226,0.29,50.41935483870968,8.819354838709677
Bhutan,2025-11,12.926666666666668,55.26,0.028,41.56666666666667,9.093333333333334
Bhutan,2025-12,12.04516129032258,53.693548387096776,0.0022580645161290325,32.935483870967744,9.629032258064516
Bhutan,2026-01,10.226666666666667,50.39666666666667,0.007000000000000001,28.433333333333334,9.653333333333334
Bhutan,2026-02,11.02962962962963,51.87407407407407,0.04296296296296296,33.03703703703704,9.029629629629628
Bhutan,2026-03,10.8,51.43703703703704,0.24592592592592594,56.48148148148148,7.485185185185185
Bolivia,2024-05,20.052941176470586,68.10000000000001,0.00029411764705882356,52.05882352941177,6.561764705882353
Bolivia,2024-06,21.42542372881356,70.58305084745763,0.0015254237288135593,45.25423728813559,5.513559322033898
Bolivia,2024-07,15.539285714285715,59.98392857142857,0.005714285714285714,60.67857142857143,5.8125
Bolivia,2024-08,17.067741935483873,62.72741935483871,0.0017741935483870969,53.435483870967744,5.280645161290322
Bolivia,2024-09,18.85666666666667,65.93666666666667,0.001,54.766666666666666,5.126666666666667
Bolivia,2024-10,18.315,64.97,0.042333333333333334,76.15,5.35
Bolivia,2024-11,17.939655172413794,64.3051724137931,0.11,85.72413793103448,4.937931034482758
Bolivia,2024-12,17.770967741935483,63.987096774193546,0.09483870967741935,85.91935483870968,4.891935483870968
Bolivia,2025-01,17.138333333333332,62.843333333333334,0.2828333333333333,89.7,4.165
Bolivia,2025-02,17.125,62.830357142857146,0.2005357142857143,89.23214285714286,4.191071428571428
Bolivia,2025-03,17.0,62.59516129032258,0.30435483870967744,94.53225806451613,4.77741935483871
Bolivia,2025-04,16.529999999999998,61.75,0.19349999999999998,92.73333333333333,5.0600000000000005
Bolivia,2025-05,16.125806451612902,61.024193548387096,0.09096774193548386,85.29032258064517,4.735483870967743
Bolivia,2025-06,14.606666666666666,58.291666666666664,0.05583333333333333,78.21666666666667,4.78
Bolivia,2025-07,13.611290322580645,56.49677419354839,0.0035483870967741938,72.01612903225806,4.638709677419355
Bolivia,2025-08,14.887096774193548,58.79354838709677,0.009193548387096776,64.96774193548387,5.127419354838709
Bolivia,2025-09,17.611666666666668,63.696666666666665,0.12283333333333334,73.38333333333334,5.886666666666667
Bolivia,2025-10,17.23548387096774,63.03387096774193,0.061290322580645165,76.93548387096774,5.953225806451614
Bolivia,2025-11,17.723333333333336,63.91833333333333,0.1355,82.45,5.401666666666667
Bolivia,2025-12,17.916129032258063,64.23225806451613,0.2529032258064516,87.08064516129032,5.333870967741936
Bolivia,2026-01,17.55,63.59,0.29416666666666663,89.16666666666667,4.755
Bolivia,2026-02,17.994545454545456,64.39636363636365,0.049818181818181824,86.72727272727273,4.834545454545454
Bolivia,2026-03,18.032075471698114,64.45283018867924,0.25566037735849056,90.22641509433963,4.892452830188679
Bosnia and Herzegovina,2024-05,22.470588235294116,72.4470588235294,0.6923529411764706,52.11764705882353,12.458823529411765
Bosnia and Herzegovina,2024-06,27.326666666666664,81.18333333333334,0.11666666666666667,44.46666666666667,10.516666666666667
Bosnia and Herzegovina,2024-07,29.524137931034485,85.15862068965517,0.08827586206896552,39.58620689655172,9.506896551724138
Bosnia and Herzegovina,2024-08,30.425806451612903,86.75806451612904,0.3258064516129032,36.903225806451616,7.770967741935484
Bosnia and Herzegovina,2024-09,20.59333333333333,69.06666666666666,0.43200000000000005,64.1,7.223333333333333
Bosnia and Herzegovina,2024-10,17.0258064516129,62.63225806451613,0.06612903225806452,68.70967741935483,5.674193548387097
Bosnia and Herzegovina,2024-11,7.056666666666667,44.71333333333334,0.052333333333333336,76.8,6.233333333333333
Bosnia and Herzegovina,2024-12,4.041935483870968,39.29354838709677,0.30612903225806454,88.96774193548387,5.745161290322581
Bosnia and Herzegovina,2025-01,4.264516129032257,39.68387096774194,0.060645161290322575,78.54838709677419,7.512903225806451
Bosnia and Herzegovina,2025-02,3.585714285714286,38.45357142857143,0.02642857142857143,70.64285714285714,4.760714285714286
Bosnia and Herzegovina,2025-03,9.23225806451613,48.622580645161285,0.24580645161290324,67.7741935483871,7.880645161290323
Bosnia and Herzegovina,2025-04,12.713333333333333,54.89333333333333,0.097,61.7,8.886666666666667
Bosnia and Herzegovina,2025-05,15.938709677419356,60.68709677419355,0.05967741935483871,59.225806451612904,9.064516129032258
Bosnia and Herzegovina,2025-06,23.009999999999998,73.42333333333333,0.019333333333333334,49.733333333333334,7.03
Bosnia and Herzegovina,2025-07,23.080645161290324,73.54516129032258,0.1441935483870968,54.193548387096776,7.567741935483871
Bosnia and Herzegovina,2025-08,19.69677419354839,67.45806451612903,0.15580645161290324,67.7741935483871,6.32258064516129
Bosnia and Herzegovina,2025-09,16.083333333333332,60.95333333333334,0.11433333333333333,81.96666666666667,4.916666666666667
Bosnia and Herzegovina,2025-10,8.66451612903226,47.596774193548384,0.08387096774193549,88.2258064516129,6.038709677419354
Bosnia and Herzegovina,2025-11,3.7066666666666666,38.67666666666666,0.24933333333333335,94.83333333333333,5.886666666666667
Bosnia and Herzegovina,2025-12,0.29677419354838713,32.535483870967745,0.07387096774193548,97.51612903225806,4.77741935483871
Bosnia and Herzegovina,2026-01,-1.1700000000000002,29.9,0.20866666666666667,94.5,5.623333333333333
Bosnia and Herzegovina,2026-02,2.2964285714285713,36.13214285714286,0.1475,98.10714285714286,6.314285714285715
Bosnia and Herzegovina,2026-03,2.574074074074074,36.640740740740746,0.1425925925925926,89.07407407407408,4.803703703703703
Botswana,2024-05,25.98235294117647,78.77058823529411,0.0,26.058823529411764,8.117647058823529
Botswana,2024-06,22.153333333333332,71.88333333333334,0.002,28.2,12.796666666666665
Botswana,2024-07,24.582758620689653,76.2655172413793,0.0,11.655172413793103,9.848275862068967
Botswana,2024-08,26.967741935483872,80.54516129032258,0.0,15.612903225806452,12.480645161290322
Botswana,2024-09,27.813333333333333,82.06666666666666,0.0003333333333333333,24.8,15.610000000000001
Botswana,2024-10,27.406451612903226,81.3258064516129,0.016774193548387096,26.64516129032258,16.04193548387097
Botswana,2024-11,29.013333333333332,84.21333333333334,0.035666666666666666,36.46666666666667,16.23
Botswana,2024-12,31.809677419354838,89.25806451612904,0.10290322580645163,36.29032258064516,14.32258064516129
Botswana,2025-01,29.393548387096775,84.91612903225807,0.08258064516129032,45.25806451612903,11.251612903225807
Botswana,2025-02,27.900000000000002,82.22142857142856,0.3178571428571429,57.535714285714285,13.4
Botswana,2025-03,26.16774193548387,79.1032258064516,0.02129032258064516,57.41935483870968,12.812903225806451
Botswana,2025-04,21.96333333333333,71.53999999999999,0.008333333333333333,66.5,12.443333333333333
Botswana,2025-05,17.725806451612904,63.90645161290323,0.0,57.70967741935484,10.76774193548387
Botswana,2025-06,14.226666666666667,57.60666666666667,0.0,56.96666666666667,11.493333333333334
Botswana,2025-07,15.251612903225807,59.45483870967742,0.0,52.03225806451613,11.919354838709678
Botswana,2025-08,17.396774193548385,63.31935483870968,0.0,42.806451612903224,13.432258064516128
Botswana,2025-09,21.296666666666667,70.33999999999999,0.0003333333333333333,48.7,16.86
Botswana,2025-10,22.387096774193548,72.29677419354839,0.0064516129032258064,53.096774193548384,16.6
Botswana,2025-11,21.740000000000002,71.12666666666668,0.042333333333333334,72.7,15.363333333333333
Botswana,2025-12,22.35483870967742,72.24193548387096,0.3229032258064516,76.61290322580645,14.829032258064515
Botswana,2026-01,22.98,73.36999999999999,0.011666666666666665,73.46666666666667,13.32
Botswana,2026-02,22.142857142857142,71.85357142857143,0.02428571428571429,74.0,13.432142857142855
Botswana,2026-03,19.98148148148148,67.97037037037038,0.22888888888888892,91.44444444444444,10.95925925925926
Brazil,2024-05,28.276470588235295,82.89999999999999,0.6347058823529411,80.47058823529412,5.658823529411765
Brazil,2024-06,29.413333333333334,84.94,0.08433333333333333,65.76666666666667,6.946666666666667
Brazil,2024-07,28.348275862068967,83.0206896551724,0.0003448275862068966,59.689655172413794,5.7
Brazil,2024-08,28.5258064516129,83.36774193548388,0.000967741935483871,51.74193548387097,5.767741935483872
Brazil,2024-09,27.71333333333333,81.89333333333335,0.023666666666666666,55.96666666666667,5.72
Brazil,2024-10,24.709999999999997,76.48333333333333,0.011666666666666667,67.0,4.056666666666667
Brazil,2024-11,24.944827586206895,76.90344827586206,0.10758620689655173,73.82758620689656,4.189655172413793
Brazil,2024-12,23.57741935483871,74.42903225806452,0.23838709677419354,91.06451612903226,3.9967741935483874
Brazil,2025-01,22.53793103448276,72.5551724137931,0.13448275862068965,94.44827586206897,4.055172413793104
Brazil,2025-02,22.535714285714285,72.55714285714285,0.5571428571428572,96.82142857142857,3.842857142857143
Brazil,2025-03,22.5,72.5,0.39354838709677414,97.87096774193549,4.196774193548387
Brazil,2025-04,22.776666666666664,72.99666666666667,0.3893333333333333,97.36666666666666,4.02
Brazil,2025-05,22.648387096774194,72.76774193548388,0.14290322580645162,96.83870967741936,3.8870967741935485
Brazil,2025-06,22.436666666666667,72.38000000000001,0.11766666666666666,94.46666666666667,4.126666666666667
Brazil,2025-07,22.338709677419356,72.19677419354838,0.09483870967741935,84.19354838709677,3.8451612903225807
Brazil,2025-08,22.674193548387095,72.80645161290323,0.04258064516129032,80.2258064516129,4.306451612903226
Brazil,2025-09,23.733333333333334,74.73,0.10600000000000001,74.53333333333333,4.22
Brazil,2025-10,23.641935483870967,74.5516129032258,0.18,82.12903225806451,3.883870967741936
Brazil,2025-11,24.276666666666664,75.67666666666668,0.15066666666666664,81.5,3.8800000000000003
Brazil,2025-12,23.225806451612904,73.80322580645162,0.3438709677419355,92.61290322580645,3.980645161290323
Brazil,2026-01,22.816666666666666,73.07333333333332,0.27066666666666667,94.96666666666667,3.71
Brazil,2026-02,22.54642857142857,72.58571428571429,0.4992857142857143,97.46428571428571,4.128571428571429
Brazil,2026-03,22.94814814814815,73.30740740740741,0.23222222222222222,94.92592592592592,3.8814814814814813
Brunei Darussalam,2024-05,27.88235294117647,82.18823529411765,1.0011764705882353,95.0,5.31764705882353
Brunei Darussalam,2024-06,26.75862068965517,80.16551724137932,0.6648275862068966,95.3103448275862,5.431034482758621
Brunei Darussalam,2024-07,27.372413793103448,81.26896551724138,0.4303448275862069,88.89655172413794,5.862068965517241
Brunei Darussalam,2024-08,26.864516129032257,80.35483870967742,0.8496774193548388,85.70967741935483,5.841935483870968
Brunei Darussalam,2024-09,29.10666666666667,84.39000000000001,0.31799999999999995,77.9,9.08
Brunei Darussalam,2024-10,28.809677419354838,83.85483870967742,0.4545161290322581,78.96774193548387,10.09032258064516
Brunei Darussalam,2024-11,29.459999999999997,85.02333333333333,0.648,76.7,8.733333333333333
Brunei Darussalam,2024-12,27.75483870967742,81.95806451612903,0.5580645161290323,83.54838709677419,7.16774193548387
Brunei Darussalam,2025-01,27.980645161290322,82.37096774193549,0.48709677419354835,82.61290322580645,8.406451612903227
Brunei Darussalam,2025-02,27.875,82.18214285714285,0.5282142857142856,82.46428571428571,9.778571428571428
Brunei Darussalam,2025-03,28.951612903225808,84.10645161290323,0.46354838709677415,80.45161290322581,10.387096774193548
Brunei Darussalam,2025-04,30.073333333333334,86.13333333333334,0.7433333333333334,74.66666666666667,8.796666666666665
Brunei Darussalam,2025-05,30.93548387096774,87.68387096774192,0.44483870967741934,70.12903225806451,8.496774193548386
Brunei Darussalam,2025-06,31.33,88.39666666666668,0.29566666666666663,65.43333333333334,11.396666666666667
Brunei Darussalam,2025-07,31.603225806451615,88.89354838709677,0.13806451612903223,66.80645161290323,12.748387096774193
Brunei Darussalam,2025-08,30.30322580645161,86.5516129032258,0.46806451612903227,70.54838709677419,10.54516129032258
Brunei Darussalam,2025-09,30.660000000000004,87.18333333333334,0.584,68.6,10.610000000000001
Brunei Darussalam,2025-10,30.44516129032258,86.80645161290323,0.5361290322580645,71.54838709677419,10.067741935483872
Brunei Darussalam,2025-11,30.009999999999998,86.02333333333333,0.526,73.3,9.943333333333333
Brunei Darussalam,2025-12,29.893548387096775,85.80967741935484,0.5293548387096775,74.90322580645162,8.906451612903227
Brunei Darussalam,2026-01,28.743333333333332,83.73333333333333,0.5716666666666667,77.46666666666667,9.919999999999998
Brunei Darussalam,2026-02,29.70357142857143,85.46428571428571,0.36428571428571427,72.78571428571429,10.125
Brunei Darussalam,2026-03,30.56153846153846,87.01153846153846,0.18769230769230769,69.65384615384616,11.773076923076925
Bulgaria,2024-05,20.404,68.72399999999999,0.25920000000000004,58.2,14.924000000000001
Bulgaria,2024-06,29.664102564102567,85.40128205128205,0.48461538461538456,40.0,13.828205128205127
Bulgaria,2024-07,33.65,92.575,0.00017857142857142857,23.982142857142858,13.896428571428572
Bulgaria,2024-08,32.49032258064516,90.4758064516129,0.09096774193548386,26.93548387096774,12.838709677419354
Bulgaria,2024-09,24.246666666666666,75.64833333333333,0.07466666666666667,41.28333333333333,11.803333333333335
Bulgaria,2024-10,17.90806451612903,64.23387096774194,0.027903225806451614,42.46774193548387,8.904838709677419
Bulgaria,2024-11,7.076666666666667,44.74,0.0525,61.61666666666667,8.718333333333334
Bulgaria,2024-12,5.038709677419354,41.067741935483866,0.17225806451612902,75.06451612903226,9.253225806451614
Bulgaria,2025-01,5.47741935483871,41.869354838709675,0.024193548387096774,66.04838709677419,6.141935483870968
Bulgaria,2025-02,2.307142857142857,36.142857142857146,0.03696428571428572,67.0,7.5249999999999995
Bulgaria,2025-03,12.432258064516128,54.38548387096775,0.0982258064516129,54.983870967741936,8.529032258064515
Bulgaria,2025-04,13.95,57.11833333333333,0.08916666666666667,58.983333333333334,11.705
Bulgaria,2025-05,17.7758064516129,63.998387096774195,0.18870967741935485,57.5,12.359677419354838
Bulgaria,2025-06,26.123333333333335,79.03333333333333,0.0175,45.0,9.07
Bulgaria,2025-07,29.30483870967742,84.74838709677418,0.011451612903225807,33.435483870967744,10.508064516129032
Bulgaria,2025-08,25.591666666666665,78.06944444444444,0.01680555555555556,40.333333333333336,10.994444444444445
Bulgaria,2025-09,20.983720930232558,69.78139534883721,0.018488372093023255,51.19767441860465,11.470930232558139
Bulgaria,2025-10,10.876344086021506,51.584946236559134,0.30881720430107523,76.02150537634408,12.04731182795699
Bulgaria,2025-11,7.9911111111111115,46.388888888888886,0.05677777777777778,85.02222222222223,7.236666666666666
Bulgaria,2025-12,2.3164835164835167,36.178021978021974,0.06835164835164836,87.13186813186813,8.285714285714286
Bulgaria,2026-01,-0.3886075949367089,31.299999999999997,0.04329113924050633,89.58227848101266,7.725316455696202
Bulgaria,2026-02,0.9974358974358974,33.79871794871795,0.06807692307692308,89.83333333333333,8.588461538461539
Bulgaria,2026-03,4.525757575757575,40.14242424242424,0.05590909090909091,78.77272727272727,7.266666666666667
Burkina Faso,2024-05,37.57058823529412,99.61764705882354,0.013529411764705884,39.1764705882353,11.394117647058822
Burkina Faso,2024-06,35.61333333333334,96.10666666666665,0.0,42.86666666666667,13.496666666666666
Burkina Faso,2024-07,31.139285714285712,88.06071428571428,0.3842857142857143,61.57142857142857,16.389285714285712
Burkina Faso,2024-08,29.103225806451615,84.37096774193549,0.1964516129032258,67.12903225806451,18.62258064516129
Burkina Faso,2024-09,29.23,84.62666666666668,0.19466666666666665,68.5,13.18
Burkina Faso,2024-10,29.44193548387097,85.00322580645161,0.04,63.12903225806452,11.974193548387097
Burkina Faso,2024-11,27.416666666666668,81.35333333333332,0.0,30.366666666666667,18.09
Burkina Faso,2024-12,28.38064516129032,83.09354838709677,0.0,16.70967741935484,21.283870967741933
Burkina Faso,2025-01,28.17096774193548,82.70322580645161,0.0,17.06451612903226,22.641935483870967
Burkina Faso,2025-02,29.482142857142858,85.06785714285715,0.0,17.25,21.935714285714287
Burkina Faso,2025-03,33.400000000000006,92.12903225806451,0.0,36.903225806451616,14.793548387096775
Burkina Faso,2025-04,32.52,90.53999999999999,0.0,45.63333333333333,14.46
Burkina Faso,2025-05,30.593548387096774,87.0741935483871,0.0,58.61290322580645,18.780645161290323
Burkina Faso,2025-06,28.6,83.47333333333333,0.001,69.2,17.58
Burkina Faso,2025-07,26.34193548387097,79.41935483870968,0.01096774193548387,84.12903225806451,17.812903225806455
Burkina Faso,2025-08,24.529032258064515,76.15806451612903,0.2829032258064516,94.61290322580645,14.932258064516128
Burkina Faso,2025-09,24.62,76.31,0.06966666666666667,95.5,12.596666666666666
Burkina Faso,2025-10,25.393548387096775,77.71290322580644,0.0,81.96774193548387,9.580645161290322
Burkina Faso,2025-11,22.93,73.27666666666667,0.0,55.1,10.386666666666667
Burkina Faso,2025-12,22.029032258064515,71.66451612903225,0.0,33.38709677419355,13.161290322580646
Burkina Faso,2026-01,20.063333333333333,68.11,0.0,30.966666666666665,13.913333333333332
Burkina Faso,2026-02,22.214285714285715,71.98571428571428,0.0,22.571428571428573,13.671428571428573
Burkina Faso,2026-03,26.603571428571428,79.88928571428572,0.0,29.928571428571427,10.6
Burundi,2024-05,26.735294117647058,80.11764705882354,0.3729411764705882,60.294117647058826,31.129411764705885
Burundi,2024-06,27.46333333333333,81.43666666666667,0.07166666666666667,50.96666666666667,116.92333333333333
Burundi,2024-07,27.57586206896552,81.63793103448276,0.005517241379310345,43.3448275862069,16.951724137931034
Burundi,2024-08,28.041935483870965,82.48709677419355,0.008064516129032258,43.225806451612904,16.503225806451614
Burundi,2024-09,30.103333333333335,86.18333333333334,0.030000000000000002,44.2,14.026666666666667
Burundi,2024-10,27.816129032258065,82.06129032258065,0.25935483870967746,57.74193548387097,6.838709677419355
Burundi,2024-11,25.81,78.47,0.39466666666666667,68.53333333333333,5.883333333333334
Burundi,2024-12,26.11935483870968,79.00967741935484,0.40096774193548385,67.12903225806451,4.687096774193549
Burundi,2025-01,26.716129032258067,80.09032258064516,0.19709677419354837,62.41935483870968,4.467741935483871
Burundi,2025-02,28.032142857142855,82.46071428571429,0.2125,59.82142857142857,4.367857142857143
Burundi,2025-03,26.190322580645162,79.13870967741936,0.30516129032258066,65.03225806451613,4.987096774193549
Burundi,2025-04,26.003333333333334,78.81333333333333,0.609,68.3,4.1066666666666665
Burundi,2025-05,24.26451612903226,75.66451612903225,0.3696774193548387,69.12903225806451,4.190322580645161
Burundi,2025-06,25.19,77.36333333333333,0.12766666666666668,60.7,4.946666666666667
Burundi,2025-07,23.516129032258064,74.31935483870969,0.034193548387096775,55.354838709677416,5.003225806451613
Burundi,2025-08,25.283870967741933,77.50967741935484,0.014516129032258065,50.0,5.241935483870968
Burundi,2025-09,26.813333333333333,80.27333333333333,0.014666666666666666,47.2,6.116666666666666
Burundi,2025-10,26.845161290322583,80.32903225806452,0.08645161290322581,55.225806451612904,4.938709677419355
Burundi,2025-11,25.39,77.71000000000001,0.16966666666666666,67.36666666666666,4.28
Burundi,2025-12,23.92258064516129,75.05806451612904,0.20612903225806453,74.58064516129032,4.790322580645161
Burundi,2026-01,23.706666666666667,74.66333333333334,0.22566666666666665,78.13333333333334,4.793333333333334
Burundi,2026-02,22.532142857142855,72.55714285714285,0.0975,79.85714285714286,5.492857142857143
Burundi,2026-03,22.110714285714288,71.81785714285715,0.39285714285714285,85.42857142857143,4.689285714285715
Bélgica,2024-07,17.4,63.3,0.12,63.0,22.0
Cambodia,2024-05,30.58823529411765,87.05882352941177,0.5311764705882354,77.88235294117646,6.535294117647059
Cambodia,2024-06,29.35,84.82333333333332,0.09266666666666667,78.73333333333333,8.253333333333334
Cambodia,2024-07,27.693103448275863,81.85172413793103,0.296896551724138,85.44827586206897,11.906896551724138
Cambodia,2024-08,29.812903225806455,85.67096774193548,0.32548387096774195,77.16129032258064,10.725806451612904
Cambodia,2024-09,29.523333333333333,85.14666666666668,0.14500000000000002,85.36666666666666,12.213333333333333
Cambodia,2024-10,30.787096774193547,87.40645161290323,0.33,72.70967741935483,10.067741935483872
Cambodia,2024-11,31.82,89.26,0.07133333333333333,62.233333333333334,13.19
Cambodia,2024-12,29.080645161290324,84.35483870967742,0.08612903225806451,65.19354838709677,13.761290322580646
Cambodia,2025-01,30.486666666666668,86.88000000000001,0.0003333333333333333,49.36666666666667,12.583333333333334
Cambodia,2025-02,33.17857142857143,91.72500000000001,0.08535714285714284,46.25,11.139285714285714
Cambodia,2025-03,34.78387096774193,94.61612903225806,0.028064516129032258,47.87096774193548,13.193548387096774
Cambodia,2025-04,34.486666666666665,94.08999999999999,0.05433333333333334,57.13333333333333,11.823333333333332
Cambodia,2025-05,33.11612903225806,91.6032258064516,0.09193548387096774,69.16129032258064,13.14516129032258
Cambodia,2025-06,32.20666666666667,89.97,0.17466666666666666,73.3,18.823333333333334
Cambodia,2025-07,32.20322580645161,89.97096774193548,0.07870967741935483,73.45161290322581,23.14516129032258
Cambodia,2025-08,32.2,89.97741935483872,0.18258064516129033,72.41935483870968,18.706451612903226
Cambodia,2025-09,30.80666666666667,87.45333333333333,0.2903333333333334,68.0,15.610000000000001
Cambodia,2025-10,31.938709677419357,89.48387096774194,0.25612903225806455,56.32258064516129,13.980645161290322
Cambodia,2025-11,28.90666666666667,84.03333333333333,0.36166666666666664,64.56666666666666,16.779999999999998
Cambodia,2025-12,30.641935483870967,87.16129032258064,0.03193548387096774,50.516129032258064,18.248387096774195
Cambodia,2026-01,31.103333333333335,87.98,0.0026666666666666666,38.166666666666664,13.056666666666667
Cambodia,2026-02,33.42142857142857,92.16071428571429,0.007857142857142856,39.07142857142857,10.5
Cambodia,2026-03,35.05555555555556,95.0851851851852,0.018518518518518517,33.44444444444444,13.414814814814815
Cameroon,2024-05,29.394117647058824,84.90588235294118,0.3252941176470588,62.11764705882353,6.135294117647058
Cameroon,2024-06,24.00357142857143,75.2,0.6635714285714285,74.28571428571429,6.396428571428571
Cameroon,2024-07,24.486206896551725,76.08620689655173,0.5989655172413794,71.62068965517241,8.303448275862069
Cameroon,2024-08,22.651612903225807,72.7709677419355,0.6016129032258064,79.03225806451613,8.138709677419355
Cameroon,2024-09,23.846666666666668,74.93,0.5790000000000001,74.96666666666667,5.296666666666667
Cameroon,2024-10,23.76774193548387,74.7741935483871,0.2806451612903226,71.12903225806451,6.66774193548387
Cameroon,2024-11,25.596666666666668,78.05666666666666,0.0,31.133333333333333,11.473333333333333
Cameroon,2024-12,27.993548387096773,82.38709677419355,0.0,19.903225806451612,12.570967741935483
Cameroon,2025-01,28.1,82.58064516129032,0.0,18.580645161290324,13.109677419354838
Cameroon,2025-02,29.517857142857142,85.13214285714285,0.0,17.285714285714285,11.542857142857143
Cameroon,2025-03,30.35483870967742,86.6516129032258,0.0006451612903225806,24.838709677419356,11.361290322580645
Cameroon,2025-04,27.740000000000002,81.93333333333334,0.004666666666666667,51.86666666666667,7.883333333333334
Cameroon,2025-05,24.845161290322583,76.7258064516129,0.0067741935483870966,69.83870967741936,7.980645161290322
Cameroon,2025-06,23.016666666666666,73.44,0.24400000000000002,80.23333333333333,6.943333333333333
Cameroon,2025-07,21.41290322580645,70.54516129032258,0.533225806451613,88.7741935483871,5.112903225806452
Cameroon,2025-08,22.016129032258064,71.63548387096773,0.3212903225806451,94.16129032258064,5.274193548387097
Cameroon,2025-09,25.12,77.21666666666667,0.4406666666666667,96.13333333333334,4.346666666666667
Cameroon,2025-10,25.419354838709676,77.74838709677418,0.4332258064516129,94.38709677419355,4.116129032258065
Cameroon,2025-11,26.163333333333334,79.09333333333333,0.059666666666666666,94.33333333333333,3.8033333333333332
Cameroon,2025-12,26.048387096774192,78.9,0.08838709677419355,95.83870967741936,3.990322580645161
Cameroon,2026-01,25.913333333333334,78.65,0.11266666666666666,96.76666666666667,4.096666666666667
Cameroon,2026-02,24.935714285714287,76.88571428571429,0.11321428571428571,96.75,4.035714285714286
Cameroon,2026-03,25.375,77.675,0.11785714285714285,97.28571428571429,4.421428571428572
Canada,2024-05,17.41176470588235,63.34117647058823,0.04647058823529412,69.52941176470588,12.558823529411764
Canada,2024-06,19.173333333333336,66.51666666666667,0.246,74.26666666666667,13.116666666666667
Canada,2024-07,19.87241379310345,67.78275862068966,0.0203448275862069,86.48275862068965,10.068965517241379
Canada,2024-08,16.990322580645163,62.58387096774193,0.5019354838709678,91.74193548387096,10.412903225806453
Canada,2024-09,13.283333333333333,55.913333333333334,0.2846666666666666,96.96666666666667,9.273333333333333
Canada,2024-10,7.29,45.10666666666667,0.0033333333333333335,85.9,9.686666666666667
Canada,2024-11,2.3586206896551727,36.23793103448276,0.0,85.3103448275862,13.424137931034483
Canada,2024-12,-4.919354838709677,23.154838709677417,0.40838709677419355,88.25806451612904,10.683870967741935
Canada,2025-01,-9.953333333333335,14.09,0.042333333333333334,77.9,14.120000000000001
Canada,2025-02,-11.153571428571428,11.932142857142859,0.24535714285714286,79.42857142857143,13.132142857142856
Canada,2025-03,-3.454838709677419,25.77741935483871,0.13838709677419356,79.41935483870968,12.05483870967742
Canada,2025-04,2.1766666666666667,35.919999999999995,0.48466666666666663,79.63333333333334,12.166666666666666
Canada,2025-05,9.635483870967741,49.34516129032258,0.19774193548387095,89.41935483870968,10.306451612903226
Canada,2025-06,15.216666666666667,59.39666666666667,0.19633333333333336,89.63333333333334,10.93
Canada,2025-07,18.429032258064513,65.1741935483871,0.0,94.09677419354838,7.193548387096774
Canada,2025-08,15.893548387096773,60.60645161290322,0.05258064516129032,85.74193548387096,8.225806451612904
Canada,2025-09,12.353333333333333,54.233333333333334,0.0,85.2,7.016666666666667
Canada,2025-10,7.6,45.68064516129032,0.07419354838709677,80.06451612903226,8.95483870967742
Canada,2025-11,-0.36999999999999994,31.333333333333332,0.042333333333333334,86.1,12.646666666666667
Canada,2025-12,-9.154838709677419,15.529032258064515,0.09774193548387097,78.03225806451613,14.793548387096775
Canada,2026-01,-11.283333333333333,11.693333333333333,0.07133333333333333,77.7,13.370000000000001
Canada,2026-02,-9.839285714285714,14.289285714285715,0.05142857142857143,74.89285714285714,10.228571428571428
Canada,2026-03,-3.257142857142857,26.13214285714286,0.13428571428571429,75.71428571428571,12.310714285714285
Cape Verde,2024-05,27.294117647058822,81.12941176470588,0.0,53.35294117647059,33.30588235294118
Cape Verde,2024-06,27.476666666666667,81.45666666666666,0.0003333333333333333,57.266666666666666,28.61
Cape Verde,2024-07,27.179310344827588,80.91034482758621,0.011724137931034483,70.06896551724138,18.686206896551724
Cape Verde,2024-08,28.338709677419356,83.01612903225806,0.016451612903225808,69.51612903225806,16.274193548387096
Cape Verde,2024-09,28.126666666666665,82.62666666666668,0.13366666666666666,75.36666666666666,19.029999999999998
Cape Verde,2024-10,26.458064516129035,79.62258064516129,0.000967741935483871,80.87096774193549,15.296774193548387
Cape Verde,2024-11,24.310000000000002,75.76333333333334,0.0,70.7,18.083333333333332
Cape Verde,2024-12,24.783870967741933,76.6,0.0016129032258064516,64.58064516129032,21.041935483870965
Cape Verde,2025-01,23.070967741935487,73.53548387096774,0.0006451612903225806,64.3225806451613,26.36774193548387
Cape Verde,2025-02,21.392857142857142,70.51785714285714,0.0,63.82142857142857,28.614285714285717
Cape Verde,2025-03,20.719354838709677,69.29677419354839,0.0,72.19354838709677,25.809677419354838
Cape Verde,2025-04,22.296666666666667,72.14333333333335,0.0003333333333333333,68.66666666666667,22.55
Cape Verde,2025-05,23.051612903225806,73.49032258064516,0.0025806451612903226,68.12903225806451,21.825806451612905
Cape Verde,2025-06,23.34333333333333,74.01666666666667,0.0006666666666666666,74.4,18.43
Cape Verde,2025-07,24.509677419354837,76.10322580645162,0.004193548387096774,77.90322580645162,11.596774193548388
Cape Verde,2025-08,25.13225806451613,77.24516129032257,0.01967741935483871,84.29032258064517,10.490322580645161
Cape Verde,2025-09,25.736666666666668,78.33333333333333,0.036333333333333336,82.96666666666667,12.573333333333332
Cape Verde,2025-10,25.177419354838708,77.3258064516129,0.0022580645161290325,81.90322580645162,15.393548387096773
Cape Verde,2025-11,23.959999999999997,75.13666666666667,0.04,79.7,16.313333333333336
Cape Verde,2025-12,21.548387096774192,70.79354838709678,0.02064516129032258,72.16129032258064,23.961290322580645
Cape Verde,2026-01,20.666666666666668,69.2,0.0006666666666666666,67.93333333333334,25.676666666666666
Cape Verde,2026-02,20.360714285714288,68.65714285714286,0.0,61.642857142857146,21.864285714285717
Cape Verde,2026-03,19.692592592592593,67.45185185185186,0.00037037037037037035,72.14814814814815,20.57777777777778
Central African Republic,2024-05,32.62352941176471,90.72941176470589,0.06823529411764706,56.411764705882355,8.858823529411765
Central African Republic,2024-06,32.2,89.96333333333334,0.008333333333333333,55.63333333333333,6.786666666666666
Central African Republic,2024-07,31.50714285714286,88.71071428571429,0.08821428571428572,56.57142857142857,6.0928571428571425
Central African Republic,2024-08,30.729032258064517,87.31290322580645,0.1870967741935484,56.41935483870968,6.199999999999999
Central African Republic,2024-09,29.623333333333335,85.32666666666667,0.5196666666666667,66.96666666666667,6.876666666666667
Central African Republic,2024-10,27.006451612903227,80.62258064516129,0.5732258064516129,77.2258064516129,4.816129032258065
Central African Republic,2024-11,28.81,83.85333333333332,0.018000000000000002,56.96666666666667,5.963333333333334
Central African Republic,2024-12,35.08709677419355,95.15806451612903,0.0,19.516129032258064,9.796774193548387
Central African Republic,2025-01,33.067741935483866,91.51290322580645,0.0,34.45161290322581,9.625806451612902
Central African Republic,2025-02,31.785714285714285,89.21785714285714,0.0,51.857142857142854,7.5928571428571425
Central African Republic,2025-03,30.970967741935485,87.74838709677418,0.0,60.87096774193548,8.303225806451612
Central African Republic,2025-04,28.683333333333334,83.63333333333334,0.008333333333333333,70.4,7.36
Central African Republic,2025-05,27.76451612903226,81.98387096774194,0.08967741935483871,74.7741935483871,7.406451612903226
Central African Republic,2025-06,27.02,80.63333333333334,0.018000000000000002,77.1,5.506666666666666
Central African Republic,2025-07,25.338709677419356,77.60967741935484,0.33096774193548384,86.38709677419355,4.680645161290323
Central African Republic,2025-08,25.238709677419354,77.43548387096774,0.25612903225806455,85.54838709677419,4.725806451612903
Central African Republic,2025-09,25.476666666666667,77.85666666666665,0.09466666666666668,83.76666666666667,4.466666666666667
Central African Republic,2025-10,24.635483870967743,76.34193548387097,0.33903225806451615,88.70967741935483,3.893548387096774
Central African Republic,2025-11,25.03666666666667,77.07,0.0,86.23333333333333,4.55
Central African Republic,2025-12,23.883870967741935,74.99354838709678,0.0029032258064516127,85.3225806451613,5.380645161290323
Central African Republic,2026-01,24.063333333333333,75.32,0.0,85.06666666666666,5.253333333333333
Central African Republic,2026-02,23.464285714285715,74.23214285714286,0.02321428571428572,91.07142857142857,5.103571428571429
Central African Republic,2026-03,23.85185185185185,74.93333333333334,0.02111111111111111,90.07407407407408,5.177777777777778
Chad,2024-05,41.63529411764706,106.9470588235294,0.0,19.352941176470587,13.794117647058824
Chad,2024-06,37.78666666666666,100.01666666666667,0.010000000000000002,35.5,13.233333333333333
Chad,2024-07,31.655172413793103,88.97586206896553,0.16482758620689655,57.724137931034484,13.06551724137931
Chad,2024-08,28.87741935483871,83.99032258064516,0.33774193548387094,71.19354838709677,17.129032258064516
Chad,2024-09,30.08,86.15333333333334,0.3043333333333333,71.6,12.153333333333334
Chad,2024-10,31.43548387096774,88.59354838709677,0.0,48.67741935483871,14.422580645161291
Chad,2024-11,28.293333333333333,82.93,0.0,21.133333333333333,23.10666666666667
Chad,2024-12,28.280645161290323,82.9,0.0,17.29032258064516,19.164516129032258
Chad,2025-01,29.519354838709678,85.14193548387097,0.0,16.032258064516128,20.783870967741933
Chad,2025-02,31.075,87.93214285714285,0.0,12.035714285714286,19.678571428571427
Chad,2025-03,35.34193548387096,95.61290322580645,0.0,9.935483870967742,23.56451612903226
Chad,2025-04,36.236666666666665,97.21666666666667,0.0,15.766666666666667,21.273333333333333
Chad,2025-05,35.251612903225805,95.46129032258065,0.0,32.354838709677416,16.690322580645162
Chad,2025-06,32.1,89.77333333333333,0.0,50.7,14.639999999999999
Chad,2025-07,27.56451612903226,81.61290322580645,0.028709677419354835,77.0,14.96774193548387
Chad,2025-08,26.112903225806452,79.00645161290322,0.1267741935483871,86.64516129032258,14.541935483870969
Chad,2025-09,27.15,80.86999999999999,0.003333333333333333,87.56666666666666,12.003333333333334
Chad,2025-10,28.258064516129032,82.86774193548388,0.0,56.774193548387096,12.964516129032257
Chad,2025-11,25.723333333333336,78.30333333333333,0.0,26.633333333333333,19.56
Chad,2025-12,21.16774193548387,70.1032258064516,0.0,34.0,16.441935483870967
Chad,2026-01,20.41,68.73666666666666,0.0,25.133333333333333,16.653333333333332
Chad,2026-02,20.707142857142856,69.27857142857142,0.0,23.892857142857142,14.392857142857142
Chad,2026-03,23.157142857142855,73.68571428571428,0.0,23.785714285714285,14.125
Chile,2024-05,6.882352941176471,44.38823529411765,0.13529411764705881,85.23529411764706,7.847058823529412
Chile,2024-06,7.8133333333333335,46.07,0.3436666666666667,86.1,6.793333333333333
Chile,2024-07,4.231034482758621,39.62758620689655,0.0,73.24137931034483,4.8
Chile,2024-08,5.583870967741936,42.04516129032258,0.05806451612903226,77.51612903225806,5.712903225806452
Chile,2024-09,7.716666666666667,45.9,0.006,82.66666666666667,5.296666666666667
Chile,2024-10,10.893333333333334,51.61333333333334,0.173,81.5,3.8666666666666667
Chile,2024-11,12.817241379310344,55.08965517241379,0.0,65.93103448275862,3.613793103448276
Chile,2024-12,17.94516129032258,64.30645161290323,0.0,46.354838709677416,4.203225806451614
Chile,2025-01,16.19,61.153333333333336,0.0,62.86666666666667,3.756666666666667
Chile,2025-02,15.742857142857144,60.332142857142856,0.0,62.5,3.6142857142857143
Chile,2025-03,13.66451612903226,56.60322580645161,0.0,75.51612903225806,3.7419354838709675
Chile,2025-04,10.333333333333334,50.593333333333334,0.0,78.9,3.6700000000000004
Chile,2025-05,8.625806451612902,47.53225806451613,0.07419354838709677,88.06451612903226,3.7870967741935484
Chile,2025-06,4.536666666666666,40.166666666666664,0.23166666666666663,91.53333333333333,4.533333333333333
Chile,2025-07,5.490322580645161,41.89032258064516,0.0012903225806451613,90.12903225806451,4.34516129032258
Chile,2025-08,6.919354838709677,44.46451612903226,0.20064516129032256,91.96774193548387,4.880645161290323
Chile,2025-09,8.436666666666666,47.18666666666666,0.015333333333333334,86.96666666666667,4.043333333333333
Chile,2025-10,11.493548387096775,52.68709677419355,0.01129032258064516,76.0,3.8
Chile,2025-11,13.113333333333333,55.61,0.0,75.16666666666667,3.6733333333333333
Chile,2025-12,16.24838709677419,61.251612903225805,0.0016129032258064516,68.03225806451613,3.796774193548387
Chile,2026-01,17.706666666666667,63.86666666666667,0.005,67.56666666666666,3.9566666666666666
Chile,2026-02,17.54285714285714,63.57857142857143,0.0,58.17857142857143,4.067857142857143
Chile,2026-03,16.048148148148147,60.88148148148148,0.00962962962962963,64.96296296296296,4.096296296296296
China,2024-05,21.705882352941178,71.07058823529412,0.01,57.88235294117647,11.670588235294119
China,2024-06,27.386206896551727,81.29310344827586,0.08241379310344826,49.93103448275862,10.289655172413791
China,2024-07,27.389655172413796,81.2896551724138,0.3713793103448276,72.96551724137932,10.524137931034483
China,2024-08,26.706451612903226,80.09032258064516,0.3129032258064516,77.58064516129032,6.906451612903226
China,2024-09,22.066666666666666,71.72333333333333,0.008,66.36666666666666,7.506666666666666
China,2024-10,18.06451612903226,64.5225806451613,0.005483870967741936,44.74193548387097,8.474193548387097
China,2024-11,11.786666666666667,53.223333333333336,0.0013333333333333333,42.06666666666667,8.826666666666666
China,2024-12,2.293548387096774,36.13548387096775,0.0003225806451612903,24.516129032258064,9.806451612903226
China,2025-01,0.8161290322580644,33.47741935483871,0.0003225806451612903,28.741935483870968,7.490322580645161
China,2025-02,3.6785714285714284,38.625,0.0014285714285714286,17.607142857142858,10.682142857142859
China,2025-03,14.683870967741935,58.435483870967744,0.0067741935483870966,23.677419354838708,11.619354838709677
China,2025-04,22.083333333333332,71.76,0.07666666666666666,25.4,16.763333333333332
China,2025-05,25.693548387096776,78.24838709677418,0.05903225806451613,40.38709677419355,14.064516129032258
China,2025-06,31.779999999999998,89.21000000000001,0.024333333333333332,40.03333333333333,13.653333333333334
China,2025-07,31.861290322580647,89.35483870967742,0.08225806451612902,61.935483870967744,9.641935483870967
China,2025-08,30.164516129032258,86.29677419354839,0.1938709677419355,65.74193548387096,9.35483870967742
China,2025-09,27.706666666666667,81.88000000000001,0.005666666666666667,47.43333333333333,11.046666666666665
China,2025-10,16.929032258064513,62.4741935483871,0.11064516129032259,52.32258064516129,8.429032258064517
China,2025-11,13.2,55.763333333333335,0.049,27.166666666666668,11.323333333333332
China,2025-12,4.635483870967741,40.33870967741935,0.018709677419354837,28.70967741935484,9.716129032258063
China,2026-01,2.796666666666667,37.03,0.0003333333333333333,26.033333333333335,8.593333333333334
China,2026-02,9.039285714285715,48.271428571428565,0.0,20.428571428571427,10.907142857142857
China,2026-03,13.346153846153847,56.026923076923076,0.015384615384615384,32.96153846153846,9.176923076923076
Colombia,2024-06,13.5,56.3,0.02,80.0,4.7
Comoros,2024-05,25.8,78.46470588235294,0.10470588235294118,77.94117647058823,26.735294117647058
Comoros,2024-06,25.43103448275862,77.7655172413793,0.054137931034482764,75.03448275862068,21.66551724137931
Comoros,2024-07,25.364285714285717,77.64285714285714,0.07357142857142858,69.03571428571429,21.22142857142857
Comoros,2024-08,25.09032258064516,77.14838709677419,0.08548387096774193,70.80645161290323,20.38064516129032
Comoros,2024-09,25.136666666666667,77.24333333333334,0.1953333333333333,75.66666666666667,14.81
Comoros,2024-10,26.4,79.51935483870967,0.18451612903225806,74.45161290322581,14.896774193548387
Comoros,2024-11,26.373333333333335,79.48,0.528,76.66666666666667,10.01
Comoros,2024-12,26.44516129032258,79.59032258064516,0.5058064516129032,75.87096774193549,10.990322580645161
Comoros,2025-01,26.58709677419355,79.84516129032258,0.5529032258064517,79.16129032258064,19.232258064516127
Comoros,2025-02,27.589285714285715,81.64285714285714,0.22785714285714284,75.64285714285714,21.710714285714285
Comoros,2025-03,27.9,82.2258064516129,0.7403225806451613,78.64516129032258,13.212903225806452
Comoros,2025-04,27.863333333333333,82.17666666666668,0.6246666666666667,76.26666666666667,11.913333333333332
Comoros,2025-05,27.661290322580644,81.77741935483871,0.3758064516129032,73.7741935483871,19.86774193548387
Comoros,2025-06,26.5,79.69333333333334,0.08,66.83333333333333,21.15666666666667
Comoros,2025-07,25.251612903225805,77.43870967741935,0.03806451612903226,67.35483870967742,23.625806451612902
Comoros,2025-08,25.1,77.19032258064516,0.05096774193548387,66.3225806451613,19.738709677419354
Comoros,2025-09,25.563333333333333,78.00666666666666,0.066,70.4,15.676666666666668
Comoros,2025-10,25.806451612903224,78.46129032258065,0.1638709677419355,72.12903225806451,13.716129032258063
Comoros,2025-11,25.736666666666668,78.32,0.29233333333333333,75.2,9.863333333333333
Comoros,2025-12,25.60967741935484,78.09032258064516,0.2967741935483871,73.87096774193549,11.119354838709677
Comoros,2026-01,26.636666666666667,79.94333333333334,0.36200000000000004,75.7,19.52
Comoros,2026-02,29.085714285714285,84.35357142857143,0.08285714285714285,72.75,10.678571428571429
Comoros,2026-03,29.0962962962963,84.3851851851852,0.2659259259259259,73.07407407407408,5.807407407407408
Congo,2024-05,31.68823529411765,89.02941176470588,0.00823529411764706,58.1764705882353,9.011764705882353
Congo,2024-06,31.75172413793103,89.16206896551724,0.0003448275862068966,48.275862068965516,7.772413793103448
Congo,2024-07,30.620689655172413,87.11724137931034,0.0,47.793103448275865,9.10344827586207
Congo,2024-08,31.89032258064516,89.41290322580646,0.0,42.29032258064516,11.061290322580644
Congo,2024-09,28.716666666666665,83.69666666666667,0.016,62.06666666666667,8.76
Congo,2024-10,28.06451612903226,82.51935483870967,0.35064516129032264,69.06451612903226,8.087096774193547
Congo,2024-11,27.113333333333333,80.81,0.4613333333333333,76.16666666666667,4.85
Congo,2024-12,29.270967741935483,84.69032258064516,0.3754838709677419,67.90322580645162,4.829032258064516
Congo,2025-01,28.335483870967742,83.0,0.12741935483870967,70.03225806451613,6.535483870967742
Congo,2025-02,27.582142857142856,81.66071428571429,0.046785714285714285,74.67857142857143,5.439285714285715
Congo,2025-03,27.641935483870967,81.75483870967743,0.6612903225806451,75.03225806451613,6.390322580645161
Congo,2025-04,26.970000000000002,80.55,0.13066666666666665,79.43333333333334,5.086666666666667
Congo,2025-05,25.97741935483871,78.75806451612904,0.10870967741935485,83.16129032258064,4.661290322580645
Congo,2025-06,25.220000000000002,77.4,0.0,79.96666666666667,6.656666666666666
Congo,2025-07,22.6,72.68387096774192,0.0,78.61290322580645,8.345161290322581
Congo,2025-08,21.903225806451612,71.43225806451613,0.0,75.80645161290323,9.5
Congo,2025-09,24.273333333333333,75.69666666666667,0.029,74.33333333333333,9.9
Congo,2025-10,25.070967741935487,77.13548387096773,0.11774193548387096,77.48387096774194,7.448387096774193
Congo,2025-11,24.436666666666667,75.98333333333333,0.391,87.23333333333333,4.433333333333334
Congo,2025-12,24.532258064516128,76.15806451612903,0.043548387096774194,87.3225806451613,4.441935483870968
Congo,2026-01,24.086666666666666,75.36,0.026333333333333334,89.66666666666667,5.77
Congo,2026-02,23.82857142857143,74.88928571428572,0.14214285714285715,88.89285714285714,4.4035714285714285
Congo,2026-03,23.930769230769233,75.08846153846153,0.11615384615384615,88.3076923076923,3.9346153846153844
Costa Rica,2024-05,23.705882352941178,74.67058823529412,0.18705882352941178,75.23529411764706,10.464705882352941
Costa Rica,2024-06,22.024137931034485,71.64482758620689,0.13103448275862067,83.06896551724138,7.5344827586206895
Costa Rica,2024-07,19.02857142857143,66.24642857142858,0.11071428571428572,91.0,7.960714285714286
Costa Rica,2024-08,18.448387096774194,65.20322580645161,0.018064516129032256,87.3225806451613,9.041935483870969
Costa Rica,2024-09,20.873333333333335,69.57,0.153,88.9,6.0633333333333335
Costa Rica,2024-10,15.623333333333333,60.13333333333333,0.22166666666666668,96.13333333333334,4.8
Costa Rica,2024-11,15.058620689655172,59.106896551724134,0.47758620689655173,98.13793103448276,4.458620689655173
Costa Rica,2024-12,13.62258064516129,56.519354838709674,0.13612903225806453,94.6774193548387,8.190322580645162
Costa Rica,2025-01,18.886666666666667,65.99666666666667,0.007333333333333334,77.66666666666667,9.073333333333332
Costa Rica,2025-02,21.035714285714285,69.87142857142858,0.004285714285714286,69.67857142857143,9.014285714285714
Costa Rica,2025-03,20.638709677419357,69.15483870967742,0.000967741935483871,71.41935483870968,8.02258064516129
Costa Rica,2025-04,21.346666666666668,70.43,0.03733333333333333,72.6,7.623333333333333
Costa Rica,2025-05,21.396666666666665,70.51333333333334,0.04566666666666667,87.36666666666666,5.363333333333333
Costa Rica,2025-06,20.733333333333334,69.33,0.09533333333333333,90.5,5.003333333333333
Costa Rica,2025-07,21.66774193548387,71.00322580645161,0.38838709677419353,80.58064516129032,6.829032258064517
Costa Rica,2025-08,21.05806451612903,69.91290322580646,0.021612903225806453,84.2258064516129,6.116129032258065
Costa Rica,2025-09,20.45,68.81,0.028666666666666667,92.46666666666667,4.983333333333333
Costa Rica,2025-10,19.951612903225808,67.91935483870968,0.16483870967741937,93.61290322580645,4.074193548387097
Costa Rica,2025-11,21.186666666666667,70.14333333333335,0.1683333333333333,81.73333333333333,6.946666666666667
Costa Rica,2025-12,20.725806451612904,69.30645161290323,0.0016129032258064516,78.38709677419355,7.858064516129032
Costa Rica,2026-01,20.613793103448273,69.10000000000001,0.016206896551724137,70.75862068965517,8.924137931034483
Costa Rica,2026-02,20.571428571428573,69.03571428571429,0.11,73.67857142857143,9.717857142857143
Costa Rica,2026-03,14.807407407407409,58.67777777777778,0.002962962962962963,88.0,8.222222222222221
Cote d'Ivoire,2025-08,22.436363636363637,72.39999999999999,0.028181818181818183,89.27272727272727,6.9363636363636365
Cote d'Ivoire,2025-09,22.78666666666667,73.02333333333333,0.09466666666666666,92.6,5.739999999999999
Cote d'Ivoire,2025-10,23.14516129032258,73.66451612903225,0.039999999999999994,94.80645161290323,4.648387096774194
Cote d'Ivoire,2025-11,22.633333333333333,72.74,0.013333333333333334,92.8,4.306666666666667
Cote d'Ivoire,2025-12,22.80322580645161,73.04193548387097,0.008387096774193548,91.16129032258064,4.170967741935484
Cote d'Ivoire,2026-01,22.57,72.64,0.001,86.7,4.19
Cote d'Ivoire,2026-02,22.978571428571428,73.35714285714286,0.0,88.60714285714286,4.675
Cote d'Ivoire,2026-03,23.44074074074074,74.2074074074074,0.0,93.18518518518519,5.174074074074074
Croatia,2024-05,22.058823529411764,71.70588235294117,0.3758823529411765,61.05882352941177,9.758823529411766
Croatia,2024-06,26.96896551724138,80.54137931034482,0.02413793103448276,51.13793103448276,10.020689655172415
Croatia,2024-07,31.289285714285715,88.32142857142857,0.015357142857142857,40.25,7.703571428571428
Croatia,2024-08,32.274193548387096,90.1,0.01096774193548387,38.67741935483871,5.864516129032259
Croatia,2024-09,21.783333333333335,71.21333333333334,0.5203333333333334,61.233333333333334,9.383333333333333
Croatia,2024-10,15.922580645161291,60.66129032258065,0.07387096774193548,72.70967741935483,6.945161290322581
Croatia,2024-11,7.403333333333333,45.32666666666667,0.19833333333333333,76.6,6.886666666666667
Croatia,2024-12,4.429032258064517,39.987096774193546,0.005806451612903225,77.64516129032258,7.945161290322581
Croatia,2025-01,5.425806451612903,41.774193548387096,0.05483870967741936,78.96774193548387,9.890322580645162
Croatia,2025-02,3.935714285714286,39.089285714285715,0.09357142857142856,71.92857142857143,5.778571428571429
Croatia,2025-03,10.438709677419356,50.79677419354839,0.12290322580645162,66.19354838709677,8.438709677419356
Croatia,2025-04,15.26,59.46333333333334,0.059666666666666666,60.43333333333333,9.706666666666667
Croatia,2025-05,17.506451612903227,63.516129032258064,0.20935483870967742,61.0,7.861290322580645
Croatia,2025-06,25.723333333333336,78.30333333333333,0.0033333333333333335,49.03333333333333,9.706666666666667
Croatia,2025-07,24.561290322580643,76.20322580645161,0.15677419354838712,56.87096774193548,7.303225806451613
Croatia,2025-08,22.89032258064516,73.20645161290322,0.04709677419354839,60.774193548387096,6.351612903225806
Croatia,2025-09,18.123333333333335,64.62,0.09233333333333334,78.63333333333334,5.673333333333333
Croatia,2025-10,9.832258064516129,49.7,0.11419354838709678,88.2258064516129,6.82258064516129
Croatia,2025-11,4.253333333333333,39.656666666666666,0.016666666666666666,88.93333333333334,6.2733333333333325
Croatia,2025-12,1.2129032258064516,34.18387096774194,0.05870967741935484,93.45161290322581,4.490322580645161
Croatia,2026-01,-0.5233333333333333,31.06,0.03933333333333333,88.76666666666667,5.843333333333334
Croatia,2026-02,2.742857142857143,36.93928571428571,0.060714285714285714,89.35714285714286,6.257142857142857
Croatia,2026-03,4.134615384615385,39.44615384615384,0.1926923076923077,84.5,7.296153846153846
Cuba,2024-05,28.823529411764707,83.88235294117646,0.0011764705882352942,70.58823529411765,9.811764705882354
Cuba,2024-06,27.73,81.92,0.316,81.6,11.25
Cuba,2024-07,26.882758620689657,80.39310344827587,0.0027586206896551726,87.65517241379311,9.903448275862068
Cuba,2024-08,25.683870967741935,78.2290322580645,0.12258064516129032,91.45161290322581,8.212903225806452
Cuba,2024-09,24.773333333333333,76.58666666666666,0.02333333333333333,97.3,9.216666666666667
Cuba,2024-10,25.366666666666667,77.66333333333334,0.0026666666666666666,90.66666666666667,19.09333333333333
Cuba,2024-11,23.586206896551722,74.46896551724137,0.11275862068965517,86.89655172413794,20.47241379310345
Cuba,2024-12,21.958064516129035,71.50322580645161,0.0,85.3225806451613,20.33225806451613
Cuba,2025-01,18.55666666666667,65.40666666666667,0.0,90.23333333333333,18.876666666666665
Cuba,2025-02,19.42142857142857,66.96071428571429,0.0,97.75,16.55
Cuba,2025-03,18.758064516129032,65.7741935483871,0.0,93.90322580645162,16.799999999999997
Cuba,2025-04,20.273333333333333,68.49666666666667,0.0,93.66666666666667,20.57
Cuba,2025-05,23.58,74.44,0.0,94.26666666666667,13.889999999999999
Cuba,2025-06,23.88,74.98333333333333,0.0,96.5,16.206666666666667
Cuba,2025-07,24.35483870967742,75.83870967741936,0.03967741935483871,98.25806451612904,12.896774193548387
Cuba,2025-08,24.225806451612904,75.60322580645162,0.0,98.64516129032258,11.083870967741936
Cuba,2025-09,24.046666666666667,75.28,0.0,98.13333333333334,11.2
Cuba,2025-10,23.174193548387095,73.73225806451612,0.08129032258064516,98.48387096774194,13.829032258064515
Cuba,2025-11,20.973333333333336,69.75666666666666,0.010666666666666666,91.53333333333333,17.863333333333333
Cuba,2025-12,20.26451612903226,68.48064516129033,0.0,94.48387096774194,15.793548387096775
Cuba,2026-01,17.96333333333333,64.34,0.0,90.9,16.35
Cuba,2026-02,16.84642857142857,62.32142857142857,0.0,84.53571428571429,18.62142857142857
Cuba,2026-03,20.833333333333332,69.50740740740741,0.0,91.88888888888889,18.814814814814813
Cyprus,2024-05,27.058823529411764,80.70588235294117,0.0,52.76470588235294,26.123529411764704
Cyprus,2024-06,36.31666666666667,97.36,0.0,29.966666666666665,19.216666666666665
Cyprus,2024-07,36.089285714285715,96.95357142857142,0.01,33.214285714285715,17.196428571428573
Cyprus,2024-08,35.53225806451613,95.95161290322581,0.0003225806451612903,35.67741935483871,15.474193548387097
Cyprus,2024-09,32.31666666666667,90.18,0.002333333333333333,40.1,14.033333333333333
Cyprus,2024-10,26.47741935483871,79.66451612903225,0.0,42.45161290322581,10.47741935483871
Cyprus,2024-11,20.366666666666667,68.66,0.050333333333333334,54.43333333333333,13.143333333333334
Cyprus,2024-12,17.135483870967743,62.851612903225806,0.0732258064516129,59.70967741935484,12.912903225806453
Cyprus,2025-01,17.574193548387097,63.62580645161291,0.014838709677419355,56.516129032258064,11.790322580645162
Cyprus,2025-02,13.864285714285714,56.975,0.11785714285714285,50.285714285714285,15.414285714285715
Cyprus,2025-03,21.364516129032257,70.46129032258065,0.02870967741935484,41.483870967741936,13.748387096774193
Cyprus,2025-04,22.15666666666667,71.88666666666667,0.096,44.7,13.676666666666668
Cyprus,2025-05,27.419354838709676,81.35483870967742,0.03838709677419355,39.70967741935484,10.325806451612904
Cyprus,2025-06,32.61333333333333,90.70666666666666,0.0003333333333333333,33.4,9.76
Cyprus,2025-07,34.49677419354839,94.09032258064516,0.0,37.645161290322584,9.406451612903227
Cyprus,2025-08,33.39032258064516,92.11612903225806,0.0,42.70967741935484,7.470967741935484
Cyprus,2025-09,29.873333333333335,85.77333333333333,0.0,48.766666666666666,8.12
Cyprus,2025-10,24.596774193548388,76.28064516129032,0.0025806451612903226,54.87096774193548,9.587096774193547
Cyprus,2025-11,21.543333333333333,70.78333333333333,0.0023333333333333335,59.86666666666667,9.623333333333333
Cyprus,2025-12,14.399999999999999,57.91612903225807,0.12870967741935482,75.80645161290323,12.812903225806451
Cyprus,2026-01,11.656666666666666,52.97666666666667,0.052333333333333336,79.26666666666667,13.806666666666667
Cyprus,2026-02,13.157142857142857,55.68571428571429,0.028928571428571432,81.60714285714286,13.65
Cyprus,2026-03,13.810714285714285,56.86071428571428,0.03892857142857143,74.35714285714286,13.74642857142857
Czech Republic,2024-05,18.88235294117647,65.98823529411764,0.12823529411764706,63.23529411764706,13.705882352941176
Czech Republic,2024-06,22.986206896551725,73.38620689655171,0.04517241379310345,52.41379310344828,13.62758620689655
Czech Republic,2024-07,25.044444444444448,77.0851851851852,0.43222222222222223,49.0,11.9
Czech Republic,2024-08,25.94516129032258,78.70967741935483,0.04225806451612903,52.806451612903224,10.46774193548387
Czech Republic,2024-09,19.066666666666666,66.32666666666667,0.11166666666666668,63.6,16.736666666666668
Czech Republic,2024-10,12.490322580645161,54.487096774193546,0.037096774193548385,75.19354838709677,12.051612903225806
Czech Republic,2024-11,5.113333333333333,41.20666666666667,0.0016666666666666668,75.26666666666667,12.513333333333332
Czech Republic,2024-12,3.5161290322580645,38.33870967741935,0.02,75.2258064516129,13.148387096774194
Czech Republic,2025-01,2.2161290322580647,35.987096774193546,0.07161290322580646,82.38709677419355,13.196774193548388
Czech Republic,2025-02,0.6392857142857142,33.15,0.0035714285714285718,74.25,9.428571428571429
Czech Republic,2025-03,7.061290322580645,44.71935483870968,0.07645161290322582,64.29032258064517,9.703225806451613
Czech Republic,2025-04,12.143333333333334,53.85666666666667,0.052333333333333336,64.83333333333333,13.713333333333333
Czech Republic,2025-05,13.94516129032258,57.10967741935484,0.12806451612903227,59.903225806451616,14.248387096774193
Czech Republic,2025-06,20.14,68.25,0.07833333333333334,60.36666666666667,14.133333333333333
Czech Republic,2025-07,20.54516129032258,68.98064516129033,0.06999999999999999,63.67741935483871,13.103225806451613
Czech Republic,2025-08,19.4,66.92258064516129,0.04903225806451613,62.193548387096776,10.696774193548388
Czech Republic,2025-09,14.58,58.24,0.11833333333333335,81.16666666666667,13.403333333333334
Czech Republic,2025-10,8.425806451612903,47.174193548387095,0.04258064516129032,84.7741935483871,14.116129032258065
Czech Republic,2025-11,2.4433333333333334,36.39333333333333,0.06199999999999999,93.36666666666666,9.013333333333332
Czech Republic,2025-12,1.0806451612903225,33.95483870967742,0.00870967741935484,93.25806451612904,9.129032258064516
Czech Republic,2026-01,-2.8466666666666667,26.876666666666665,0.13666666666666666,89.56666666666666,11.036666666666667
Czech Republic,2026-02,0.725,33.31071428571429,0.0625,90.42857142857143,11.928571428571429
Czech Republic,2026-03,2.4107142857142856,36.35,0.01107142857142857,84.17857142857143,7.964285714285714
Democratic Republic of Congo,2024-05,31.664705882352937,89.0,0.006470588235294118,58.23529411764706,8.952941176470588
Democratic Republic of Congo,2024-06,31.46206896551724,88.62758620689655,0.0003448275862068966,49.48275862068966,8.058620689655172
Democratic Republic of Congo,2024-07,30.74285714285714,87.33928571428571,0.0,47.357142857142854,8.971428571428572
Democratic Republic of Congo,2024-08,31.916129032258063,89.44516129032259,0.0,42.096774193548384,11.016129032258064
Democratic Republic of Congo,2024-09,28.716666666666665,83.69666666666667,0.02033333333333333,62.06666666666667,8.8
Democratic Republic of Congo,2024-10,27.86774193548387,82.16451612903225,0.3261290322580645,69.7741935483871,8.074193548387097
Democratic Republic of Congo,2024-11,26.9,80.41000000000001,0.5116666666666666,76.9,4.866666666666666
Democratic Republic of Congo,2024-12,29.032258064516128,84.25806451612904,0.3303225806451613,69.16129032258064,4.812903225806451
Democratic Republic of Congo,2025-01,27.719354838709677,81.88709677419355,0.10129032258064516,72.06451612903226,6.541935483870968
Democratic Republic of Congo,2025-02,27.788888888888888,82.03333333333333,0.044444444444444446,73.81481481481481,5.214814814814815
Democratic Republic of Congo,2025-03,27.75161290322581,81.95483870967742,0.5925806451612905,74.87096774193549,6.300000000000001
Democratic Republic of Congo,2025-04,26.91,80.43666666666667,0.20133333333333334,79.66666666666667,4.8966666666666665
Democratic Republic of Congo,2025-05,25.97741935483871,78.75806451612904,0.10419354838709677,83.16129032258064,4.629032258064516
Democratic Republic of Congo,2025-06,24.990000000000002,76.98666666666666,0.0,80.83333333333333,6.739999999999999
Democratic Republic of Congo,2025-07,22.787096774193547,73.02258064516128,0.0,77.54838709677419,8.187096774193549
Democratic Republic of Congo,2025-08,21.932258064516127,71.48387096774194,0.0,75.64516129032258,9.374193548387098
Democratic Republic of Congo,2025-09,24.273333333333333,75.7,0.025,74.33333333333333,9.886666666666665
Democratic Republic of Congo,2025-10,25.067741935483873,77.12903225806451,0.1296774193548387,77.61290322580645,7.306451612903226
Democratic Republic of Congo,2025-11,24.353333333333335,75.83333333333333,0.3313333333333333,87.36666666666666,4.296666666666667
Democratic Republic of Congo,2025-12,24.538709677419355,76.16774193548386,0.04161290322580645,87.3225806451613,4.341935483870968
Democratic Republic of Congo,2026-01,24.18,75.52,0.036000000000000004,89.33333333333333,5.6
Democratic Republic of Congo,2026-02,23.803571428571427,74.85000000000001,0.1392857142857143,89.10714285714286,4.296428571428572
Democratic Republic of Congo,2026-03,23.657142857142855,74.59642857142856,0.11964285714285715,88.71428571428571,3.8642857142857143
Denmark,2024-05,18.58823529411765,65.45882352941176,0.05529411764705883,62.76470588235294,22.13529411764706
Denmark,2024-06,18.417241379310347,65.15862068965518,0.14965517241379309,63.689655172413794,21.99310344827586
Denmark,2024-07,19.282758620689656,66.70344827586207,0.2424137931034483,66.86206896551724,17.279310344827586
Denmark,2024-08,20.983870967741936,69.76774193548388,0.14322580645161292,60.0,18.606451612903225
Denmark,2024-09,18.563333333333333,65.41666666666667,0.15666666666666668,65.26666666666667,19.60666666666667
Denmark,2024-10,12.341935483870968,54.21935483870968,0.06387096774193549,81.6774193548387,20.55483870967742
Denmark,2024-11,7.0600000000000005,44.70333333333333,0.04666666666666666,83.26666666666667,19.43
Denmark,2024-12,5.741935483870968,42.34516129032258,0.05677419354838709,86.87096774193549,21.925806451612903
Denmark,2025-01,3.541935483870968,38.377419354838715,0.10516129032258065,87.64516129032258,22.677419354838708
Denmark,2025-02,2.292857142857143,36.128571428571426,0.0071428571428571435,83.07142857142857,17.385714285714286
Denmark,2025-03,6.748387096774193,44.148387096774194,0.013225806451612905,74.25806451612904,18.45483870967742
Denmark,2025-04,10.770000000000001,51.39,0.006333333333333334,69.86666666666666,14.403333333333334
Denmark,2025-05,13.138709677419355,55.66129032258065,0.06387096774193549,65.2258064516129,17.925806451612903
Denmark,2025-06,17.146666666666665,62.86333333333334,0.12266666666666667,68.03333333333333,23.566666666666666
Denmark,2025-07,19.69677419354839,67.46129032258065,0.1635483870967742,73.25806451612904,16.329032258064515
Denmark,2025-08,18.316129032258065,64.97419354838709,0.04225806451612903,71.0,16.506451612903227
Denmark,2025-09,16.26,61.266666666666666,0.20199999999999999,80.66666666666667,20.936666666666667
Denmark,2025-10,10.506451612903225,50.903225806451616,0.18870967741935485,86.03225806451613,22.506451612903227
Denmark,2025-11,6.1433333333333335,43.05333333333333,0.029333333333333333,89.03333333333333,19.603333333333335
Denmark,2025-12,5.267741935483871,41.49032258064516,0.01161290322580645,87.74193548387096,19.76451612903226
Denmark,2026-01,-0.19666666666666666,31.64333333333333,0.06566666666666666,83.6,26.423333333333336
Denmark,2026-02,-1.032142857142857,30.150000000000002,0.1325,84.42857142857143,23.07857142857143
Denmark,2026-03,3.7888888888888888,38.829629629629636,0.03185185185185185,84.4074074074074,16.392592592592592
Djibouti,2024-05,34.38235294117647,93.91176470588235,0.0,55.11764705882353,17.105882352941176
Djibouti,2024-06,36.241379310344826,97.22413793103448,0.003793103448275862,49.55172413793103,15.979310344827585
Djibouti,2024-07,37.875,100.17857142857143,0.009285714285714286,40.82142857142857,19.560714285714287
Djibouti,2024-08,35.86129032258064,96.55483870967741,0.31,48.67741935483871,19.65806451612903
Djibouti,2024-09,36.18,97.11,0.006,47.6,15.723333333333333
Djibouti,2024-10,32.483870967741936,90.47096774193548,0.0022580645161290325,58.0,15.616129032258065
Djibouti,2024-11,29.57,85.22333333333333,0.026666666666666665,59.36666666666667,18.273333333333333
Djibouti,2024-12,27.951612903225808,82.30645161290323,0.0025806451612903226,57.61290322580645,19.219354838709677
Djibouti,2025-01,26.677419354838708,80.02258064516128,0.005806451612903225,60.54838709677419,19.374193548387098
Djibouti,2025-02,27.482142857142858,81.47500000000001,0.0060714285714285705,61.92857142857143,18.342857142857145
Djibouti,2025-03,28.641935483870967,83.55483870967741,0.01161290322580645,63.67741935483871,19.374193548387098
Djibouti,2025-04,30.77,87.37666666666668,0.001,58.86666666666667,17.653333333333332
Djibouti,2025-05,33.02258064516129,91.43548387096774,0.001935483870967742,51.354838709677416,11.62258064516129
Djibouti,2025-06,36.28666666666666,97.30666666666666,0.0,43.3,11.376666666666667
Djibouti,2025-07,39.987096774193546,103.98387096774194,0.0,34.774193548387096,19.996774193548386
Djibouti,2025-08,35.541935483870965,95.97419354838709,0.04935483870967742,48.903225806451616,17.09032258064516
Djibouti,2025-09,34.016666666666666,93.24333333333334,0.0,52.03333333333333,9.363333333333333
Djibouti,2025-10,30.90967741935484,87.64193548387097,0.0,56.54838709677419,11.725806451612904
Djibouti,2025-11,27.696666666666665,81.86333333333333,0.015333333333333332,57.96666666666667,18.08
Djibouti,2025-12,25.606451612903225,78.1032258064516,0.046129032258064515,63.54838709677419,18.258064516129032
Djibouti,2026-01,24.98,76.98666666666666,0.018000000000000002,62.43333333333333,19.71333333333333
Djibouti,2026-02,24.857142857142858,76.74642857142858,0.013571428571428571,65.0,15.296428571428573
Djibouti,2026-03,26.41111111111111,79.53333333333333,0.04888888888888889,73.51851851851852,15.92962962962963
Dominica,2024-05,30.352941176470587,86.64117647058823,0.15941176470588236,67.0,9.023529411764706
Dominica,2024-06,30.013333333333332,86.01666666666667,0.20299999999999999,68.53333333333333,10.863333333333333
Dominica,2024-07,28.710714285714285,83.675,0.1457142857142857,76.21428571428571,10.260714285714286
Dominica,2024-08,28.216129032258067,82.78709677419356,0.20903225806451614,81.38709677419355,13.5
Dominica,2024-09,27.216666666666665,81.00666666666666,0.12933333333333333,88.4,10.403333333333334
Dominica,2024-10,27.799999999999997,82.04838709677419,0.07225806451612904,76.87096774193549,13.77741935483871
Dominica,2024-11,27.2551724137931,81.05862068965517,0.1417241379310345,78.37931034482759,14.455172413793104
Dominica,2024-12,25.05483870967742,77.09677419354838,0.13838709677419356,85.0,17.061290322580643
Dominica,2025-01,24.603333333333335,76.29333333333334,0.074,83.4,20.4
Dominica,2025-02,24.775000000000002,76.60000000000001,0.1382142857142857,79.25,25.282142857142855
Dominica,2025-03,25.312903225806455,77.56129032258065,0.10451612903225807,75.35483870967742,17.82903225806452
Dominica,2025-04,25.483333333333334,77.88333333333334,0.10666666666666667,77.03333333333333,18.94
Dominica,2025-05,26.338709677419356,79.40322580645162,0.19096774193548388,79.90322580645162,17.835483870967742
Dominica,2025-06,26.476666666666667,79.65666666666667,0.10466666666666667,78.2,23.863333333333333
Dominica,2025-07,26.751612903225805,80.14838709677419,0.0967741935483871,77.83870967741936,20.009677419354837
Dominica,2025-08,27.312903225806455,81.14838709677419,0.13870967741935483,78.03225806451613,16.893548387096775
Dominica,2025-09,27.56,81.60333333333332,0.09033333333333333,77.06666666666666,14.633333333333333
Dominica,2025-10,27.416129032258063,81.35806451612903,0.18870967741935482,78.09677419354838,16.758064516129032
Dominica,2025-11,26.373333333333335,79.46333333333334,0.173,77.1,18.263333333333332
Dominica,2025-12,25.37741935483871,77.6774193548387,0.10161290322580645,75.29032258064517,19.141935483870967
Dominica,2026-01,25.103333333333335,77.18333333333334,0.16766666666666669,76.83333333333333,18.403333333333332
Dominica,2026-02,24.985714285714288,76.97142857142856,0.0525,74.35714285714286,18.00357142857143
Dominica,2026-03,24.853846153846156,76.71538461538461,0.065,73.3076923076923,24.46923076923077
Dominican Republic,2024-05,27.823529411764707,82.08235294117648,0.08,85.11764705882354,11.041176470588235
Dominican Republic,2024-06,28.836666666666666,83.90333333333334,0.08566666666666668,82.83333333333333,9.55
Dominican Republic,2024-07,26.814285714285713,80.28214285714286,0.25357142857142856,88.42857142857143,10.342857142857142
Dominican Republic,2024-08,26.345161290322583,79.4258064516129,0.04064516129032258,89.45161290322581,8.97741935483871
Dominican Republic,2024-09,25.323333333333334,77.58666666666666,0.023,96.3,7.3533333333333335
Dominican Republic,2024-10,25.37,77.66666666666667,0.5850000000000001,94.43333333333334,7.983333333333333
Dominican Republic,2024-11,23.513793103448275,74.32758620689656,0.04068965517241379,97.13793103448276,8.613793103448277
Dominican Republic,2024-12,22.612903225806452,72.70967741935483,0.0,97.61290322580645,11.235483870967743
Dominican Republic,2025-01,21.53666666666667,70.77,0.049666666666666665,96.33333333333333,11.770000000000001
Dominican Republic,2025-02,21.432142857142857,70.56785714285714,0.0,97.60714285714286,11.117857142857144
Dominican Republic,2025-03,21.84193548387097,71.30967741935484,0.5309677419354839,97.70967741935483,9.451612903225806
Dominican Republic,2025-04,22.546666666666667,72.58999999999999,0.12733333333333335,95.76666666666667,11.916666666666666
Dominican Republic,2025-05,23.351612903225806,74.02903225806452,0.7674193548387096,97.70967741935483,9.787096774193548
Dominican Republic,2025-06,23.970000000000002,75.15666666666667,0.12200000000000001,95.7,8.463333333333333
Dominican Republic,2025-07,24.270967741935483,75.69354838709677,0.0,94.74193548387096,8.47741935483871
Dominican Republic,2025-08,25.08709677419355,77.16129032258064,0.0,93.51612903225806,8.941935483870967
Dominican Republic,2025-09,25.14333333333333,77.25666666666666,0.0,93.96666666666667,6.33
Dominican Republic,2025-10,24.65806451612903,76.38387096774194,0.14387096774193547,96.2258064516129,7.087096774193548
Dominican Republic,2025-11,23.476666666666667,74.26,0.0,97.06666666666666,9.206666666666667
Dominican Republic,2025-12,22.393548387096775,72.31290322580645,0.0,96.0,9.851612903225806
Dominican Republic,2026-01,21.813333333333333,71.26666666666667,0.0,96.0,9.673333333333334
Dominican Republic,2026-02,21.75,71.14642857142857,0.0,95.10714285714286,11.292857142857143
Dominican Republic,2026-03,21.88571428571429,71.39285714285714,0.05357142857142857,93.96428571428571,10.196428571428571
Ecuador,2024-05,15.229411764705882,59.41764705882353,0.04058823529411765,67.94117647058823,5.452941176470588
Ecuador,2024-06,13.266666666666667,55.89666666666667,0.022000000000000002,69.23333333333333,5.61
Ecuador,2024-07,10.703448275862069,51.279310344827586,0.0006896551724137932,72.20689655172414,7.241379310344827
Ecuador,2024-08,9.574193548387097,49.21290322580645,0.0,69.0,6.551612903225807
Ecuador,2024-09,10.35,50.64666666666667,0.01633333333333333,65.1,6.996666666666667
Ecuador,2024-10,10.76,51.38,0.07,82.26666666666667,4.3
Ecuador,2024-11,10.386206896551723,50.693103448275856,0.060689655172413794,89.34482758620689,3.8551724137931034
Ecuador,2024-12,10.316129032258065,50.5516129032258,0.07838709677419356,91.58064516129032,3.806451612903226
Ecuador,2025-01,9.843333333333334,49.71,0.082,88.03333333333333,4.0
Ecuador,2025-02,10.235714285714286,50.43571428571429,0.14214285714285715,91.71428571428571,3.757142857142857
Ecuador,2025-03,9.873333333333333,49.76,0.1553333333333333,90.63333333333334,3.95
Ecuador,2025-04,10.013333333333332,50.03666666666666,0.044000000000000004,89.16666666666667,4.3533333333333335
Ecuador,2025-05,9.896666666666667,49.806666666666665,0.035333333333333335,87.26666666666667,4.91
Ecuador,2025-06,9.346666666666666,48.84,0.010666666666666666,83.6,5.61
Ecuador,2025-07,9.041935483870969,48.25806451612903,0.01741935483870968,78.0,5.987096774193549
Ecuador,2025-08,9.264516129032257,48.68387096774194,0.0006451612903225806,79.74193548387096,5.341935483870968
Ecuador,2025-09,10.146666666666667,50.266666666666666,0.008,76.26666666666667,5.11
Ecuador,2025-10,10.351612903225806,50.619354838709675,0.10806451612903226,86.87096774193549,3.838709677419355
Ecuador,2025-11,10.626666666666667,51.11,0.277,92.03333333333333,3.6700000000000004
Ecuador,2025-12,10.790322580645162,51.406451612903226,0.08387096774193549,87.80645161290323,3.796774193548387
Ecuador,2026-01,10.886666666666667,51.583333333333336,0.31833333333333336,92.7,3.636666666666667
Ecuador,2026-02,11.203571428571427,52.15714285714286,0.17464285714285713,91.28571428571429,3.7392857142857143
Ecuador,2026-03,11.574074074074074,52.82222222222222,0.14370370370370372,90.77777777777777,3.640740740740741
Egypt,2024-05,33.588235294117645,92.45882352941176,0.0,22.11764705882353,16.947058823529414
Egypt,2024-06,37.84666666666667,100.12333333333332,0.0,21.433333333333334,19.706666666666667
Egypt,2024-07,37.5,99.50357142857142,0.0,25.107142857142858,15.757142857142856
Egypt,2024-08,36.806451612903224,98.25483870967743,0.0,25.419354838709676,15.548387096774194
Egypt,2024-09,32.70666666666667,90.87333333333332,0.0,37.766666666666666,14.993333333333334
Egypt,2024-10,27.903225806451612,82.23548387096774,0.0,38.61290322580645,15.86774193548387
Egypt,2024-11,22.006666666666668,71.60666666666665,0.007,53.4,15.086666666666668
Egypt,2024-12,19.596774193548388,67.26129032258065,0.0,46.29032258064516,16.37741935483871
Egypt,2025-01,19.35483870967742,66.84193548387097,0.0,49.16129032258065,13.806451612903226
Egypt,2025-02,16.87857142857143,62.392857142857146,0.002142857142857143,45.357142857142854,17.70714285714286
Egypt,2025-03,22.812903225806455,73.06451612903226,0.0,37.58064516129032,14.812903225806451
Egypt,2025-04,24.17,75.51666666666667,0.0,35.8,16.706666666666667
Egypt,2025-05,28.43548387096774,83.18064516129031,0.0,31.838709677419356,16.316129032258065
Egypt,2025-06,29.103333333333335,84.38000000000001,0.0,43.333333333333336,12.733333333333333
Egypt,2025-07,32.44193548387097,90.39032258064516,0.0,38.645161290322584,9.774193548387096
Egypt,2025-08,31.03548387096774,87.86774193548388,0.0,45.806451612903224,12.55483870967742
Egypt,2025-09,27.683333333333334,81.83333333333333,0.0,54.3,13.229999999999999
Egypt,2025-10,25.032258064516128,77.06451612903226,0.0,54.645161290322584,14.90967741935484
Egypt,2025-11,21.990000000000002,71.58666666666666,0.0006666666666666666,61.333333333333336,12.416666666666666
Egypt,2025-12,16.164516129032258,61.099999999999994,0.0012903225806451613,59.45161290322581,13.283870967741937
Egypt,2026-01,14.729999999999999,58.519999999999996,0.0,52.0,13.44
Egypt,2026-02,17.232142857142858,63.021428571428565,0.0007142857142857143,47.607142857142854,12.321428571428571
Egypt,2026-03,15.861538461538462,60.55,0.0007692307692307692,55.69230769230769,13.876923076923077
El Salvador,2024-05,26.764705882352942,80.17647058823529,0.049999999999999996,85.88235294117646,5.488235294117647
El Salvador,2024-06,24.127586206896552,75.43448275862069,1.7241379310344827,93.6896551724138,6.210344827586207
El Salvador,2024-07,23.039285714285715,73.46071428571429,0.05071428571428572,95.57142857142857,5.382142857142857
El Salvador,2024-08,21.187096774193545,70.14193548387097,0.09387096774193548,96.58064516129032,4.296774193548386
El Salvador,2024-09,23.57,74.43333333333334,0.13433333333333333,98.36666666666666,3.8233333333333333
El Salvador,2024-10,20.916666666666668,69.64,0.24166666666666667,96.33333333333333,4.416666666666667
El Salvador,2024-11,19.93448275862069,67.87586206896552,0.07172413793103448,95.48275862068965,4.710344827586207
El Salvador,2024-12,19.274193548387096,66.6741935483871,0.0006451612903225806,91.38709677419355,6.374193548387097
El Salvador,2025-01,23.52,74.33999999999999,0.0,77.2,5.816666666666666
El Salvador,2025-02,24.428571428571427,75.97142857142856,0.0032142857142857142,81.53571428571429,5.132142857142857
El Salvador,2025-03,25.038709677419355,77.0741935483871,0.008387096774193548,80.25806451612904,4.367741935483871
El Salvador,2025-04,25.876666666666665,78.57666666666667,0.20433333333333334,75.6,4.836666666666667
El Salvador,2025-05,25.913333333333334,78.64333333333335,0.17566666666666667,89.4,3.8400000000000003
El Salvador,2025-06,24.09,75.36,0.4136666666666667,94.8,3.996666666666667
El Salvador,2025-07,24.370967741935484,75.86451612903227,0.1938709677419355,91.09677419354838,4.719354838709678
El Salvador,2025-08,24.812903225806455,76.65806451612903,0.5038709677419355,91.74193548387096,4.248387096774193
El Salvador,2025-09,24.983333333333334,76.97666666666667,0.776,92.66666666666667,3.9766666666666666
El Salvador,2025-10,24.393548387096775,75.90322580645162,0.48225806451612907,94.7741935483871,3.9741935483870967
El Salvador,2025-11,24.759999999999998,76.56666666666666,0.0023333333333333335,80.96666666666667,5.406666666666666
El Salvador,2025-12,24.641935483870967,76.3483870967742,0.06774193548387097,85.19354838709677,4.990322580645161
El Salvador,2026-01,23.73448275862069,74.72758620689655,0.0,72.06896551724138,5.706896551724138
El Salvador,2026-02,23.86785714285714,74.96071428571429,0.0,62.75,6.378571428571428
El Salvador,2026-03,21.914814814814818,71.44814814814815,0.047407407407407405,76.96296296296296,4.866666666666667
Equatorial Guinea,2024-05,30.076470588235296,86.14117647058823,0.06823529411764706,82.82352941176471,10.823529411764707
Equatorial Guinea,2024-06,28.746666666666666,83.73333333333333,0.9133333333333334,82.86666666666666,11.303333333333335
Equatorial Guinea,2024-07,26.486206896551725,79.67931034482758,0.5689655172413793,87.86206896551724,13.46206896551724
Equatorial Guinea,2024-08,25.251612903225805,77.4258064516129,0.545483870967742,84.93548387096774,11.861290322580645
Equatorial Guinea,2024-09,26.883333333333333,80.37666666666668,0.2986666666666667,87.5,10.253333333333334
Equatorial Guinea,2024-10,25.74516129032258,78.35161290322581,0.6583870967741936,82.61290322580645,7.196774193548387
Equatorial Guinea,2024-11,27.403333333333332,81.32,0.18766666666666668,78.83333333333333,6.03
Equatorial Guinea,2024-12,27.822580645161292,82.0741935483871,0.02935483870967742,72.83870967741936,7.506451612903225
Equatorial Guinea,2025-01,28.687096774193545,83.65483870967742,0.023548387096774193,72.41935483870968,7.106451612903226
Equatorial Guinea,2025-02,31.0,87.81428571428572,0.05678571428571429,72.14285714285714,6.389285714285714
Equatorial Guinea,2025-03,29.361290322580647,84.87096774193549,0.1932258064516129,77.7741935483871,6.683870967741935
Equatorial Guinea,2025-04,29.136666666666667,84.45,0.06933333333333333,82.8,4.966666666666667
Equatorial Guinea,2025-05,28.703225806451613,83.66774193548386,0.18387096774193548,87.16129032258064,5.922580645161291
Equatorial Guinea,2025-06,27.563333333333333,81.61666666666666,0.39966666666666667,87.66666666666667,6.166666666666667
Equatorial Guinea,2025-07,25.938709677419357,78.69677419354838,1.3229032258064515,93.38709677419355,8.764516129032257
Equatorial Guinea,2025-08,25.870967741935484,78.5741935483871,0.2309677419354839,90.6774193548387,8.961290322580645
Equatorial Guinea,2025-09,25.466666666666665,77.84333333333333,1.1026666666666667,95.3,9.08
Equatorial Guinea,2025-10,25.490322580645163,77.89354838709677,0.23419354838709677,95.25806451612904,6.0
Equatorial Guinea,2025-11,26.173333333333336,79.11,0.18233333333333332,96.33333333333333,5.626666666666667
Equatorial Guinea,2025-12,25.97741935483871,78.75483870967743,0.13516129032258065,94.16129032258064,5.851612903225806
Equatorial Guinea,2026-01,25.46333333333333,77.84333333333333,0.04066666666666666,95.36666666666666,6.746666666666667
Equatorial Guinea,2026-02,25.125,77.21785714285714,0.07071428571428572,95.32142857142857,7.496428571428572
Equatorial Guinea,2026-03,25.557142857142857,78.0,0.0667857142857143,93.5,7.039285714285714
Eritrea,2024-05,23.341176470588238,74.0,0.05176470588235295,37.411764705882355,15.617647058823529
Eritrea,2024-06,25.8,78.42666666666668,0.099,29.633333333333333,18.11
Eritrea,2024-07,22.63103448275862,72.7448275862069,0.49689655172413794,49.827586206896555,12.482758620689655
Eritrea,2024-08,20.312903225806455,68.55483870967741,0.7787096774193548,63.83870967741935,11.077419354838709
Eritrea,2024-09,23.816666666666666,74.88000000000001,0.08533333333333333,37.7,17.59
Eritrea,2024-10,22.12258064516129,71.80645161290323,0.14580645161290323,40.32258064516129,16.406451612903226
Eritrea,2024-11,19.736666666666668,67.51333333333334,0.089,61.4,8.243333333333334
Eritrea,2024-12,17.700000000000003,63.86129032258064,0.005161290322580645,53.12903225806452,7.638709677419355
Eritrea,2025-01,18.306451612903224,64.95483870967742,0.005483870967741936,45.0,6.97741935483871
Eritrea,2025-02,19.482142857142858,67.07142857142857,0.04392857142857143,49.035714285714285,7.685714285714285
Eritrea,2025-03,21.229032258064517,70.20322580645161,0.06161290322580645,40.774193548387096,5.838709677419355
Eritrea,2025-04,22.90666666666667,73.22,0.006333333333333333,35.03333333333333,11.806666666666667
Eritrea,2025-05,23.970967741935485,75.14516129032258,0.027741935483870966,30.225806451612904,13.038709677419355
Eritrea,2025-06,25.64333333333333,78.15333333333334,0.004333333333333333,19.333333333333332,15.506666666666666
Eritrea,2025-07,22.629032258064516,72.71935483870968,0.15096774193548387,44.87096774193548,9.125806451612902
Eritrea,2025-08,20.95483870967742,69.73548387096774,0.25548387096774194,57.96774193548387,9.896774193548387
Eritrea,2025-09,23.17,73.70333333333333,0.036333333333333336,40.86666666666667,13.276666666666667
Eritrea,2025-10,20.85483870967742,69.53870967741935,0.05709677419354839,42.58064516129032,12.48709677419355
Eritrea,2025-11,20.966666666666665,69.73666666666666,0.0023333333333333335,52.266666666666666,7.573333333333333
Eritrea,2025-12,19.990322580645163,67.97096774193548,0.0016129032258064516,48.25806451612903,5.658064516129032
Eritrea,2026-01,17.513333333333332,63.54,0.0033333333333333335,51.03333333333333,6.67
Eritrea,2026-02,16.210714285714285,61.175000000000004,0.005,52.892857142857146,6.082142857142857
Eritrea,2026-03,17.367857142857144,63.260714285714286,0.0014285714285714286,43.57142857142857,7.021428571428571
Estonia,2024-05,21.529411764705884,70.75294117647059,0.1252941176470588,43.1764705882353,16.805882352941175
Estonia,2024-06,19.366666666666667,66.85666666666667,0.05,57.03333333333333,17.233333333333334
Estonia,2024-07,20.785714285714285,69.42142857142856,0.22321428571428573,64.5,17.025
Estonia,2024-08,20.80322580645161,69.4483870967742,0.1270967741935484,64.25806451612904,17.80322580645161
Estonia,2024-09,18.720000000000002,65.71,0.092,65.86666666666666,14.763333333333332
Estonia,2024-10,10.567741935483872,51.03548387096774,0.050967741935483875,72.54838709677419,20.77741935483871
Estonia,2024-11,5.0233333333333325,41.05,0.11066666666666666,83.63333333333334,24.383333333333333
Estonia,2024-12,2.0064516129032257,35.60967741935484,0.06999999999999999,83.45161290322581,23.238709677419354
Estonia,2025-01,1.335483870967742,34.406451612903226,0.16580645161290325,85.93548387096774,20.96451612903226
Estonia,2025-02,-1.457142857142857,29.389285714285712,0.011428571428571429,79.35714285714286,14.475
Estonia,2025-03,4.609677419354839,40.29677419354839,0.027741935483870966,69.03225806451613,18.58709677419355
Estonia,2025-04,7.666666666666667,45.79666666666667,0.09433333333333334,63.46666666666667,16.506666666666668
Estonia,2025-05,11.380645161290323,52.480645161290326,0.01838709677419355,55.87096774193548,16.81935483870968
Estonia,2025-06,15.996666666666666,60.79,0.197,64.86666666666666,18.613333333333333
Estonia,2025-07,21.780645161290323,71.19999999999999,0.17419354838709677,68.83870967741936,15.612903225806452
Estonia,2025-08,17.22258064516129,63.00322580645161,0.1593548387096774,70.41935483870968,15.112903225806452
Estonia,2025-09,14.943333333333333,58.9,0.113,80.83333333333333,17.48
Estonia,2025-10,7.109677419354839,44.803225806451614,0.14677419354838708,90.6774193548387,18.58709677419355
Estonia,2025-11,3.8133333333333335,38.87,0.073,91.56666666666666,18.083333333333332
Estonia,2025-12,2.574193548387097,36.648387096774194,0.034193548387096775,88.48387096774194,21.13225806451613
Estonia,2026-01,-8.263333333333334,17.126666666666665,0.04066666666666666,88.46666666666667,17.21333333333333
Estonia,2026-02,-9.082142857142857,15.660714285714286,0.016428571428571428,88.82142857142857,15.62142857142857
Estonia,2026-03,2.4384615384615382,36.38461538461539,0.01576923076923077,87.15384615384616,17.388461538461538
Estonie,2024-07,23.3,73.9,0.0,61.0,16.9
Ethiopia,2024-05,24.41764705882353,75.95882352941176,0.03352941176470588,38.35294117647059,18.476470588235294
Ethiopia,2024-06,22.26206896551724,72.07931034482759,0.5406896551724137,48.51724137931034,23.06551724137931
Ethiopia,2024-07,19.42142857142857,66.96071428571429,0.8496428571428571,66.53571428571429,9.107142857142858
Ethiopia,2024-08,18.5258064516129,65.34516129032258,1.0206451612903227,73.74193548387096,10.90967741935484
Ethiopia,2024-09,20.57,69.02333333333333,0.7213333333333334,60.36666666666667,12.4
Ethiopia,2024-10,19.661290322580644,67.4,0.2854838709677419,59.67741935483871,10.774193548387096
Ethiopia,2024-11,19.526666666666664,67.15,0.058,45.833333333333336,10.51
Ethiopia,2024-12,21.403225806451612,70.51612903225806,0.0,28.161290322580644,12.425806451612903
Ethiopia,2025-01,21.20967741935484,70.18064516129031,0.001935483870967742,33.45161290322581,12.770967741935483
Ethiopia,2025-02,23.042857142857144,73.47500000000001,0.0,28.5,15.553571428571429
Ethiopia,2025-03,22.174193548387095,71.90967741935484,0.0732258064516129,42.903225806451616,13.03225806451613
Ethiopia,2025-04,23.0,73.41000000000001,0.022333333333333334,34.0,10.253333333333334
Ethiopia,2025-05,21.838709677419356,71.31612903225808,0.060000000000000005,48.16129032258065,9.361290322580645
Ethiopia,2025-06,20.596666666666668,69.08333333333333,0.024,56.0,9.406666666666666
Ethiopia,2025-07,17.94516129032258,64.31935483870969,0.5896774193548387,71.3225806451613,6.316129032258065
Ethiopia,2025-08,16.64516129032258,61.96774193548387,0.5929032258064516,77.58064516129032,6.132258064516129
Ethiopia,2025-09,18.029999999999998,64.45,0.36833333333333335,71.63333333333334,6.816666666666666
Ethiopia,2025-10,18.896774193548385,66.02580645161291,0.10096774193548388,51.903225806451616,9.774193548387096
Ethiopia,2025-11,18.183333333333334,64.73,0.001,44.4,10.196666666666665
Ethiopia,2025-12,17.032258064516128,62.66129032258065,0.014838709677419355,55.32258064516129,9.558064516129033
Ethiopia,2026-01,16.163333333333334,61.09666666666667,0.0013333333333333333,47.233333333333334,8.18
Ethiopia,2026-02,17.382142857142856,63.292857142857144,0.0032142857142857142,40.07142857142857,8.107142857142858
Ethiopia,2026-03,16.942857142857143,62.489285714285714,0.1432142857142857,65.35714285714286,7.439285714285715
Fiji Islands,2024-05,24.0,75.2,0.179375,97.8125,16.1
Fiji Islands,2024-06,22.573333333333334,72.64,0.155,93.3,7.053333333333333
Fiji Islands,2024-07,22.63448275862069,72.7344827586207,0.10172413793103448,85.82758620689656,11.279310344827588
Fiji Islands,2024-08,21.625806451612902,70.92903225806452,1.040967741935484,85.19354838709677,11.106451612903227
Fiji Islands,2024-09,22.74516129032258,72.9483870967742,0.1503225806451613,91.12903225806451,10.687096774193549
Fiji Islands,2024-10,23.725806451612904,74.70967741935483,0.36096774193548387,92.48387096774194,11.496774193548386
Fiji Islands,2024-11,24.833333333333332,76.69666666666667,0.30866666666666664,92.86666666666666,12.906666666666666
Fiji Islands,2024-12,25.306451612903224,77.56129032258065,0.08290322580645162,93.51612903225806,9.32258064516129
Fiji Islands,2025-01,25.493548387096773,77.89032258064516,0.6296774193548387,95.29032258064517,9.035483870967742
Fiji Islands,2025-02,26.092857142857145,78.96071428571429,0.41964285714285715,95.0,9.674999999999999
Fiji Islands,2025-03,25.73225806451613,78.31935483870969,0.45612903225806456,95.09677419354838,9.287096774193548
Fiji Islands,2025-04,25.723333333333336,78.31,0.6579999999999999,96.33333333333333,9.796666666666665
Fiji Islands,2025-05,24.870967741935484,76.76451612903226,0.22451612903225807,91.3225806451613,14.825806451612904
Fiji Islands,2025-06,23.75,74.76333333333334,0.15933333333333335,88.8,15.166666666666666
Fiji Islands,2025-07,23.041935483870965,73.48709677419355,0.056129032258064517,87.41935483870968,13.993548387096775
Fiji Islands,2025-08,23.519354838709678,74.33870967741936,0.13032258064516128,86.93548387096774,12.761290322580646
Fiji Islands,2025-09,23.116666666666667,73.6,0.05633333333333333,80.1,15.803333333333335
Fiji Islands,2025-10,24.5258064516129,76.1516129032258,0.21774193548387097,86.38709677419355,15.038709677419355
Fiji Islands,2025-11,25.37,77.65666666666667,0.47833333333333333,91.66666666666667,9.620000000000001
Fiji Islands,2025-12,26.438709677419357,79.59354838709677,0.30838709677419357,86.80645161290323,9.480645161290322
Fiji Islands,2026-01,27.703333333333333,81.86666666666666,0.4906666666666667,85.4,12.833333333333334
Fiji Islands,2026-02,27.82857142857143,82.08928571428571,0.8085714285714286,85.82142857142857,9.053571428571429
Fiji Islands,2026-03,28.314285714285713,82.96071428571429,0.46642857142857147,85.10714285714286,11.528571428571428
Finland,2024-05,22.764705882352942,72.97647058823529,0.03294117647058824,37.529411764705884,17.458823529411767
Finland,2024-06,20.45,68.81333333333333,0.018000000000000002,53.0,20.836666666666666
Finland,2024-07,21.158620689655173,70.09310344827587,0.15137931034482757,64.34482758620689,17.251724137931035
Finland,2024-08,21.125806451612902,70.01935483870967,0.0735483870967742,61.38709677419355,16.55483870967742
Finland,2024-09,17.64,63.75666666666667,0.13033333333333333,70.2,15.45
Finland,2024-10,10.025806451612903,50.03225806451613,0.06225806451612903,78.29032258064517,18.822580645161292
Finland,2024-11,4.09,39.36666666666667,0.09766666666666667,87.1,21.546666666666667
Finland,2024-12,0.9419354838709677,33.70967741935484,0.10935483870967742,88.70967741935483,20.38064516129032
Finland,2025-01,-0.08709677419354832,31.845161290322583,0.18774193548387097,89.6774193548387,19.016129032258064
Finland,2025-02,-2.039285714285714,28.32857142857143,0.007857142857142858,85.42857142857143,14.785714285714286
Finland,2025-03,4.129032258064516,39.435483870967744,0.0035483870967741938,68.48387096774194,17.05483870967742
Finland,2025-04,7.676666666666667,45.81666666666667,0.05466666666666666,59.46666666666667,15.883333333333333
Finland,2025-05,12.141935483870967,53.858064516129026,0.01129032258064516,52.225806451612904,14.761290322580646
Finland,2025-06,16.09,60.96666666666667,0.3313333333333333,66.03333333333333,17.583333333333332
Finland,2025-07,22.73548387096774,72.91935483870968,0.07612903225806451,63.70967741935484,15.248387096774193
Finland,2025-08,17.093548387096774,62.777419354838706,0.07258064516129033,73.19354838709677,14.764516129032257
Finland,2025-09,14.353333333333333,57.84,0.07233333333333333,85.93333333333334,17.283333333333335
Finland,2025-10,7.232258064516128,45.02258064516129,0.045806451612903226,89.93548387096774,18.032258064516128
Finland,2025-11,3.42,38.16,0.11200000000000002,92.96666666666667,17.39333333333333
Finland,2025-12,1.7354838709677418,35.122580645161285,0.05322580645161291,88.38709677419355,18.75483870967742
Finland,2026-01,-9.68,14.576666666666666,0.04133333333333333,88.26666666666667,16.106666666666666
Finland,2026-02,-11.660714285714286,11.017857142857142,0.05142857142857143,88.46428571428571,12.075000000000001
Finland,2026-03,1.8703703703703705,35.385185185185186,0.023703703703703703,88.62962962962963,14.911111111111111
France,2024-05,17.423529411764704,63.36470588235294,0.38,68.76470588235294,12.058823529411764
France,2024-06,21.113333333333333,69.99666666666667,0.182,56.733333333333334,14.623333333333333
France,2024-07,24.268965517241377,75.68275862068967,0.13034482758620689,49.310344827586206,12.555172413793104
France,2024-08,25.80322580645161,78.44516129032259,0.147741935483871,49.193548387096776,13.312903225806451
France,2024-09,18.116666666666667,64.61333333333333,0.016666666666666666,72.53333333333333,16.793333333333333
France,2024-10,14.003225806451614,57.20645161290323,0.162258064516129,87.45161290322581,10.403225806451612
France,2024-11,8.963333333333333,48.14666666666667,0.07166666666666667,87.53333333333333,11.543333333333333
France,2024-12,6.548387096774194,43.777419354838706,0.08774193548387098,85.19354838709677,12.735483870967743
France,2025-01,4.6,40.277419354838706,0.12290322580645162,88.90322580645162,13.180645161290323
France,2025-02,5.514285714285714,41.93214285714286,0.05607142857142857,85.64285714285714,11.285714285714286
France,2025-03,9.348387096774195,48.81935483870968,0.019032258064516132,73.03225806451613,11.670967741935485
France,2025-04,13.853333333333333,56.940000000000005,0.006666666666666667,62.13333333333333,12.786666666666665
France,2025-05,16.493333333333332,61.68666666666666,0.059333333333333335,63.56666666666667,13.013333333333334
France,2025-06,21.403333333333332,70.53333333333333,0.019666666666666666,63.166666666666664,11.783333333333333
France,2025-07,21.070967741935487,69.93870967741935,0.30806451612903224,67.87096774193549,10.774193548387096
France,2025-08,19.825806451612905,67.69354838709677,0.038387096774193545,68.87096774193549,11.193548387096774
France,2025-09,14.806666666666667,58.656666666666666,0.134,83.53333333333333,14.336666666666668
France,2025-10,11.345161290322581,52.41935483870968,0.07741935483870968,87.35483870967742,13.403225806451612
France,2025-11,7.9,46.22,0.012333333333333333,91.36666666666666,11.806666666666667
France,2025-12,6.190322580645161,43.15161290322581,0.11032258064516129,90.74193548387096,12.029032258064515
France,2026-01,4.086666666666667,39.35666666666667,0.12333333333333332,90.9,13.01
France,2026-02,7.353571428571429,45.239285714285714,0.2075,91.32142857142857,14.671428571428573
France,2026-03,6.34074074074074,43.41851851851852,0.012962962962962964,86.55555555555556,10.518518518518519
Gabon,2024-05,29.823529411764707,85.68235294117646,0.21470588235294116,78.0,12.541176470588235
Gabon,2024-06,28.113793103448273,82.6103448275862,0.023448275862068966,72.48275862068965,13.227586206896552
Gabon,2024-07,27.017241379310345,80.65172413793104,0.007586206896551724,71.93103448275862,13.344827586206897
Gabon,2024-08,27.203225806451613,80.95806451612903,0.013870967741935483,69.80645161290323,15.567741935483872
Gabon,2024-09,27.83,82.09666666666666,0.21966666666666665,79.26666666666667,10.389999999999999
Gabon,2024-10,26.12258064516129,79.04193548387097,0.5609677419354839,87.06451612903226,9.13225806451613
Gabon,2024-11,26.816666666666666,80.28666666666666,0.25266666666666665,88.33333333333333,8.753333333333334
Gabon,2024-12,28.98709677419355,84.18064516129031,0.3141935483870968,76.74193548387096,8.02258064516129
Gabon,2025-01,28.929032258064513,84.06774193548387,0.20129032258064516,80.41935483870968,7.503225806451613
Gabon,2025-02,29.3,84.74285714285715,0.43071428571428566,81.46428571428571,7.3500000000000005
Gabon,2025-03,29.23548387096774,84.6258064516129,0.14193548387096774,79.06451612903226,8.083870967741936
Gabon,2025-04,28.69,83.63666666666667,0.098,80.56666666666666,8.046666666666667
Gabon,2025-05,27.296774193548387,81.13225806451612,0.49193548387096775,87.3225806451613,7.719354838709678
Gabon,2025-06,26.57,79.82333333333332,0.09966666666666667,85.8,10.43
Gabon,2025-07,24.483870967741936,76.06774193548387,0.01903225806451613,82.35483870967742,11.564516129032258
Gabon,2025-08,23.97741935483871,75.15483870967742,0.02645161290322581,84.0,11.380645161290323
Gabon,2025-09,24.84333333333333,76.72666666666667,0.10733333333333332,89.16666666666667,9.653333333333332
Gabon,2025-10,25.74516129032258,78.34516129032258,0.3783870967741936,87.06451612903226,8.929032258064517
Gabon,2025-11,25.95,78.71666666666667,0.23666666666666666,88.83333333333333,8.386666666666667
Gabon,2025-12,26.177419354838708,79.11935483870967,0.13741935483870968,89.54838709677419,10.148387096774194
Gabon,2026-01,26.053333333333335,78.9,0.15633333333333332,90.93333333333334,9.396666666666667
Gabon,2026-02,25.157142857142855,77.28214285714286,0.18357142857142855,91.85714285714286,9.02142857142857
Gabon,2026-03,25.58888888888889,78.06296296296296,0.07296296296296297,87.55555555555556,8.718518518518518
Gambia,2024-05,32.8235294117647,91.08235294117648,0.0,47.8235294117647,12.617647058823529
Gambia,2024-06,31.53103448275862,88.74827586206897,0.0003448275862068966,56.172413793103445,12.144827586206896
Gambia,2024-07,29.0,84.20714285714287,0.15071428571428572,75.64285714285714,12.067857142857141
Gambia,2024-08,28.261290322580646,82.87096774193549,0.31483870967741934,78.64516129032258,13.738709677419354
Gambia,2024-09,27.553333333333335,81.60333333333332,0.22566666666666668,83.8,11.58
Gambia,2024-10,27.338709677419356,81.20322580645161,0.7632258064516129,81.54838709677419,15.658064516129032
Gambia,2024-11,25.959999999999997,78.74333333333334,0.0,64.1,16.12333333333333
Gambia,2024-12,25.154838709677417,77.28387096774195,0.0,39.645161290322584,20.14516129032258
Gambia,2025-01,23.84193548387097,74.92258064516129,0.0,31.677419354838708,22.88064516129032
Gambia,2025-02,22.707142857142856,72.875,0.0,38.42857142857143,21.692857142857143
Gambia,2025-03,22.683870967741935,72.8258064516129,0.0,58.38709677419355,17.55806451612903
Gambia,2025-04,23.666666666666668,74.60666666666665,0.0,66.3,14.766666666666667
Gambia,2025-05,24.26451612903226,75.69032258064516,0.05580645161290323,77.80645161290323,10.47741935483871
Gambia,2025-06,26.003333333333334,78.81333333333333,0.001,83.03333333333333,14.496666666666666
Gambia,2025-07,25.9,78.6258064516129,0.28258064516129033,90.25806451612904,19.206451612903226
Gambia,2025-08,25.070967741935487,77.13548387096773,0.9232258064516129,98.03225806451613,15.248387096774193
Gambia,2025-09,24.456666666666667,76.02666666666667,0.11933333333333333,99.6,14.053333333333335
Gambia,2025-10,25.05806451612903,77.11290322580645,0.11451612903225808,96.29032258064517,14.69032258064516
Gambia,2025-11,24.34333333333333,75.82,0.0,79.83333333333333,20.023333333333333
Gambia,2025-12,20.59032258064516,69.06451612903226,0.000967741935483871,53.516129032258064,23.706451612903226
Gambia,2026-01,20.383333333333333,68.69,0.0006666666666666666,51.833333333333336,19.743333333333332
Gambia,2026-02,20.82857142857143,69.48214285714286,0.0,62.5,15.196428571428571
Gambia,2026-03,20.592307692307692,69.06923076923077,0.0,67.1923076923077,20.411538461538463
Georgia,2024-05,20.176470588235293,68.31764705882354,0.011176470588235295,58.64705882352941,12.735294117647058
Georgia,2024-06,28.54137931034483,83.36206896551724,0.05586206896551724,44.10344827586207,18.113793103448273
Georgia,2024-07,30.075,86.14999999999999,0.04714285714285714,42.92857142857143,12.857142857142858
Georgia,2024-08,31.458064516129035,88.62903225806451,0.15870967741935485,35.774193548387096,13.009677419354839
Georgia,2024-09,25.490000000000002,77.88333333333334,0.017666666666666667,46.2,13.42
Georgia,2024-10,17.629032258064516,63.73225806451613,0.04516129032258064,54.645161290322584,9.312903225806451
Georgia,2024-11,11.156666666666666,52.09,0.07566666666666667,59.06666666666667,10.19
Georgia,2024-12,6.935483870967742,44.49032258064516,0.022258064516129033,60.935483870967744,9.606451612903227
Georgia,2025-01,8.706451612903225,47.67741935483871,0.0032258064516129032,51.61290322580645,10.058064516129033
Georgia,2025-02,6.057142857142857,42.90714285714286,0.05142857142857143,53.464285714285715,9.292857142857143
Georgia,2025-03,14.983870967741936,58.97096774193548,0.06193548387096774,42.67741935483871,9.887096774193548
Georgia,2025-04,16.113333333333333,61.013333333333335,0.06966666666666667,58.3,10.436666666666667
Georgia,2025-05,21.738709677419354,71.12903225806451,0.03741935483870967,52.903225806451616,11.035483870967743
Georgia,2025-06,25.456666666666667,77.82333333333332,0.019,44.9,14.213333333333333
Georgia,2025-07,29.503225806451614,85.10645161290323,0.09709677419354838,45.774193548387096,11.880645161290323
Georgia,2025-08,29.716129032258067,85.49677419354839,0.003870967741935484,43.903225806451616,12.296774193548387
Georgia,2025-09,21.323333333333334,70.38666666666667,0.04033333333333333,62.6,10.1
Georgia,2025-10,17.05483870967742,62.70322580645161,0.011935483870967743,61.67741935483871,8.825806451612904
Georgia,2025-11,12.073333333333332,53.723333333333336,0.0,59.86666666666667,5.77
Georgia,2025-12,5.409677419354838,41.74516129032258,0.016774193548387096,75.38709677419355,7.574193548387097
Georgia,2026-01,3.1333333333333333,37.65,0.012666666666666666,70.66666666666667,9.32
Georgia,2026-02,6.460714285714286,43.63214285714286,0.17821428571428571,73.46428571428571,8.753571428571428
Georgia,2026-03,7.592307692307693,45.66923076923077,0.12923076923076923,76.38461538461539,8.923076923076923
Germany,2024-05,22.294117647058822,72.12941176470588,0.22176470588235295,51.470588235294116,17.841176470588238
Germany,2024-06,22.483333333333334,72.47333333333333,0.08033333333333334,51.56666666666667,15.78
Germany,2024-07,24.217241379310344,75.60000000000001,0.04275862068965517,50.03448275862069,14.951724137931036
Germany,2024-08,26.10967741935484,78.99032258064516,0.01935483870967742,44.774193548387096,15.419354838709678
Germany,2024-09,21.146666666666665,70.07333333333332,0.079,56.3,19.946666666666665
Germany,2024-10,13.248387096774193,55.854838709677416,0.03645161290322581,75.09677419354838,14.770967741935483
Germany,2024-11,5.989999999999999,42.78,0.14366666666666666,81.56666666666666,13.8
Germany,2024-12,4.883870967741935,40.777419354838706,0.034516129032258064,81.90322580645162,14.680645161290323
Germany,2025-01,3.829032258064516,38.88709677419355,0.03580645161290323,80.48387096774194,15.796774193548387
Germany,2025-02,2.607142857142857,36.69285714285714,0.008928571428571428,76.07142857142857,11.157142857142857
Germany,2025-03,8.067741935483872,46.519354838709674,0.019677419354838712,63.96774193548387,11.541935483870969
Germany,2025-04,13.483333333333333,56.27333333333333,0.03266666666666666,60.3,12.913333333333332
Germany,2025-05,15.261290322580646,59.46774193548387,0.0632258064516129,56.58064516129032,15.254838709677419
Germany,2025-06,21.246666666666666,70.24666666666667,0.09566666666666666,54.666666666666664,17.086666666666666
Germany,2025-07,20.932258064516127,69.68064516129031,0.2245161290322581,67.25806451612904,13.625806451612902
Germany,2025-08,19.174193548387095,66.50645161290322,0.10290322580645161,70.41935483870968,11.567741935483872
Germany,2025-09,15.416666666666666,59.74666666666666,0.07800000000000001,78.53333333333333,15.469999999999999
Germany,2025-10,9.45483870967742,49.02258064516129,0.04354838709677419,87.19354838709677,16.503225806451614
Germany,2025-11,4.093333333333333,39.36666666666667,0.033666666666666664,91.5,10.686666666666667
Germany,2025-12,2.167741935483871,35.91612903225807,0.034516129032258064,92.7741935483871,11.741935483870968
Germany,2026-01,-3.2066666666666666,26.220000000000002,0.01566666666666667,87.43333333333334,15.043333333333333
Germany,2026-02,-0.65,30.839285714285715,0.105,89.42857142857143,12.74642857142857
Germany,2026-03,3.5555555555555554,38.39259259259259,0.00037037037037037035,83.37037037037037,10.525925925925925
Ghana,2024-05,30.358823529411765,86.63529411764705,0.10470588235294118,72.17647058823529,19.352941176470587
Ghana,2024-06,29.02,84.23333333333333,0.23099999999999998,74.83333333333333,20.34333333333333
Ghana,2024-07,27.055172413793105,80.70689655172414,0.047241379310344826,77.0,21.75862068965517
Ghana,2024-08,26.651612903225807,79.98387096774194,0.03483870967741936,74.70967741935483,23.148387096774194
Ghana,2024-09,28.1,82.58,0.039,72.13333333333334,17.69
Ghana,2024-10,27.238709677419354,81.04193548387097,0.11032258064516129,81.6774193548387,11.609677419354838
Ghana,2024-11,28.323333333333334,82.98333333333333,0.09966666666666665,80.66666666666667,8.366666666666667
Ghana,2024-12,30.203225806451613,86.3741935483871,0.000967741935483871,61.645161290322584,7.229032258064516
Ghana,2025-01,30.096774193548388,86.18064516129031,0.0035483870967741938,69.83870967741936,10.851612903225806
Ghana,2025-02,30.025000000000002,86.05,0.002142857142857143,72.28571428571429,13.585714285714285
Ghana,2025-03,29.219354838709677,84.6,0.00903225806451613,76.25806451612904,16.16774193548387
Ghana,2025-04,28.663333333333334,83.60333333333332,0.007333333333333333,80.26666666666667,14.66
Ghana,2025-05,28.19677419354839,82.74516129032257,0.1767741935483871,82.06451612903226,12.416129032258064
Ghana,2025-06,26.646666666666665,79.97333333333333,0.418,87.03333333333333,12.963333333333333
Ghana,2025-07,25.006451612903227,77.01290322580645,0.05290322580645161,88.35483870967742,15.025806451612903
Ghana,2025-08,24.041935483870965,75.28064516129032,0.022903225806451613,90.54838709677419,14.209677419354838
Ghana,2025-09,24.94333333333333,76.90333333333334,0.037,89.6,12.993333333333334
Ghana,2025-10,25.44516129032258,77.80322580645162,0.10612903225806451,90.12903225806451,11.161290322580646
Ghana,2025-11,25.83,78.49,0.009666666666666667,91.4,10.066666666666666
Ghana,2025-12,25.825806451612905,78.49677419354839,0.032903225806451615,93.64516129032258,11.935483870967742
Ghana,2026-01,26.39333333333333,79.51666666666667,0.015000000000000001,91.03333333333333,11.91
Ghana,2026-02,27.057142857142857,80.70714285714287,0.0017857142857142859,88.46428571428571,13.085714285714285
Ghana,2026-03,27.103571428571428,80.78571428571429,0.03892857142857143,89.32142857142857,15.303571428571429
Greece,2024-05,24.705882352941178,76.47058823529412,0.026470588235294117,44.529411764705884,17.400000000000002
Greece,2024-06,34.02068965517241,93.2448275862069,0.0003448275862068966,26.24137931034483,18.513793103448275
Greece,2024-07,34.91428571428572,94.84642857142856,0.045,26.714285714285715,22.375
Greece,2024-08,34.141935483870974,93.46129032258065,0.024193548387096774,30.548387096774192,18.27741935483871
Greece,2024-09,29.716666666666665,85.49,0.005666666666666666,36.13333333333333,14.59
Greece,2024-10,24.177419354838708,75.52258064516128,0.0,42.38709677419355,15.064516129032258
Greece,2024-11,17.15666666666667,62.89,0.004666666666666667,55.6,14.303333333333335
Greece,2024-12,14.764516129032257,58.57741935483871,0.02,60.12903225806452,13.577419354838709
Greece,2025-01,15.14516129032258,59.26451612903226,0.056451612903225805,64.3225806451613,9.406451612903227
Greece,2025-02,11.674999999999999,53.003571428571426,0.07,61.535714285714285,14.35
Greece,2025-03,17.490322580645163,63.47741935483871,0.01741935483870968,51.29032258064516,13.474193548387097
Greece,2025-04,18.220000000000002,64.79333333333334,0.064,51.233333333333334,13.96
Greece,2025-05,24.316129032258065,75.77741935483871,0.020000000000000004,38.96774193548387,16.151612903225807
Greece,2025-06,31.46206896551724,88.63448275862069,0.0,30.655172413793103,20.78965517241379
Greece,2025-07,34.61,94.3,0.0,25.8,17.293333333333333
Greece,2025-08,30.074193548387097,86.13870967741936,0.0,38.483870967741936,20.56451612903226
Greece,2025-09,26.936666666666667,80.48666666666666,0.0013333333333333333,42.2,16.08
Greece,2025-10,20.26774193548387,68.48387096774194,0.13870967741935483,59.225806451612904,8.329032258064515
Greece,2025-11,17.753333333333334,63.95666666666667,0.14666666666666667,70.53333333333333,12.253333333333334
Greece,2025-12,11.54516129032258,52.78387096774193,0.12645161290322582,76.03225806451613,8.490322580645161
Greece,2026-01,9.796666666666665,49.63,0.151,73.23333333333333,14.006666666666666
Greece,2026-02,10.657142857142857,51.17857142857143,0.055714285714285716,76.67857142857143,11.678571428571429
Greece,2026-03,11.42962962962963,52.58148148148148,0.008888888888888889,64.51851851851852,12.192592592592591
Grenada,2024-05,30.099999999999998,86.18235294117646,0.04352941176470588,73.52941176470588,24.941176470588236
Grenada,2024-06,29.75,85.55,0.2167857142857143,76.92857142857143,22.092857142857145
Grenada,2024-07,28.420689655172417,83.15862068965517,0.33999999999999997,80.62068965517241,20.282758620689656
Grenada,2024-08,28.580645161290324,83.4483870967742,0.4774193548387096,79.58064516129032,14.619354838709677
Grenada,2024-09,28.826666666666664,83.89,0.13666666666666666,82.63333333333334,15.0
Grenada,2024-10,27.654838709677417,81.78064516129032,0.09096774193548386,85.61290322580645,16.5258064516129
Grenada,2024-11,27.417241379310347,81.35172413793103,0.21827586206896551,85.96551724137932,17.979310344827585
Grenada,2024-12,25.9,78.61290322580645,0.14193548387096774,83.83870967741936,18.393548387096775
Grenada,2025-01,25.583333333333332,78.05,0.12366666666666666,82.56666666666666,20.773333333333333
Grenada,2025-02,25.52857142857143,77.95714285714287,0.08535714285714287,83.71428571428571,22.95
Grenada,2025-03,25.896774193548385,78.60967741935484,0.0967741935483871,83.35483870967742,25.55483870967742
Grenada,2025-04,26.386666666666667,79.49666666666667,0.117,82.73333333333333,25.14
Grenada,2025-05,27.251612903225805,81.06451612903226,0.18838709677419355,82.93548387096774,25.116129032258065
Grenada,2025-06,26.896666666666665,80.43,0.23066666666666666,82.4,26.406666666666663
Grenada,2025-07,26.761290322580646,80.1741935483871,0.15225806451612903,86.09677419354838,19.067741935483873
Grenada,2025-08,28.029032258064515,82.45483870967742,0.06677419354838711,82.51612903225806,18.219354838709677
Grenada,2025-09,27.64,81.76,0.07633333333333334,83.9,18.18
Grenada,2025-10,27.961290322580645,82.3225806451613,0.17290322580645162,83.6774193548387,18.47741935483871
Grenada,2025-11,26.853333333333335,80.33333333333333,0.15,84.5,19.720000000000002
Grenada,2025-12,25.700000000000003,78.25483870967743,0.17290322580645162,83.38709677419355,20.761290322580646
Grenada,2026-01,25.763333333333332,78.36999999999999,0.08166666666666668,84.1,19.2
Grenada,2026-02,26.107142857142858,78.99642857142858,0.1392857142857143,80.75,21.432142857142857
Grenada,2026-03,25.549999999999997,78.0,0.022692307692307692,79.38461538461539,24.111538461538462
Guatemala,2024-05,21.529411764705884,70.75294117647059,0.057058823529411766,82.58823529411765,12.841176470588236
Guatemala,2024-06,19.448275862068964,67.0,0.48310344827586205,88.65517241379311,8.327586206896552
Guatemala,2024-07,17.392857142857142,63.30714285714286,0.03392857142857143,93.92857142857143,10.089285714285714
Guatemala,2024-08,17.161290322580644,62.88387096774194,0.0,94.12903225806451,11.04516129032258
Guatemala,2024-09,17.90666666666667,64.23333333333333,0.05733333333333333,95.53333333333333,5.21
Guatemala,2024-10,16.326666666666668,61.38666666666666,0.050333333333333334,95.7,5.316666666666666
Guatemala,2024-11,16.317241379310346,61.38620689655173,0.007241379310344827,91.93103448275862,5.548275862068966
Guatemala,2024-12,15.106451612903227,59.190322580645166,0.0032258064516129032,89.0,7.380645161290323
Guatemala,2025-01,15.31,59.556666666666665,0.0023333333333333335,89.33333333333333,6.696666666666667
Guatemala,2025-02,16.342857142857145,61.417857142857144,0.004642857142857143,89.82142857142857,5.8999999999999995
Guatemala,2025-03,17.241935483870968,63.03225806451613,0.0032258064516129032,87.12903225806451,5.0
Guatemala,2025-04,17.073333333333334,62.730000000000004,0.058666666666666666,87.43333333333334,5.073333333333333
Guatemala,2025-05,19.13,66.43666666666667,0.03066666666666667,89.46666666666667,4.1433333333333335
Guatemala,2025-06,17.936666666666667,64.28,0.296,93.93333333333334,4.246666666666667
Guatemala,2025-07,17.980645161290322,64.37096774193549,0.06225806451612904,91.09677419354838,5.035483870967742
Guatemala,2025-08,17.87741935483871,64.19032258064516,0.19451612903225807,92.16129032258064,4.793548387096774
Guatemala,2025-09,18.273333333333333,64.88000000000001,0.23366666666666666,95.06666666666666,4.083333333333333
Guatemala,2025-10,17.364516129032257,63.248387096774195,0.1929032258064516,94.2258064516129,4.451612903225806
Guatemala,2025-11,16.67,62.0,0.001,90.5,6.253333333333333
Guatemala,2025-12,16.63225806451613,61.935483870967744,0.03806451612903226,91.19354838709677,5.9
Guatemala,2026-01,14.76551724137931,58.57931034482758,0.0,85.37931034482759,6.410344827586207
Guatemala,2026-02,14.060714285714285,57.31785714285714,0.0014285714285714286,81.17857142857143,6.635714285714286
Guatemala,2026-03,16.925925925925927,62.470370370370375,0.021111111111111112,81.4074074074074,5.655555555555555
Guinea,2024-05,30.529411764705884,86.95294117647059,0.021176470588235297,72.47058823529412,12.51764705882353
Guinea,2024-06,29.196666666666665,84.56,0.2906666666666667,75.46666666666667,12.906666666666666
Guinea,2024-07,26.186206896551724,79.13103448275862,1.427241379310345,87.55172413793103,13.679310344827586
Guinea,2024-08,25.98709677419355,78.79032258064517,1.2006451612903226,87.09677419354838,16.603225806451615
Guinea,2024-09,26.293333333333333,79.33999999999999,0.7433333333333334,89.06666666666666,11.416666666666666
Guinea,2024-10,26.10967741935484,79.00967741935484,0.2577419354838709,86.06451612903226,10.399999999999999
Guinea,2024-11,26.766666666666666,80.18,0.022333333333333334,86.76666666666667,8.356666666666666
Guinea,2024-12,26.193548387096776,79.14838709677419,0.0003225806451612903,62.58064516129032,9.961290322580645
Guinea,2025-01,26.741935483870968,80.14193548387097,0.0,71.38709677419355,8.1
Guinea,2025-02,27.207142857142856,80.96785714285714,0.0,75.85714285714286,8.317857142857143
Guinea,2025-03,26.970967741935485,80.55806451612904,0.009677419354838712,75.90322580645162,8.183870967741935
Guinea,2025-04,27.033333333333335,80.66333333333334,0.048666666666666664,76.53333333333333,10.613333333333333
Guinea,2025-05,26.967741935483872,80.54838709677419,0.3064516129032258,84.3225806451613,10.993548387096775
Guinea,2025-06,26.126666666666665,79.03,0.4196666666666667,88.83333333333333,10.013333333333334
Guinea,2025-07,24.929032258064513,76.87096774193549,1.540967741935484,93.70967741935483,14.345161290322581
Guinea,2025-08,24.91290322580645,76.85161290322581,1.5593548387096776,94.96774193548387,15.651612903225805
Guinea,2025-09,24.7448275862069,76.5448275862069,0.7451724137931034,95.10344827586206,10.158620689655173
Guinea,2025-10,25.345161290322583,77.62258064516129,0.08064516129032258,89.12903225806451,9.348387096774195
Guinea,2025-11,25.59333333333333,78.05333333333333,0.15133333333333335,91.5,9.323333333333332
Guinea,2025-12,25.97741935483871,78.76129032258065,0.03870967741935484,88.83870967741936,11.32258064516129
Guinea,2026-01,25.543333333333333,77.97666666666667,0.0006666666666666666,87.5,10.81
Guinea,2026-02,25.457142857142856,77.825,0.0007142857142857143,86.42857142857143,13.528571428571428
Guinea,2026-03,24.685185185185187,76.44444444444444,0.00037037037037037035,76.77777777777777,12.685185185185185
Guinea-Bissau,2024-05,34.35294117647059,93.83529411764707,0.0,47.411764705882355,12.188235294117646
Guinea-Bissau,2024-06,31.990000000000002,89.58,0.02333333333333333,58.56666666666667,9.706666666666667
Guinea-Bissau,2024-07,28.882758620689657,83.98620689655172,0.8303448275862069,75.79310344827586,9.87241379310345
Guinea-Bissau,2024-08,28.200000000000003,82.74838709677418,1.0438709677419356,79.6774193548387,13.845161290322581
Guinea-Bissau,2024-09,27.736666666666668,81.93666666666667,0.5446666666666666,85.1,10.69
Guinea-Bissau,2024-10,26.76451612903226,80.1774193548387,0.23129032258064516,88.51612903225806,9.319354838709677
Guinea-Bissau,2024-11,25.623333333333335,78.11999999999999,0.0,85.1,8.79
Guinea-Bissau,2024-12,26.083870967741937,78.95161290322581,0.0,39.32258064516129,15.751612903225807
Guinea-Bissau,2025-01,24.638709677419357,76.34516129032258,0.0,36.67741935483871,16.73225806451613
Guinea-Bissau,2025-02,24.11785714285714,75.41071428571429,0.0,39.535714285714285,17.54285714285714
Guinea-Bissau,2025-03,23.770967741935483,74.79354838709678,0.0,65.83870967741936,11.703225806451613
Guinea-Bissau,2025-04,25.386666666666667,77.68666666666667,0.002,74.13333333333334,10.139999999999999
Guinea-Bissau,2025-05,25.519354838709678,77.93225806451613,0.05451612903225806,81.06451612903226,11.219354838709679
Guinea-Bissau,2025-06,26.386666666666667,79.50333333333333,0.07333333333333332,87.06666666666666,10.616666666666667
Guinea-Bissau,2025-07,25.280645161290323,77.51290322580645,1.8377419354838709,96.83870967741936,13.90967741935484
Guinea-Bissau,2025-08,25.141935483870967,77.26129032258065,0.6696774193548386,96.74193548387096,14.435483870967742
Guinea-Bissau,2025-09,24.63,76.33333333333333,0.8426666666666667,97.06666666666666,10.166666666666666
Guinea-Bissau,2025-10,24.990322580645163,76.98709677419355,0.12258064516129033,92.83870967741936,9.748387096774193
Guinea-Bissau,2025-11,24.136666666666667,75.44000000000001,0.04933333333333333,85.06666666666666,10.703333333333335
Guinea-Bissau,2025-12,20.335483870967742,68.60967741935484,0.004838709677419355,61.32258064516129,15.770967741935483
Guinea-Bissau,2026-01,20.153333333333332,68.27333333333333,0.0,66.3,13.733333333333333
Guinea-Bissau,2026-02,20.767857142857142,69.38928571428572,0.0,76.60714285714286,10.928571428571429
Guinea-Bissau,2026-03,22.403846153846153,72.3423076923077,0.0,54.46153846153846,12.342307692307692
Guyana,2024-05,28.11764705882353,82.61176470588236,0.7588235294117647,85.0,12.288235294117648
Guyana,2024-06,27.67,81.80333333333333,0.5783333333333334,85.8,8.556666666666667
Guyana,2024-07,26.637931034482758,79.9448275862069,0.7486206896551725,88.03448275862068,8.117241379310345
Guyana,2024-08,26.94193548387097,80.50967741935484,0.37258064516129036,83.61290322580645,7.364516129032259
Guyana,2024-09,26.02,78.83999999999999,0.14766666666666667,90.96666666666667,8.32
Guyana,2024-10,25.2,77.36999999999999,0.21933333333333332,92.46666666666667,9.8
Guyana,2024-11,24.896551724137932,76.81724137931033,0.37551724137931036,95.03448275862068,10.772413793103448
Guyana,2024-12,23.648387096774194,74.5741935483871,0.6074193548387096,95.61290322580645,8.451612903225806
Guyana,2025-01,22.506666666666668,72.50333333333333,0.584,97.8,8.639999999999999
Guyana,2025-02,23.192857142857143,73.74642857142858,0.41000000000000003,97.28571428571429,9.174999999999999
Guyana,2025-03,23.461290322580645,74.24193548387096,0.28645161290322585,96.6774193548387,8.906451612903227
Guyana,2025-04,24.563333333333333,76.21000000000001,0.5056666666666667,96.03333333333333,9.216666666666667
Guyana,2025-05,24.358064516129033,75.8483870967742,0.9519354838709678,98.45161290322581,8.025806451612903
Guyana,2025-06,24.186666666666667,75.53333333333333,0.6586666666666667,98.3,8.5
Guyana,2025-07,23.693548387096776,74.64838709677419,0.6248387096774194,99.03225806451613,7.45483870967742
Guyana,2025-08,24.26451612903226,75.68387096774192,0.47419354838709676,96.29032258064517,7.435483870967742
Guyana,2025-09,24.313333333333333,75.76333333333334,0.11566666666666665,97.23333333333333,9.603333333333333
Guyana,2025-10,23.970967741935485,75.14838709677419,0.1132258064516129,97.03225806451613,11.100000000000001
Guyana,2025-11,24.28666666666667,75.70666666666668,0.5366666666666667,97.6,10.453333333333335
Guyana,2025-12,23.83225806451613,74.9,0.6003225806451613,97.80645161290323,9.283870967741937
Guyana,2026-01,23.85,74.93,0.329,97.33333333333333,8.37
Guyana,2026-02,23.446428571428573,74.2,0.06964285714285715,94.60714285714286,10.892857142857142
Guyana,2026-03,23.98076923076923,75.17307692307692,0.4584615384615385,94.34615384615384,10.96923076923077
Haiti,2024-05,28.823529411764707,83.87647058823529,0.15117647058823527,70.6470588235294,15.129411764705882
Haiti,2024-06,30.086666666666666,86.16333333333334,0.09966666666666665,69.83333333333333,18.936666666666667
Haiti,2024-07,28.36551724137931,83.05172413793103,0.004137931034482759,71.89655172413794,12.886206896551723
Haiti,2024-08,28.070967741935487,82.54516129032258,0.0,74.51612903225806,9.674193548387096
Haiti,2024-09,25.096666666666668,77.17666666666668,0.0,85.0,6.783333333333333
Haiti,2024-10,21.34333333333333,70.41333333333334,0.0,91.73333333333333,5.78
Haiti,2024-11,20.52758620689655,68.94827586206897,0.0,90.13793103448276,5.948275862068965
Haiti,2024-12,19.183870967741935,66.50645161290322,0.0,93.06451612903226,6.632258064516129
Haiti,2025-01,17.773333333333333,63.986666666666665,0.0,91.73333333333333,6.41
Haiti,2025-02,17.053571428571427,62.69642857142857,0.0,88.35714285714286,7.471428571428571
Haiti,2025-03,18.751612903225805,65.76129032258065,0.0,89.3225806451613,5.574193548387097
Haiti,2025-04,19.603333333333335,67.28666666666666,0.0,91.73333333333333,6.72
Haiti,2025-05,20.60666666666667,69.1,0.054000000000000006,92.06666666666666,5.983333333333333
Haiti,2025-06,20.61,69.10333333333332,0.0,91.06666666666666,6.703333333333333
Haiti,2025-07,20.04516129032258,68.07741935483871,0.0,90.7741935483871,5.725806451612903
Haiti,2025-08,21.04516129032258,69.88064516129033,0.11258064516129034,90.83870967741936,4.903225806451613
Haiti,2025-09,21.646666666666665,70.94666666666667,0.07966666666666668,90.43333333333334,5.17
Haiti,2025-10,21.87741935483871,71.37741935483871,0.054838709677419356,88.70967741935483,5.761290322580645
Haiti,2025-11,19.166666666666668,66.50333333333333,0.0,89.13333333333334,5.073333333333333
Haiti,2025-12,18.780645161290323,65.81290322580645,0.0,85.54838709677419,4.738709677419355
Haiti,2026-01,18.636666666666667,65.55,0.0,86.1,4.876666666666667
Haiti,2026-02,19.042857142857144,66.26785714285714,0.08392857142857144,87.0,5.871428571428572
Haiti,2026-03,19.589285714285715,67.25,0.0,87.78571428571429,5.132142857142857
Honduras,2024-05,24.58823529411765,76.25882352941177,0.03294117647058824,71.76470588235294,5.823529411764706
Honduras,2024-06,21.853333333333335,71.33333333333333,0.4043333333333333,86.93333333333334,5.6866666666666665
Honduras,2024-07,19.728571428571428,67.51785714285714,0.004285714285714286,91.57142857142857,6.610714285714286
Honduras,2024-08,19.16774193548387,66.50322580645161,0.006774193548387097,93.48387096774194,5.470967741935484
Honduras,2024-09,19.90666666666667,67.83,0.136,94.6,4.596666666666667
Honduras,2024-10,16.773333333333333,62.190000000000005,0.046,96.16666666666667,5.819999999999999
Honduras,2024-11,15.910344827586206,60.641379310344824,0.15068965517241378,95.62068965517241,6.3999999999999995
Honduras,2024-12,15.85483870967742,60.52903225806452,0.008064516129032258,94.03225806451613,9.783870967741937
Honduras,2025-01,17.153333333333332,62.873333333333335,0.004333333333333333,90.1,8.256666666666666
Honduras,2025-02,17.985714285714288,64.375,0.0064285714285714285,87.03571428571429,7.039285714285714
Honduras,2025-03,19.36774193548387,66.86129032258064,0.003870967741935484,80.2258064516129,5.841935483870968
Honduras,2025-04,20.02,68.03333333333333,0.010666666666666666,77.2,6.1
Honduras,2025-05,21.23,70.21333333333334,0.024,81.76666666666667,4.88
Honduras,2025-06,20.376666666666665,68.68,0.09266666666666667,89.2,5.216666666666667
Honduras,2025-07,20.216129032258067,68.39354838709677,0.0035483870967741938,85.54838709677419,6.412903225806452
Honduras,2025-08,19.94516129032258,67.90645161290323,0.02741935483870968,86.09677419354838,5.532258064516129
Honduras,2025-09,20.453333333333333,68.82,0.23166666666666663,88.9,4.376666666666667
Honduras,2025-10,19.683870967741935,67.43548387096774,0.3732258064516129,93.80645161290323,4.738709677419355
Honduras,2025-11,18.233333333333334,64.83,0.03233333333333333,90.96666666666667,7.21
Honduras,2025-12,18.82903225806452,65.89354838709677,0.011290322580645162,87.83870967741936,6.606451612903226
Honduras,2026-01,17.413793103448278,63.3551724137931,0.003793103448275862,87.06896551724138,7.782758620689655
Honduras,2026-02,16.935714285714287,62.48571428571428,0.005714285714285714,77.64285714285714,7.8999999999999995
Honduras,2026-03,20.150000000000002,68.27142857142857,0.013928571428571429,74.42857142857143,6.692857142857143
Hungary,2024-05,23.294117647058822,73.92941176470588,0.16294117647058823,50.76470588235294,15.205882352941176
Hungary,2024-06,26.866666666666667,80.35666666666665,0.10066666666666667,49.0,14.086666666666668
Hungary,2024-07,31.279310344827586,88.3,0.07206896551724137,35.0,14.296551724137931
Hungary,2024-08,31.351612903225806,88.44516129032259,0.0003225806451612903,34.96774193548387,10.906451612903227
Hungary,2024-09,21.946666666666665,71.52,0.15733333333333333,55.36666666666667,15.146666666666668
Hungary,2024-10,14.577419354838709,58.23870967741936,0.0070967741935483875,66.2258064516129,11.01290322580645
Hungary,2024-11,6.053333333333333,42.90333333333333,0.12299999999999998,70.83333333333333,8.853333333333333
Hungary,2024-12,4.77741935483871,40.60322580645161,0.014838709677419355,74.25806451612904,9.361290322580645
Hungary,2025-01,4.135483870967741,39.44193548387097,0.018387096774193548,78.35483870967742,11.01290322580645
Hungary,2025-02,2.8249999999999997,37.089285714285715,0.0325,62.107142857142854,7.896428571428571
Hungary,2025-03,10.879999999999999,51.586666666666666,0.11699999999999999,60.5,9.973333333333333
Hungary,2025-04,16.05,60.88333333333333,0.018333333333333333,52.1,13.526666666666667
Hungary,2025-05,16.25483870967742,61.26774193548387,0.08290322580645161,58.58064516129032,11.893548387096773
Hungary,2025-06,25.183333333333334,77.33333333333333,0.0,44.43333333333333,13.503333333333334
Hungary,2025-07,24.532258064516128,76.16451612903225,0.023548387096774193,51.58064516129032,12.219354838709679
Hungary,2025-08,23.696875,74.653125,0.0228125,49.125,10.1
Hungary,2025-09,19.376470588235293,66.87647058823529,0.009411764705882354,69.55882352941177,10.785294117647059
Hungary,2025-10,10.290322580645162,50.52903225806452,0.017741935483870964,73.3225806451613,12.52258064516129
Hungary,2025-11,5.22,41.39666666666667,0.209,90.9,8.453333333333333
Hungary,2025-12,2.6575757575757577,36.78484848484849,0.0,91.48484848484848,8.309090909090909
Hungary,2026-01,-2.826829268292683,26.907317073170734,0.042682926829268296,90.7560975609756,7.373170731707317
Hungary,2026-02,1.95,35.508823529411764,0.14235294117647057,87.58823529411765,10.658823529411764
Hungary,2026-03,3.8454545454545452,38.91818181818182,0.0125,78.18181818181819,9.577272727272726
Iceland,2024-05,8.411764705882353,47.141176470588235,0.26294117647058823,76.23529411764706,32.029411764705884
Iceland,2024-06,9.466666666666667,49.05,0.078,77.86666666666666,29.290000000000003
Iceland,2024-07,10.827586206896552,51.48620689655172,0.17172413793103447,90.13793103448276,22.489655172413794
Iceland,2024-08,9.841935483870968,49.71612903225807,0.2916129032258064,82.7741935483871,25.9741935483871
Iceland,2024-09,6.97,44.54,0.07266666666666667,86.26666666666667,27.563333333333333
Iceland,2024-10,4.52258064516129,40.148387096774194,0.08225806451612902,83.51612903225806,24.39032258064516
Iceland,2024-11,3.216666666666667,37.78666666666667,0.255,76.56666666666666,32.53666666666667
Iceland,2024-12,1.8806451612903226,35.38709677419355,0.1403225806451613,77.61290322580645,36.83870967741935
Iceland,2025-01,1.7451612903225806,35.148387096774194,0.40451612903225803,82.0,28.92258064516129
Iceland,2025-02,4.275,39.69642857142857,0.3671428571428571,84.92857142857143,46.19285714285714
Iceland,2025-03,3.4516129032258065,38.21935483870968,0.36129032258064514,84.45161290322581,21.81935483870968
Iceland,2025-04,5.066666666666666,41.13,0.03233333333333333,76.13333333333334,21.053333333333335
Iceland,2025-05,8.235483870967743,46.82258064516129,0.10516129032258063,78.87096774193549,15.896774193548387
Iceland,2025-06,8.066666666666666,46.526666666666664,0.07833333333333334,82.6,20.30666666666667
Iceland,2025-07,11.548387096774194,52.79354838709677,0.18645161290322582,89.09677419354838,20.229032258064517
Iceland,2025-08,11.54516129032258,52.79032258064516,0.1432258064516129,85.45161290322581,17.82903225806452
Iceland,2025-09,8.303448275862069,46.9448275862069,0.1920689655172414,78.65517241379311,21.317241379310342
Iceland,2025-10,5.006451612903225,41.012903225806454,0.22870967741935483,82.25806451612904,17.03548387096774
Iceland,2025-11,1.7733333333333332,35.19666666666667,0.06833333333333333,73.63333333333334,14.53
Iceland,2025-12,4.129032258064516,39.44516129032258,0.2035483870967742,74.74193548387096,25.83225806451613
Iceland,2026-01,1.11,34.00666666666667,0.019000000000000003,68.36666666666666,20.313333333333333
Iceland,2026-02,-0.7571428571428571,30.63571428571429,0.046071428571428576,62.357142857142854,17.982142857142858
Iceland,2026-03,0.05000000000000003,32.08461538461538,0.2769230769230769,75.46153846153847,29.950000000000003
Inde,2024-07,31.2,88.2,0.0,71.0,6.8
India,2024-05,39.588235294117645,103.25882352941176,0.0,20.764705882352942,10.28235294117647
India,2024-06,38.199999999999996,100.77586206896552,0.09758620689655173,32.37931034482759,14.055172413793104
India,2024-07,34.528571428571425,94.14642857142857,0.25,60.42857142857143,9.960714285714285
India,2024-08,32.04193548387097,89.68709677419355,0.20451612903225805,68.64516129032258,11.493548387096775
India,2024-09,31.013333333333332,87.82,0.09266666666666666,71.26666666666667,9.166666666666666
India,2024-10,34.71612903225807,94.48709677419355,0.0,29.70967741935484,9.264516129032257
India,2024-11,28.95,84.11999999999999,0.0,31.566666666666666,7.010000000000001
India,2024-12,21.88064516129032,71.38387096774194,0.0032258064516129032,31.64516129032258,9.05483870967742
India,2025-01,20.73225806451613,69.31935483870969,0.000967741935483871,47.774193548387096,9.729032258064517
India,2025-02,25.099999999999998,77.17857142857143,0.0,33.607142857142854,11.910714285714286
India,2025-03,30.783870967741933,87.41935483870968,0.0,23.06451612903226,12.5
India,2025-04,37.519999999999996,99.53,0.027666666666666666,18.366666666666667,7.233333333333333
India,2025-05,35.99354838709677,96.78709677419356,0.014516129032258063,38.354838709677416,11.6
India,2025-06,36.38666666666666,97.50333333333333,0.025666666666666667,45.86666666666667,9.166666666666666
India,2025-07,33.91935483870968,93.06451612903226,0.14935483870967742,58.67741935483871,12.51290322580645
India,2025-08,31.77741935483871,89.19354838709677,0.31225806451612903,69.83870967741936,13.04516129032258
India,2025-09,32.78666666666667,91.01666666666667,0.109,58.333333333333336,15.083333333333334
India,2025-10,29.670967741935485,85.41290322580646,0.01806451612903226,50.064516129032256,7.141935483870968
India,2025-11,25.13,77.23666666666666,0.0,37.233333333333334,9.673333333333334
India,2025-12,19.041935483870965,66.28064516129032,0.0,57.354838709677416,9.44516129032258
India,2026-01,15.726666666666667,60.306666666666665,0.043666666666666666,62.96666666666667,8.576666666666666
India,2026-02,23.12857142857143,73.63928571428572,0.0071428571428571435,47.0,10.135714285714286
India,2026-03,28.114814814814817,82.59629629629629,0.014074074074074074,44.96296296296296,12.185185185185185
Indonesia,2024-05,25.258823529411764,77.4735294117647,0.2561764705882353,85.20588235294117,8.6
Indonesia,2024-06,24.57377049180328,76.22622950819672,0.2763934426229508,85.08196721311475,7.362295081967213
Indonesia,2024-07,24.74655172413793,76.54655172413793,0.09655172413793105,80.98275862068965,9.087931034482759
Indonesia,2024-08,25.051612903225806,77.09193548387097,0.12483870967741936,78.43548387096774,8.369354838709677
Indonesia,2024-09,26.718333333333337,80.09666666666666,0.17683333333333331,75.16666666666667,11.063333333333333
Indonesia,2024-10,30.27258064516129,86.48387096774194,0.1853225806451613,62.693548387096776,14.317741935483872
Indonesia,2024-11,29.925,85.85666666666665,0.5565,68.1,10.306666666666667
Indonesia,2024-12,27.15,80.87741935483871,0.8104838709677419,79.51612903225806,11.758064516129032
Indonesia,2025-01,26.87741935483871,80.38387096774194,1.3138709677419356,83.30645161290323,11.01774193548387
Indonesia,2025-02,27.657142857142855,81.78035714285714,0.7794642857142857,80.60714285714286,10.007142857142856
Indonesia,2025-03,29.05806451612903,84.31129032258065,0.6056451612903225,74.87096774193549,11.235483870967743
Indonesia,2025-04,28.84333333333333,83.91499999999999,0.7364999999999999,75.68333333333334,10.205
Indonesia,2025-05,29.366129032258065,84.86290322580645,0.7906451612903226,75.48387096774194,9.790322580645162
Indonesia,2025-06,28.413333333333334,83.155,0.431,76.21666666666667,10.29
Indonesia,2025-07,28.433870967741935,83.19032258064516,0.11951612903225807,71.96774193548387,10.738709677419354
Indonesia,2025-08,28.774193548387096,83.79677419354839,0.18645161290322582,68.46774193548387,12.01290322580645
Indonesia,2025-09,29.396666666666665,84.90833333333333,0.19783333333333333,67.66666666666667,12.135
Indonesia,2025-10,30.516129032258064,86.93064516129031,0.33838709677419354,66.1774193548387,11.296774193548387
Indonesia,2025-11,29.26833333333333,84.67833333333333,0.7531666666666667,73.75,12.578333333333335
Indonesia,2025-12,29.719354838709677,85.49193548387096,0.5556451612903226,71.95161290322581,12.05
Indonesia,2026-01,28.236666666666668,82.82,0.752,76.55,11.438333333333333
Indonesia,2026-02,28.241071428571427,82.83928571428571,0.6173214285714286,76.96428571428571,10.966071428571428
Indonesia,2026-03,29.544444444444448,85.17037037037036,0.5642592592592592,72.57407407407408,11.807407407407409
Iran,2024-05,24.102941176470587,75.37941176470588,0.04470588235294118,29.058823529411764,18.5
Iran,2024-06,30.77457627118644,87.40169491525424,0.0008474576271186442,19.23728813559322,17.34237288135593
Iran,2024-07,34.136842105263156,93.45438596491228,0.0,15.0,17.191228070175438
Iran,2024-08,34.5758064516129,94.23387096774194,0.0,13.5,16.580645161290324
Iran,2024-09,28.075,82.53166666666667,0.009833333333333333,19.2,15.988333333333333
Iran,2024-10,19.643548387096775,67.35483870967742,0.005483870967741936,24.43548387096774,14.608064516129033
Iran,2024-11,12.201666666666666,53.95166666666667,0.07316666666666666,42.766666666666666,10.68
Iran,2024-12,6.408064516129032,43.527419354838706,0.02129032258064516,40.58064516129032,7.925806451612903
Iran,2025-01,5.975806451612903,42.75322580645161,0.015161290322580644,41.20967741935484,7.16774193548387
Iran,2025-02,3.435714285714286,38.19464285714286,0.029464285714285717,43.80357142857143,10.564285714285715
Iran,2025-03,12.690322580645162,54.843548387096774,0.16903225806451613,36.17741935483871,11.858064516129033
Iran,2025-04,19.988333333333333,67.97666666666666,0.030833333333333334,26.35,19.501666666666665
Iran,2025-05,25.996774193548386,78.79677419354839,0.0070967741935483875,19.70967741935484,16.398387096774194
Iran,2025-06,28.134999999999998,82.65333333333334,0.0026666666666666666,16.483333333333334,14.573333333333332
Iran,2025-07,32.42903225806452,90.37903225806451,0.0004838709677419355,15.14516129032258,12.193548387096774
Iran,2025-08,32.67903225806452,90.8225806451613,0.0,13.935483870967742,12.233870967741936
Iran,2025-09,25.89333333333333,78.615,0.0005,18.333333333333332,10.918333333333333
Iran,2025-10,21.643548387096775,70.96612903225805,0.0,19.112903225806452,12.438709677419356
Iran,2025-11,13.455,56.22666666666667,0.021833333333333333,26.766666666666666,5.886666666666667
Iran,2025-12,5.818181818181818,42.478181818181824,0.09254545454545454,55.29090909090909,7.2272727272727275
Iran,2026-01,1.221153846153846,34.205769230769235,0.08192307692307692,59.86538461538461,5.790384615384616
Iran,2026-02,10.388095238095238,50.709523809523816,0.031190476190476192,47.95238095238095,8.90952380952381
Iran,2026-03,8.081632653061224,46.55102040816327,0.0946938775510204,51.734693877551024,8.542857142857143
Iraq,2024-05,37.71176470588235,99.88235294117646,0.0,15.352941176470589,14.629411764705882
Iraq,2024-06,44.62,112.32666666666667,0.0,9.033333333333333,18.506666666666668
Iraq,2024-07,44.800000000000004,112.63793103448276,0.0,10.862068965517242,22.3
Iraq,2024-08,44.751612903225805,112.56129032258065,0.0,11.419354838709678,18.31935483870968
Iraq,2024-09,39.81333333333334,103.65666666666667,0.0,17.166666666666668,19.44
Iraq,2024-10,31.116129032258065,88.00322580645161,0.0,17.870967741935484,14.167741935483871
Iraq,2024-11,23.403333333333332,74.11999999999999,0.0,39.266666666666666,15.586666666666668
Iraq,2024-12,18.212903225806453,64.78064516129032,0.004193548387096774,33.096774193548384,15.770967741935483
Iraq,2025-01,16.467741935483872,61.63548387096775,0.02032258064516129,44.54838709677419,15.051612903225807
Iraq,2025-02,15.335714285714285,59.603571428571435,0.012857142857142857,38.785714285714285,13.910714285714286
Iraq,2025-03,22.31935483870968,72.1774193548387,0.015483870967741937,41.16129032258065,17.251612903225805
Iraq,2025-04,28.68,83.63000000000001,0.004666666666666667,28.233333333333334,17.89
Iraq,2025-05,35.645161290322584,96.16129032258064,0.0,18.774193548387096,22.061290322580643
Iraq,2025-06,39.78333333333333,103.61999999999999,0.0,13.5,21.59
Iraq,2025-07,41.012903225806454,105.82903225806452,0.0,17.032258064516128,22.10967741935484
Iraq,2025-08,41.0516129032258,105.8967741935484,0.0,16.387096774193548,24.858064516129033
Iraq,2025-09,35.3,95.55,0.0,18.833333333333332,16.21
Iraq,2025-10,28.719354838709677,83.69677419354838,0.0,28.580645161290324,15.364516129032259
Iraq,2025-11,20.040000000000003,68.07666666666667,0.0013333333333333333,41.13333333333333,15.253333333333332
Iraq,2025-12,12.709677419354838,54.880645161290325,0.09580645161290322,72.87096774193549,15.738709677419354
Iraq,2026-01,9.28,48.71333333333334,0.0,66.6,17.7
Iraq,2026-02,15.596428571428572,60.07142857142857,0.01107142857142857,56.67857142857143,19.760714285714283
Iraq,2026-03,16.592857142857145,61.878571428571426,0.27464285714285713,47.0,18.04285714285714
Ireland,2024-05,15.882352941176471,60.588235294117645,0.19588235294117648,70.6470588235294,17.776470588235295
Ireland,2024-06,16.148275862068967,61.07586206896552,0.11448275862068967,64.82758620689656,19.25172413793103
Ireland,2024-07,17.44137931034483,63.393103448275866,0.15827586206896552,68.41379310344827,16.8
Ireland,2024-08,18.238709677419354,64.8258064516129,0.06451612903225806,64.83870967741936,19.358064516129033
Ireland,2024-09,14.616666666666667,58.31333333333334,0.10766666666666666,78.7,18.77
Ireland,2024-10,11.44516129032258,52.60967741935484,0.05935483870967742,83.09677419354838,15.361290322580645
Ireland,2024-11,8.003333333333334,46.41,0.21766666666666667,88.9,14.253333333333334
Ireland,2024-12,7.464516129032258,45.432258064516134,0.06,83.87096774193549,20.403225806451612
Ireland,2025-01,4.516129032258065,40.13225806451613,0.3035483870967742,87.74193548387096,15.187096774193549
Ireland,2025-02,6.989285714285714,44.57857142857143,0.1157142857142857,82.78571428571429,20.62142857142857
Ireland,2025-03,8.574193548387097,47.438709677419354,0.012903225806451613,79.03225806451613,13.058064516129033
Ireland,2025-04,10.983333333333333,51.769999999999996,0.19166666666666668,77.46666666666667,12.366666666666667
Ireland,2025-05,13.464516129032257,56.24193548387097,0.03516129032258065,73.58064516129032,13.238709677419354
Ireland,2025-06,15.203333333333335,59.38,0.2793333333333333,78.3,14.84
Ireland,2025-07,16.273333333333333,61.3,0.046,82.03333333333333,12.29
Ireland,2025-08,15.935483870967742,60.68709677419355,0.010967741935483872,83.25806451612904,14.13225806451613
Ireland,2025-09,11.583333333333334,52.85,0.15133333333333335,89.13333333333334,14.813333333333333
Ireland,2025-10,10.206451612903225,50.37096774193548,0.14387096774193547,86.41935483870968,16.280645161290323
Ireland,2025-11,7.63,45.72666666666667,0.43866666666666665,90.6,17.573333333333334
Ireland,2025-12,7.551612903225807,45.59032258064516,0.14612903225806453,83.0,18.56451612903226
Ireland,2026-01,4.536666666666666,40.16,0.19033333333333333,89.13333333333334,18.029999999999998
Ireland,2026-02,6.239285714285714,43.23571428571428,0.16178571428571428,90.53571428571429,17.882142857142856
Ireland,2026-03,5.4185185185185185,41.74814814814815,0.04851851851851852,87.85185185185185,15.97037037037037
Israel,2024-05,27.176470588235293,80.91764705882352,0.0,48.23529411764706,18.258823529411764
Israel,2024-06,31.16,88.08666666666666,0.0,46.8,20.16
Israel,2024-07,31.785714285714285,89.20357142857142,0.0,40.25,25.032142857142855
Israel,2024-08,30.461290322580645,86.8225806451613,0.0,33.903225806451616,25.15806451612903
Israel,2024-09,30.116666666666667,86.2,0.0003333333333333333,45.333333333333336,21.933333333333334
Israel,2024-10,24.719354838709677,76.5,0.0003225806451612903,37.354838709677416,11.067741935483872
Israel,2024-11,17.35666666666667,63.24333333333333,0.008666666666666666,48.86666666666667,12.506666666666666
Israel,2024-12,14.438709677419356,58.00322580645161,0.028387096774193554,42.87096774193548,12.3
Israel,2025-01,18.664516129032258,65.59032258064516,0.0067741935483870966,47.32258064516129,8.993548387096775
Israel,2025-02,16.310714285714287,61.36071428571428,0.11142857142857143,52.92857142857143,16.37142857142857
Israel,2025-03,22.625806451612902,72.7290322580645,0.030322580645161287,41.74193548387097,12.899999999999999
Israel,2025-04,24.553333333333335,76.20666666666666,0.005,39.333333333333336,19.066666666666666
Israel,2025-05,27.01290322580645,80.62258064516129,0.01161290322580645,44.70967741935484,13.97741935483871
Israel,2025-06,29.376666666666665,84.87666666666668,0.0,52.7,10.873333333333333
Israel,2025-07,32.00645161290323,89.61612903225806,0.0,49.54838709677419,14.961290322580645
Israel,2025-08,31.54516129032258,88.78709677419356,0.0,52.41935483870968,11.906451612903227
Israel,2025-09,29.376666666666665,84.87666666666668,0.0003333333333333333,54.46666666666667,10.016666666666667
Israel,2025-10,26.138709677419353,79.04838709677419,0.0025806451612903226,53.12903225806452,7.932258064516129
Israel,2025-11,23.71333333333333,74.69333333333334,0.010333333333333333,53.13333333333333,10.379999999999999
Israel,2025-12,15.816129032258065,60.4741935483871,0.04,68.03225806451613,11.316129032258065
Israel,2026-01,13.963333333333333,57.14666666666667,0.049,65.83333333333333,14.376666666666667
Israel,2026-02,15.989285714285714,60.792857142857144,0.011785714285714287,65.07142857142857,15.760714285714286
Israel,2026-03,10.74074074074074,51.34074074074074,0.011851851851851851,65.0,13.94074074074074
Italy,2024-05,24.0,75.2,0.0005882352941176471,53.1764705882353,16.241176470588236
Italy,2024-06,29.32,84.77333333333333,0.021666666666666667,39.266666666666666,17.456666666666663
Italy,2024-07,34.38214285714286,93.88928571428572,0.002142857142857143,33.392857142857146,16.07857142857143
Italy,2024-08,34.71935483870968,94.51290322580645,0.0025806451612903226,34.70967741935484,13.729032258064517
Italy,2024-09,25.490000000000002,77.89,0.12766666666666668,56.43333333333333,10.666666666666666
Italy,2024-10,21.019354838709678,69.8225806451613,0.13419354838709677,72.51612903225806,9.364516129032259
Italy,2024-11,13.916666666666666,57.056666666666665,0.013333333333333334,74.76666666666667,8.986666666666668
Italy,2024-12,10.30967741935484,50.564516129032256,0.09903225806451613,69.70967741935483,10.316129032258065
Italy,2025-01,12.12258064516129,53.8258064516129,0.07903225806451614,74.45161290322581,13.187096774193549
Italy,2025-02,11.396428571428572,52.51428571428572,0.04964285714285715,76.78571428571429,7.596428571428571
Italy,2025-03,13.738709677419356,56.722580645161294,0.06838709677419355,72.93548387096774,9.661290322580646
Italy,2025-04,17.06,62.70333333333333,0.054000000000000006,68.93333333333334,9.033333333333333
Italy,2025-05,20.47741935483871,68.86129032258064,0.08096774193548387,64.09677419354838,9.16451612903226
Italy,2025-06,28.703333333333333,83.66666666666667,0.006666666666666667,46.333333333333336,8.623333333333333
Italy,2025-07,28.55483870967742,83.4,0.02967741935483871,49.096774193548384,10.85483870967742
Italy,2025-08,27.241935483870968,81.03225806451613,0.10967741935483871,56.70967741935484,8.135483870967743
Italy,2025-09,22.246666666666666,72.03666666666666,0.21933333333333332,71.66666666666667,8.45
Italy,2025-10,15.851612903225806,60.541935483870965,0.0364516129032258,73.29032258064517,9.5
Italy,2025-11,10.533333333333333,50.96,0.161,86.03333333333333,8.776666666666667
Italy,2025-12,7.009677419354838,44.619354838709675,0.03967741935483871,88.25806451612904,8.112903225806452
Italy,2026-01,7.113333333333333,44.8,0.2806666666666667,88.8,9.01
Italy,2026-02,9.178571428571429,48.521428571428565,0.19999999999999998,87.53571428571429,9.732142857142858
Italy,2026-03,8.592857142857143,47.46785714285714,0.008928571428571428,84.92857142857143,8.35
Jamaica,2024-05,30.21764705882353,86.39411764705882,0.01647058823529412,67.76470588235294,11.729411764705883
Jamaica,2024-06,30.323333333333334,86.58333333333333,0.13399999999999998,70.63333333333334,19.236666666666668
Jamaica,2024-07,28.43793103448276,83.20689655172414,0.0027586206896551726,76.6896551724138,10.803448275862069
Jamaica,2024-08,28.241935483870968,82.84193548387097,0.0032258064516129032,78.2258064516129,8.458064516129031
Jamaica,2024-09,28.826666666666664,83.88666666666667,0.0006666666666666666,79.5,8.703333333333335
Jamaica,2024-10,27.25,81.05666666666666,0.958,86.46666666666667,5.1466666666666665
Jamaica,2024-11,26.348275862068967,79.4241379310345,1.7855172413793103,85.58620689655173,6.362068965517241
Jamaica,2024-12,25.55806451612903,78.00967741935484,0.0,86.80645161290323,6.758064516129032
Jamaica,2025-01,25.05666666666667,77.1,0.0,80.03333333333333,6.846666666666667
Jamaica,2025-02,25.103571428571428,77.18928571428572,0.0,75.71428571428571,6.389285714285714
Jamaica,2025-03,25.24516129032258,77.43548387096774,0.0,74.74193548387096,6.138709677419355
Jamaica,2025-04,25.946666666666665,78.68666666666667,0.083,73.56666666666666,6.843333333333334
Jamaica,2025-05,26.60666666666667,79.88666666666667,0.0,79.53333333333333,6.016666666666667
Jamaica,2025-06,27.490000000000002,81.48,0.0,74.73333333333333,6.78
Jamaica,2025-07,27.52258064516129,81.53548387096774,0.0,76.74193548387096,5.964516129032258
Jamaica,2025-08,27.980645161290322,82.36451612903227,0.0,78.51612903225806,4.941935483870967
Jamaica,2025-09,27.826666666666664,82.1,0.0,79.1,4.226666666666667
Jamaica,2025-10,27.335483870967742,81.19677419354838,0.5419354838709678,80.90322580645162,5.941935483870967
Jamaica,2025-11,26.216666666666665,79.2,0.0,78.13333333333334,5.45
Jamaica,2025-12,25.82903225806452,78.48064516129033,0.021612903225806453,75.45161290322581,5.370967741935484
Jamaica,2026-01,25.253333333333334,77.47,0.0,79.16666666666667,5.466666666666667
Jamaica,2026-02,24.460714285714285,76.03928571428571,0.0,72.64285714285714,6.371428571428572
Jamaica,2026-03,25.267857142857142,77.47500000000001,0.0475,76.71428571428571,5.307142857142857
Japan,2024-05,20.523529411764706,68.93529411764706,0.311764705882353,73.52941176470588,16.27058823529412
Japan,2024-06,22.673333333333336,72.81666666666666,0.042333333333333334,78.2,15.376666666666667
Japan,2024-07,27.844827586206897,82.11724137931034,0.16344827586206898,79.37931034482759,14.137931034482758
Japan,2024-08,28.88064516129032,83.98387096774194,0.17709677419354838,76.7741935483871,18.770967741935483
Japan,2024-09,27.053333333333335,80.69666666666667,0.10166666666666667,79.9,18.77
Japan,2024-10,22.38064516129032,72.29032258064517,0.09870967741935484,75.61290322580645,18.338709677419356
Japan,2024-11,15.986666666666668,60.78333333333333,0.42033333333333334,55.53333333333333,14.526666666666667
Japan,2024-12,10.429032258064517,50.78709677419355,0.002258064516129032,49.064516129032256,15.748387096774193
Japan,2025-01,8.570967741935483,47.435483870967744,0.10677419354838709,52.83870967741935,13.661290322580646
Japan,2025-02,8.214285714285714,46.785714285714285,0.02392857142857143,44.82142857142857,19.135714285714283
Japan,2025-03,11.983870967741936,53.57741935483871,0.17516129032258063,68.35483870967742,17.4
Japan,2025-04,18.273333333333333,64.89666666666668,0.07600000000000001,58.06666666666667,22.386666666666667
Japan,2025-05,20.858064516129033,69.54193548387097,0.542258064516129,64.61290322580645,20.970967741935485
Japan,2025-06,27.066666666666666,80.72666666666667,0.13033333333333333,67.5,20.753333333333334
Japan,2025-07,30.27741935483871,86.50645161290322,0.046129032258064515,66.35483870967742,26.051612903225806
Japan,2025-08,32.596774193548384,90.69354838709677,0.04387096774193548,60.516129032258064,22.190322580645162
Japan,2025-09,29.293333333333333,84.73,0.36433333333333334,61.766666666666666,19.13
Japan,2025-10,20.65806451612903,69.18387096774192,0.06774193548387097,67.96774193548387,17.6
Japan,2025-11,16.09,60.97,0.032,49.06666666666667,12.47
Japan,2025-12,11.922580645161291,53.46451612903226,0.0006451612903225806,46.54838709677419,11.312903225806451
Japan,2026-01,9.78,49.60333333333333,0.0013333333333333333,30.766666666666666,13.479999999999999
Japan,2026-02,12.010714285714286,53.625,0.06607142857142857,46.392857142857146,12.060714285714285
Japan,2026-03,14.085714285714285,57.36071428571428,0.13642857142857143,45.0,15.14642857142857
Jemen,2024-07,26.1,79.0,0.2,34.0,14.8
Jordan,2024-05,27.647058823529413,81.76470588235294,0.0005882352941176471,30.0,22.78235294117647
Jordan,2024-06,34.78333333333333,94.61333333333333,0.0,20.866666666666667,20.596666666666668
Jordan,2024-07,32.824137931034485,91.06896551724138,0.0,27.103448275862068,22.78620689655172
Jordan,2024-08,32.248387096774195,90.04838709677419,0.0,30.612903225806452,19.961290322580645
Jordan,2024-09,29.253333333333334,84.65666666666667,0.001,35.7,19.466666666666665
Jordan,2024-10,24.32903225806452,75.80645161290323,0.0006451612903225806,35.935483870967744,13.516129032258064
Jordan,2024-11,18.0,64.40666666666667,0.012,49.96666666666667,15.016666666666667
Jordan,2024-12,14.890322580645162,58.8,0.015161290322580644,40.87096774193548,15.038709677419355
Jordan,2025-01,13.893548387096773,57.012903225806454,0.001935483870967742,48.225806451612904,14.077419354838709
Jordan,2025-02,10.807142857142859,51.45357142857143,0.0717857142857143,53.464285714285715,17.928571428571427
Jordan,2025-03,17.625806451612902,63.73548387096774,0.027419354838709678,42.193548387096776,15.496774193548386
Jordan,2025-04,21.776666666666664,71.2,0.0023333333333333335,30.833333333333332,21.48
Jordan,2025-05,25.780645161290323,78.40645161290323,0.0006451612903225806,24.93548387096774,16.896774193548385
Jordan,2025-06,29.273333333333333,84.69666666666667,0.0,22.166666666666668,17.06
Jordan,2025-07,30.42258064516129,86.75806451612904,0.0,24.741935483870968,21.538709677419355
Jordan,2025-08,29.919354838709676,85.85806451612903,0.0,40.0,17.05806451612903
Jordan,2025-09,26.11,78.99333333333334,0.0,39.733333333333334,15.51
Jordan,2025-10,22.041935483870965,71.6741935483871,0.0012903225806451613,48.806451612903224,11.429032258064517
Jordan,2025-11,17.6,63.67666666666666,0.007666666666666667,42.733333333333334,16.92
Jordan,2025-12,10.432258064516128,50.78064516129032,0.10258064516129033,72.64516129032258,15.658064516129032
Jordan,2026-01,8.336666666666666,46.99666666666667,0.129,67.43333333333334,17.34333333333333
Jordan,2026-02,11.367857142857144,52.464285714285715,0.006428571428571429,62.964285714285715,16.085714285714285
Jordan,2026-03,9.914285714285715,49.84285714285714,0.0071428571428571435,63.214285714285715,15.046428571428573
Kazakhstan,2024-05,14.0,57.199999999999996,0.10588235294117647,65.17647058823529,22.858823529411765
Kazakhstan,2024-06,24.489655172413794,76.09310344827585,0.11517241379310345,48.55172413793103,15.23448275862069
Kazakhstan,2024-07,24.451724137931034,76.01724137931035,0.1796551724137931,50.275862068965516,17.410344827586208
Kazakhstan,2024-08,22.154838709677417,71.86774193548388,0.15129032258064518,51.806451612903224,16.690322580645162
Kazakhstan,2024-09,15.426666666666668,59.776666666666664,0.029333333333333333,50.93333333333333,18.63
Kazakhstan,2024-10,9.661290322580646,49.39354838709678,0.07903225806451614,55.16129032258065,19.516129032258064
Kazakhstan,2024-11,-2.0833333333333335,28.256666666666668,0.051333333333333335,79.7,19.48
Kazakhstan,2024-12,-9.374193548387098,15.125806451612902,0.027096774193548386,85.64516129032258,16.948387096774194
Kazakhstan,2025-01,-9.187096774193549,15.470967741935484,0.034193548387096775,80.35483870967742,18.493548387096773
Kazakhstan,2025-02,-6.992857142857143,19.414285714285715,0.009285714285714286,82.28571428571429,15.682142857142859
Kazakhstan,2025-03,-0.3419354838709677,31.39032258064516,0.03580645161290323,68.12903225806451,17.903225806451612
Kazakhstan,2025-04,15.896666666666667,60.60666666666667,0.037333333333333336,43.733333333333334,23.266666666666666
Kazakhstan,2025-05,22.14516129032258,71.87096774193549,0.07935483870967742,39.225806451612904,20.33225806451613
Kazakhstan,2025-06,24.85,76.73666666666666,0.089,46.56666666666667,17.416666666666668
Kazakhstan,2025-07,26.322580645161292,79.39032258064516,0.051290322580645156,38.25806451612903,16.812903225806455
Kazakhstan,2025-08,22.55483870967742,72.59032258064516,0.10548387096774194,47.03225806451613,18.270967741935483
Kazakhstan,2025-09,17.36,63.25333333333333,0.12100000000000001,52.4,18.32
Kazakhstan,2025-10,7.551612903225807,45.596774193548384,0.003870967741935484,47.064516129032256,17.01290322580645
Kazakhstan,2025-11,1.0433333333333334,33.88333333333333,0.07666666666666666,78.66666666666667,19.126666666666665
Kazakhstan,2025-12,-7.580645161290323,18.35483870967742,0.03774193548387097,84.0,18.85483870967742
Kazakhstan,2026-01,-14.620000000000001,5.6899999999999995,0.008666666666666666,78.8,13.933333333333334
Kazakhstan,2026-02,-12.424999999999999,9.635714285714286,0.061071428571428575,77.57142857142857,17.25
Kazakhstan,2026-03,-3.1037037037037036,26.40740740740741,0.025925925925925925,88.96296296296296,17.359259259259257
Kenya,2024-05,23.711764705882356,74.68235294117646,0.5552941176470588,58.8235294117647,12.641176470588235
Kenya,2024-06,22.532258064516128,72.55483870967741,0.2396774193548387,55.67741935483871,12.651612903225805
Kenya,2024-07,22.26551724137931,72.0758620689655,0.31413793103448273,53.89655172413793,10.96896551724138
Kenya,2024-08,22.812903225806455,73.0741935483871,0.01161290322580645,48.16129032258065,11.935483870967742
Kenya,2024-09,24.63,76.33333333333333,0.012666666666666666,40.96666666666667,10.496666666666666
Kenya,2024-10,23.92258064516129,75.05483870967741,0.14838709677419354,46.61290322580645,12.95483870967742
Kenya,2024-11,22.353333333333335,72.24,0.24366666666666667,60.2,14.99
Kenya,2024-12,24.309677419354838,75.76451612903226,0.03161290322580645,46.70967741935484,16.677419354838708
Kenya,2025-01,25.04516129032258,77.08064516129032,0.13,41.12903225806452,15.429032258064517
Kenya,2025-02,25.335714285714285,77.61428571428571,0.0017857142857142859,38.607142857142854,19.04642857142857
Kenya,2025-03,24.248387096774195,75.65483870967742,0.12451612903225807,51.38709677419355,15.796774193548387
Kenya,2025-04,22.25,72.05333333333333,0.1756666666666667,62.43333333333333,10.873333333333333
Kenya,2025-05,21.725806451612904,71.11612903225806,0.22193548387096773,61.38709677419355,9.603225806451613
Kenya,2025-06,20.143333333333334,68.26666666666667,0.03866666666666667,64.73333333333333,9.283333333333333
Kenya,2025-07,18.17096774193548,64.70967741935483,0.015806451612903224,73.74193548387096,8.206451612903226
Kenya,2025-08,18.335483870967742,65.00967741935484,0.06935483870967742,68.35483870967742,8.851612903225806
Kenya,2025-09,19.846666666666668,67.73,0.004333333333333333,64.66666666666667,9.3
Kenya,2025-10,20.45483870967742,68.8258064516129,0.11806451612903227,65.48387096774194,10.55483870967742
Kenya,2025-11,20.353333333333335,68.62666666666668,0.010666666666666666,65.06666666666666,16.3
Kenya,2025-12,19.77741935483871,67.6,0.04548387096774194,70.6774193548387,15.548387096774194
Kenya,2026-01,20.733333333333334,69.32333333333332,0.0006666666666666666,55.233333333333334,18.94
Kenya,2026-02,19.87857142857143,67.78571428571429,0.037142857142857144,66.75,11.689285714285715
Kenya,2026-03,19.237037037037037,66.62592592592593,0.13925925925925925,78.07407407407408,9.0
Kiribati,2024-05,29.0875,84.35,0.07625,74.3125,21.04375
Kiribati,2024-06,28.862068965517242,83.96551724137932,0.01620689655172414,71.20689655172414,17.337931034482757
Kiribati,2024-07,28.585714285714285,83.43571428571428,0.105,72.5,16.678571428571427
Kiribati,2024-08,28.683870967741935,83.61612903225806,0.06096774193548388,72.38709677419355,18.893548387096775
Kiribati,2024-09,28.306451612903224,82.95161290322581,0.06967741935483872,71.7741935483871,18.351612903225806
Kiribati,2024-10,28.05806451612903,82.49354838709678,0.01032258064516129,73.41935483870968,20.780645161290323
Kiribati,2024-11,27.903333333333332,82.22666666666667,0.05266666666666667,72.2,19.676666666666666
Kiribati,2024-12,27.874193548387098,82.16451612903225,0.06483870967741935,77.38709677419355,25.283870967741933
Kiribati,2025-01,27.26774193548387,81.06129032258065,0.013548387096774195,77.16129032258064,25.25483870967742
Kiribati,2025-02,26.910714285714285,80.43571428571428,0.008571428571428572,77.92857142857143,23.360714285714288
Kiribati,2025-03,26.83225806451613,80.29032258064517,0.0232258064516129,81.54838709677419,25.387096774193548
Kiribati,2025-04,27.323333333333334,81.17666666666668,0.094,81.4,19.88
Kiribati,2025-05,27.86774193548387,82.16774193548386,0.02225806451612903,78.58064516129032,19.9741935483871
Kiribati,2025-06,28.12,82.60333333333332,0.08833333333333335,74.33333333333333,19.006666666666668
Kiribati,2025-07,27.961290322580645,82.3225806451613,0.1038709677419355,75.38709677419355,21.774193548387096
Kiribati,2025-08,27.958064516129035,82.31290322580645,0.07677419354838709,73.7741935483871,22.393548387096775
Kiribati,2025-09,27.496666666666666,81.5,0.022333333333333334,73.7,21.583333333333332
Kiribati,2025-10,27.45483870967742,81.41290322580646,0.10806451612903224,75.09677419354838,22.193548387096776
Kiribati,2025-11,27.596666666666668,81.67666666666668,0.049666666666666665,76.1,19.433333333333334
Kiribati,2025-12,27.67096774193548,81.81935483870969,0.11645161290322582,75.61290322580645,18.654838709677417
Kiribati,2026-01,28.10666666666667,82.59333333333333,0.11433333333333334,74.13333333333334,17.313333333333333
Kiribati,2026-02,28.657142857142855,83.59642857142856,0.205,72.25,20.896428571428572
Kiribati,2026-03,28.50714285714286,83.32142857142857,0.0842857142857143,71.35714285714286,15.439285714285715
Komoren,2024-07,25.2,77.3,0.0,71.0,24.8
Kosovo,2024-06,29.3,84.7,0.27,42.0,9.4
Kuwait,2024-05,38.84117647058823,101.9235294117647,0.0,16.823529411764707,11.464705882352941
Kuwait,2024-06,43.99,111.18666666666667,0.0,12.733333333333333,13.603333333333333
Kuwait,2024-07,44.206896551724135,111.57241379310345,0.0,15.862068965517242,20.20689655172414
Kuwait,2024-08,41.729032258064514,107.11612903225806,0.0,25.612903225806452,19.896774193548385
Kuwait,2024-09,41.31333333333334,106.37333333333332,0.0,16.1,18.266666666666666
Kuwait,2024-10,31.506451612903227,88.71935483870968,0.0029032258064516127,26.258064516129032,14.141935483870967
Kuwait,2024-11,25.85666666666667,78.54666666666667,0.020666666666666667,36.233333333333334,17.456666666666667
Kuwait,2024-12,20.129032258064516,68.2258064516129,0.0,30.193548387096776,15.583870967741936
Kuwait,2025-01,20.016129032258064,68.02580645161291,0.02032258064516129,31.451612903225808,14.399999999999999
Kuwait,2025-02,18.310714285714287,64.96785714285714,0.004642857142857143,36.32142857142857,15.057142857142859
Kuwait,2025-03,23.480645161290322,74.27741935483871,0.00967741935483871,37.354838709677416,17.36774193548387
Kuwait,2025-04,32.49666666666666,90.5,0.0006666666666666666,23.1,15.110000000000001
Kuwait,2025-05,39.332258064516125,102.80645161290323,0.0,12.612903225806452,20.932258064516127
Kuwait,2025-06,42.2,107.96000000000001,0.0,10.633333333333333,24.543333333333337
Kuwait,2025-07,44.68064516129032,112.41612903225807,0.0,8.935483870967742,21.135483870967743
Kuwait,2025-08,42.13870967741936,107.85483870967742,0.0,19.870967741935484,18.432258064516127
Kuwait,2025-09,39.123333333333335,102.43333333333334,0.0,15.3,17.456666666666667
Kuwait,2025-10,32.18709677419355,89.93225806451613,0.0,18.806451612903224,17.958064516129035
Kuwait,2025-11,23.69333333333333,74.65333333333334,0.0,29.633333333333333,13.556666666666667
Kuwait,2025-12,17.20967741935484,62.980645161290326,0.01870967741935484,64.06451612903226,13.94516129032258
Kuwait,2026-01,13.546666666666665,56.376666666666665,0.0,49.43333333333333,19.053333333333335
Kuwait,2026-02,19.335714285714285,66.81428571428572,0.025357142857142856,50.964285714285715,17.317857142857143
Kuwait,2026-03,18.884615384615383,65.99230769230769,0.12653846153846154,49.42307692307692,17.242307692307694
Kyrghyzstan,2024-05,15.823529411764707,60.48235294117647,0.4029411764705882,71.23529411764706,9.064705882352941
Kyrghyzstan,2024-06,24.90666666666667,76.84666666666666,0.17866666666666664,41.56666666666667,10.763333333333334
Kyrghyzstan,2024-07,27.75357142857143,81.93928571428572,0.5278571428571428,39.92857142857143,15.450000000000001
Kyrghyzstan,2024-08,29.641935483870967,85.35483870967742,0.2370967741935484,27.967741935483872,15.6
Kyrghyzstan,2024-09,22.243333333333332,72.03333333333333,0.06699999999999999,28.033333333333335,12.616666666666667
Kyrghyzstan,2024-10,16.093548387096774,60.97096774193548,0.08193548387096775,45.225806451612904,9.183870967741935
Kyrghyzstan,2024-11,9.963333333333333,49.92666666666666,0.07266666666666667,49.833333333333336,6.1
Kyrghyzstan,2024-12,0.4000000000000001,32.71935483870968,0.12064516129032257,73.58064516129032,6.309677419354839
Kyrghyzstan,2025-01,0.28387096774193543,32.51935483870968,0.03774193548387097,79.64516129032258,4.951612903225806
Kyrghyzstan,2025-02,3.5214285714285714,38.34285714285714,0.015714285714285715,71.25,5.567857142857143
Kyrghyzstan,2025-03,10.548387096774194,50.99032258064516,0.0596774193548387,50.645161290322584,9.225806451612904
Kyrghyzstan,2025-04,20.703333333333333,69.27333333333333,0.058666666666666666,36.2,9.503333333333334
Kyrghyzstan,2025-05,25.567741935483873,78.02903225806452,0.0729032258064516,34.225806451612904,9.04516129032258
Kyrghyzstan,2025-06,31.926666666666666,89.46000000000001,0.05633333333333333,21.333333333333332,12.763333333333332
Kyrghyzstan,2025-07,34.62903225806452,94.3258064516129,0.05838709677419355,17.032258064516128,15.874193548387098
Kyrghyzstan,2025-08,31.88064516129032,89.39354838709677,0.01806451612903226,17.419354838709676,16.677419354838708
Kyrghyzstan,2025-09,24.956666666666667,76.93,0.06933333333333333,26.166666666666668,14.47
Kyrghyzstan,2025-10,17.548387096774192,63.596774193548384,0.016774193548387096,31.93548387096774,9.716129032258063
Kyrghyzstan,2025-11,11.456666666666667,52.63333333333333,0.028,34.93333333333333,6.859999999999999
Kyrghyzstan,2025-12,4.738709677419355,40.50645161290323,0.0967741935483871,64.83870967741936,6.680645161290323
Kyrghyzstan,2026-01,2.7199999999999998,36.88333333333333,0.026333333333333334,67.13333333333334,5.616666666666666
Kyrghyzstan,2026-02,6.785714285714286,44.225,0.16142857142857145,66.42857142857143,8.967857142857143
Kyrghyzstan,2026-03,8.233333333333334,46.7925925925926,0.021851851851851855,55.44444444444444,6.548148148148148
Lao People's Democratic Republic,2024-06,25.0,77.1,1.97,95.0,9.0
Latvia,2024-05,24.529411764705884,76.15294117647058,0.16294117647058823,43.294117647058826,15.6
Latvia,2024-06,21.163333333333334,70.1,0.068,58.03333333333333,10.913333333333332
Latvia,2024-07,22.477777777777778,72.46296296296296,0.15703703703703706,61.51851851851852,12.792592592592591
Latvia,2024-08,22.364516129032257,72.26451612903226,0.11548387096774194,59.16129032258065,14.3
Latvia,2024-09,20.62,69.12666666666668,0.08433333333333334,62.7,12.526666666666667
Latvia,2024-10,11.09032258064516,51.961290322580645,0.02741935483870968,72.87096774193549,13.600000000000001
Latvia,2024-11,5.323333333333333,41.57666666666667,0.111,84.46666666666667,17.84333333333333
Latvia,2024-12,2.925806451612903,37.26451612903226,0.08967741935483872,82.45161290322581,18.338709677419356
Latvia,2025-01,2.8032258064516125,37.04516129032258,0.1270967741935484,88.16129032258064,15.558064516129033
Latvia,2025-02,-1.4857142857142858,29.335714285714285,0.047142857142857146,80.14285714285714,12.592857142857143
Latvia,2025-03,6.370967741935484,43.46451612903226,0.050967741935483875,69.61290322580645,14.258064516129032
Latvia,2025-04,9.526666666666667,49.15333333333333,0.08633333333333333,65.4,16.016666666666666
Latvia,2025-05,12.316129032258065,54.16451612903226,0.11258064516129032,61.935483870967744,13.106451612903227
Latvia,2025-06,16.736666666666668,62.13333333333333,0.15,69.66666666666667,18.09333333333333
Latvia,2025-07,21.67096774193548,71.01290322580645,0.1774193548387097,72.0,11.845161290322581
Latvia,2025-08,17.606451612903225,63.690322580645166,0.12774193548387097,75.41935483870968,13.53225806451613
Latvia,2025-09,15.766666666666667,60.38,0.059333333333333335,83.0,14.816666666666666
Latvia,2025-10,7.5,45.50645161290323,0.12838709677419355,90.90322580645162,14.754838709677419
Latvia,2025-11,3.25,37.85666666666667,0.034666666666666665,91.5,13.15
Latvia,2025-12,2.8483870967741933,37.12580645161291,0.08709677419354839,86.6774193548387,16.31935483870968
Latvia,2026-01,-9.106666666666666,15.596666666666666,0.016333333333333335,84.5,13.19
Latvia,2026-02,-10.435714285714285,13.228571428571428,0.028214285714285716,86.03571428571429,11.62857142857143
Latvia,2026-03,2.4814814814814814,36.46296296296296,0.03185185185185185,87.25925925925925,10.87037037037037
Lebanon,2024-05,24.941176470588236,76.89411764705882,0.0,63.88235294117647,15.082352941176469
Lebanon,2024-06,28.61,83.50333333333333,0.0,66.56666666666666,12.546666666666665
Lebanon,2024-07,30.260714285714283,86.46785714285714,0.0007142857142857143,64.60714285714286,16.692857142857143
Lebanon,2024-08,29.71935483870968,85.5,0.0,63.87096774193548,13.754838709677419
Lebanon,2024-09,29.696666666666665,85.46000000000001,0.005,59.2,15.156666666666666
Lebanon,2024-10,25.02258064516129,77.05806451612904,0.0012903225806451613,53.29032258064516,12.841935483870968
Lebanon,2024-11,21.296666666666667,70.33333333333333,0.07733333333333332,59.63333333333333,13.5
Lebanon,2024-12,18.216129032258067,64.80322580645162,0.11387096774193549,54.064516129032256,14.241935483870968
Lebanon,2025-01,18.864516129032257,65.96451612903226,0.035483870967741936,53.61290322580645,10.474193548387097
Lebanon,2025-02,14.821428571428571,58.68214285714286,0.20428571428571426,54.5,14.017857142857142
Lebanon,2025-03,20.033333333333335,68.06333333333333,0.043333333333333335,56.2,12.236666666666668
Lebanon,2025-04,21.433333333333334,70.58999999999999,0.056666666666666664,57.4,16.6
Lebanon,2025-05,24.62258064516129,76.31935483870969,0.030967741935483874,62.16129032258065,16.54516129032258
Lebanon,2025-06,27.029999999999998,80.65666666666667,0.0,67.76666666666667,14.456666666666667
Lebanon,2025-07,29.72258064516129,85.50322580645161,0.0,65.87096774193549,18.996774193548386
Lebanon,2025-08,30.164516129032258,86.29354838709678,0.0,65.45161290322581,16.85483870967742
Lebanon,2025-09,28.61,83.49666666666667,0.0026666666666666666,61.63333333333333,13.393333333333334
Lebanon,2025-10,25.870967741935484,78.56774193548387,0.011935483870967743,57.0,12.393548387096773
Lebanon,2025-11,24.323333333333334,75.77,0.06566666666666666,49.166666666666664,8.629999999999999
Lebanon,2025-12,17.274193548387096,63.10322580645161,0.18645161290322582,54.87096774193548,10.351612903225806
Lebanon,2026-01,15.433333333333334,59.769999999999996,0.16033333333333336,56.03333333333333,14.376666666666667
Lebanon,2026-02,16.12142857142857,61.021428571428565,0.19,62.75,16.585714285714285
Lebanon,2026-03,14.853571428571428,58.728571428571435,0.18178571428571427,56.857142857142854,13.278571428571428
Lesotho,2024-05,20.970588235294116,69.75882352941177,0.0,22.294117647058822,12.052941176470588
Lesotho,2024-06,15.083333333333334,59.15333333333333,0.04033333333333334,34.9,10.026666666666667
Lesotho,2024-07,15.332142857142857,59.596428571428575,0.0,20.857142857142858,18.164285714285715
Lesotho,2024-08,20.26451612903226,68.48387096774194,0.0,17.129032258064516,18.65806451612903
Lesotho,2024-09,20.44,68.78666666666666,0.005,35.36666666666667,21.52
Lesotho,2024-10,22.34193548387097,72.21935483870968,0.011612903225806452,30.322580645161292,14.812903225806451
Lesotho,2024-11,24.646666666666665,76.34666666666666,0.029333333333333333,34.5,18.470000000000002
Lesotho,2024-12,29.248387096774195,84.66129032258064,0.043548387096774194,26.64516129032258,19.07741935483871
Lesotho,2025-01,26.990322580645163,80.58709677419354,0.03387096774193549,44.54838709677419,13.270967741935483
Lesotho,2025-02,26.146428571428572,79.06428571428572,0.17178571428571426,45.92857142857143,12.210714285714285
Lesotho,2025-03,22.480645161290322,72.46451612903226,0.12483870967741936,58.29032258064516,10.600000000000001
Lesotho,2025-04,16.95,62.50666666666667,0.27566666666666667,67.86666666666666,9.44
Lesotho,2025-05,13.964516129032257,57.148387096774194,0.004838709677419355,53.29032258064516,8.261290322580646
Lesotho,2025-06,10.623333333333333,51.13333333333333,0.0023333333333333335,50.93333333333333,9.476666666666667
Lesotho,2025-07,10.729032258064517,51.31935483870968,0.011935483870967743,56.903225806451616,9.141935483870967
Lesotho,2025-08,12.990322580645161,55.38709677419355,0.01032258064516129,49.16129032258065,11.870967741935484
Lesotho,2025-09,18.126666666666665,64.61666666666666,0.033,40.833333333333336,14.386666666666665
Lesotho,2025-10,19.325806451612905,66.79032258064517,0.05096774193548387,46.41935483870968,14.100000000000001
Lesotho,2025-11,20.43,68.78,0.19666666666666668,49.666666666666664,10.473333333333333
Lesotho,2025-12,22.07741935483871,71.73870967741935,0.06483870967741935,50.096774193548384,13.119354838709677
Lesotho,2026-01,22.953333333333333,73.31666666666666,0.019333333333333334,49.06666666666667,12.073333333333332
Lesotho,2026-02,20.782142857142855,69.40714285714286,0.045,55.07142857142857,9.382142857142856
Lesotho,2026-03,17.892307692307693,64.21153846153847,0.25346153846153846,63.34615384615385,6.476923076923077
Letonia,2024-07,20.6,69.1,1.83,94.0,13.3
Liberia,2024-05,30.705882352941178,87.27058823529411,0.11823529411764705,74.58823529411765,13.75294117647059
Liberia,2024-06,28.372413793103448,83.0758620689655,0.7144827586206897,82.58620689655173,13.879310344827585
Liberia,2024-07,26.644827586206898,79.96206896551725,0.6231034482758621,81.51724137931035,17.220689655172414
Liberia,2024-08,25.79032258064516,78.40967741935484,0.8164516129032258,81.03225806451613,18.219354838709677
Liberia,2024-09,25.896666666666665,78.60666666666665,0.9440000000000001,86.9,11.593333333333334
Liberia,2024-10,25.9,78.61935483870967,0.4958064516129032,89.3225806451613,7.348387096774194
Liberia,2024-11,26.936666666666667,80.49333333333334,0.13266666666666665,88.63333333333334,6.096666666666667
Liberia,2024-12,28.25483870967742,82.86129032258064,0.0064516129032258064,77.74193548387096,5.945161290322581
Liberia,2025-01,27.9741935483871,82.35161290322581,0.02258064516129032,81.58064516129032,6.754838709677419
Liberia,2025-02,28.22142857142857,82.80357142857143,0.06321428571428571,80.21428571428571,8.092857142857143
Liberia,2025-03,27.335483870967742,81.20967741935483,0.06967741935483872,82.83870967741936,9.077419354838709
Liberia,2025-04,27.096666666666668,80.77,0.08633333333333333,87.23333333333333,6.8966666666666665
Liberia,2025-05,26.480645161290322,79.66451612903225,0.2974193548387097,89.70967741935483,6.890322580645161
Liberia,2025-06,25.526666666666664,77.94666666666667,0.5263333333333333,91.66666666666667,9.156666666666666
Liberia,2025-07,24.62258064516129,76.3225806451613,0.3693548387096774,92.25806451612904,13.290322580645162
Liberia,2025-08,24.248387096774195,75.64193548387097,0.3064516129032258,92.96774193548387,15.33548387096774
Liberia,2025-09,24.323333333333334,75.78999999999999,0.6683333333333333,94.06666666666666,8.52
Liberia,2025-10,24.374193548387098,75.88064516129033,0.30000000000000004,92.58064516129032,6.525806451612904
Liberia,2025-11,24.543333333333333,76.17666666666668,0.484,92.86666666666666,5.303333333333333
Liberia,2025-12,24.23225806451613,75.61935483870968,0.2870967741935484,94.0,5.754838709677419
Liberia,2026-01,24.016666666666666,75.23666666666666,0.257,93.66666666666667,7.2266666666666675
Liberia,2026-02,24.150000000000002,75.47142857142856,0.10678571428571429,93.85714285714286,6.957142857142857
Liberia,2026-03,24.511111111111113,76.11851851851851,0.17666666666666664,93.22222222222223,8.0
Libya,2024-06,27.0,80.6,0.0,74.0,31.7
Liechtenstein,2024-05,17.11764705882353,62.811764705882354,0.6329411764705882,67.88235294117646,9.911764705882353
Liechtenstein,2024-06,20.720000000000002,69.29333333333334,0.489,68.46666666666667,8.786666666666665
Liechtenstein,2024-07,22.482142857142858,72.46071428571429,0.12250000000000001,61.107142857142854,8.332142857142857
Liechtenstein,2024-08,22.951612903225808,73.31290322580645,0.12838709677419352,55.645161290322584,7.958064516129032
Liechtenstein,2024-09,16.503333333333334,61.71,0.163,70.83333333333333,6.47
Liechtenstein,2024-10,11.54516129032258,52.78064516129032,0.16451612903225804,87.96774193548387,7.112903225806452
Liechtenstein,2024-11,2.14,35.86333333333334,0.11033333333333332,93.86666666666666,7.133333333333334
Liechtenstein,2024-12,-0.5870967741935483,30.948387096774194,0.13161290322580646,89.06451612903226,7.216129032258064
Liechtenstein,2025-01,2.2451612903225806,36.041935483870965,0.2390322580645161,85.35483870967742,9.05483870967742
Liechtenstein,2025-02,3.1607142857142856,37.69285714285714,0.03892857142857143,90.82142857142857,6.753571428571428
Liechtenstein,2025-03,6.864516129032258,44.36129032258064,0.1,81.58064516129032,7.483870967741935
Liechtenstein,2025-04,10.236666666666668,50.42666666666666,0.035666666666666666,73.23333333333333,7.673333333333333
Liechtenstein,2025-05,13.529032258064516,56.351612903225806,0.24741935483870967,71.19354838709677,5.819354838709677
Liechtenstein,2025-06,20.220000000000002,68.4,0.10833333333333334,69.9,5.84
Liechtenstein,2025-07,19.06451612903226,66.30967741935484,0.6474193548387097,76.2258064516129,5.009677419354839
Liechtenstein,2025-08,18.883870967741935,66.0,0.1964516129032258,79.90322580645162,4.290322580645161
Liechtenstein,2025-09,14.91,58.843333333333334,0.20099999999999998,86.26666666666667,5.006666666666667
Liechtenstein,2025-10,9.67741935483871,49.42580645161291,0.06451612903225806,85.74193548387096,7.012903225806451
Liechtenstein,2025-11,3.61,38.50666666666667,0.10333333333333333,97.73333333333333,9.51
Liechtenstein,2025-12,1.5935483870967742,34.87419354838709,0.007419354838709677,96.80645161290323,9.406451612903227
Liechtenstein,2026-01,-1.26551724137931,29.720689655172414,0.13103448275862067,94.62068965517241,8.841379310344827
Liechtenstein,2026-02,3.310714285714286,37.957142857142856,0.2814285714285714,92.53571428571429,8.696428571428571
Liechtenstein,2026-03,-1.3785714285714286,29.525000000000002,0.11785714285714285,88.5,8.364285714285714
Lithuania,2024-05,21.705882352941178,71.07058823529412,0.31764705882352945,49.35294117647059,15.711764705882354
Lithuania,2024-06,21.836666666666666,71.30666666666666,0.17566666666666667,56.266666666666666,14.06
Lithuania,2024-07,23.349999999999998,74.04642857142858,0.6575,57.857142857142854,14.778571428571428
Lithuania,2024-08,23.809677419354838,74.87096774193549,0.03096774193548387,54.806451612903224,13.66451612903226
Lithuania,2024-09,21.46333333333333,70.63666666666667,0.08166666666666665,53.43333333333333,15.603333333333333
Lithuania,2024-10,10.229032258064517,50.42258064516129,0.07064516129032258,76.54838709677419,13.73225806451613
Lithuania,2024-11,3.31,37.96,0.03166666666666667,86.96666666666667,16.476666666666667
Lithuania,2024-12,2.0516129032258066,35.70322580645161,0.0232258064516129,86.45161290322581,16.40967741935484
Lithuania,2025-01,1.729032258064516,35.11290322580645,0.08451612903225807,89.74193548387096,16.651612903225807
Lithuania,2025-02,-2.8857142857142857,26.810714285714287,0.011785714285714287,73.67857142857143,13.635714285714286
Lithuania,2025-03,6.619354838709677,43.92258064516129,0.0661290322580645,64.25806451612904,16.551612903225806
Lithuania,2025-04,11.066666666666666,51.93,0.019666666666666666,56.333333333333336,16.78666666666667
Lithuania,2025-05,11.661290322580646,53.00322580645161,0.19870967741935483,59.0,14.53225806451613
Lithuania,2025-06,17.19333333333333,62.95333333333333,0.14833333333333334,68.26666666666667,19.19333333333333
Lithuania,2025-07,20.66774193548387,69.20645161290322,0.5138709677419355,72.29032258064517,12.687096774193549
Lithuania,2025-08,17.65806451612903,63.78064516129032,0.08064516129032258,72.87096774193549,13.432258064516128
Lithuania,2025-09,15.2,59.35,0.04933333333333334,80.7,15.053333333333335
Lithuania,2025-10,6.838709677419355,44.31612903225806,0.1625806451612903,91.80645161290323,14.935483870967742
Lithuania,2025-11,2.396666666666667,36.31666666666667,0.053,95.36666666666666,11.42
Lithuania,2025-12,0.8870967741935484,33.60967741935484,0.02,92.2258064516129,13.567741935483872
Lithuania,2026-01,-10.75,12.656666666666666,0.08600000000000001,86.26666666666667,12.423333333333334
Lithuania,2026-02,-8.64642857142857,16.442857142857143,0.08357142857142856,84.46428571428571,11.717857142857143
Lithuania,2026-03,3.0814814814814815,37.544444444444444,0.00037037037037037035,79.33333333333333,10.92222222222222
Luxembourg,2024-05,16.564705882352943,61.81764705882353,0.3458823529411765,67.3529411764706,15.811764705882354
Luxembourg,2024-06,18.92758620689655,66.07241379310345,0.26,63.724137931034484,14.789655172413791
Luxembourg,2024-07,21.375,70.47142857142858,0.1285714285714286,63.25,14.1
Luxembourg,2024-08,23.04516129032258,73.48709677419355,0.1254838709677419,62.193548387096776,13.974193548387097
Luxembourg,2024-09,16.616666666666667,61.913333333333334,0.07933333333333333,75.73333333333333,17.216666666666665
Luxembourg,2024-10,11.625806451612902,52.938709677419354,0.05741935483870968,89.06451612903226,12.212903225806452
Luxembourg,2024-11,5.586666666666667,42.056666666666665,0.049,90.26666666666667,12.536666666666667
Luxembourg,2024-12,3.270967741935484,37.89354838709678,0.034516129032258064,89.2258064516129,14.451612903225806
Luxembourg,2025-01,2.3838709677419354,36.29354838709677,0.21096774193548387,88.29032258064517,15.203225806451613
Luxembourg,2025-02,2.5535714285714284,36.6,0.007857142857142858,82.60714285714286,12.557142857142859
Luxembourg,2025-03,7.490322580645161,45.49354838709677,0.0012903225806451613,65.6774193548387,13.193548387096774
Luxembourg,2025-04,11.246666666666666,52.24333333333333,0.10466666666666667,67.33333333333333,16.12333333333333
Luxembourg,2025-05,14.648387096774194,58.37419354838709,0.07419354838709677,59.96774193548387,16.141935483870967
Luxembourg,2025-06,18.9,66.01,0.04766666666666666,70.4,15.736666666666668
Luxembourg,2025-07,18.825806451612905,65.88387096774194,0.09870967741935484,69.64516129032258,13.270967741935483
Luxembourg,2025-08,17.580645161290324,63.645161290322584,0.04387096774193549,74.35483870967742,12.161290322580646
Luxembourg,2025-09,12.71,54.88,0.211,91.9,14.553333333333335
Luxembourg,2025-10,9.3,48.73870967741936,0.07290322580645162,91.6774193548387,15.570967741935483
Luxembourg,2025-11,4.6866666666666665,40.443333333333335,0.045000000000000005,93.86666666666666,9.479999999999999
Luxembourg,2025-12,3.393548387096774,38.11612903225806,0.031290322580645166,92.3225806451613,10.422580645161291
Luxembourg,2026-01,0.66,33.190000000000005,0.08800000000000001,95.6,12.879999999999999
Luxembourg,2026-02,4.196428571428571,39.56428571428571,0.06642857142857143,96.39285714285714,14.210714285714285
Luxembourg,2026-03,4.177777777777778,39.51481481481482,0.08407407407407408,86.03703703703704,10.151851851851852
Macedonia,2024-05,23.235294117647058,73.82352941176471,0.1476470588235294,61.529411764705884,10.858823529411765
Macedonia,2024-06,33.36896551724138,92.05172413793103,0.0020689655172413794,38.6551724137931,9.217241379310344
Macedonia,2024-07,34.99285714285715,94.99285714285715,0.05964285714285714,28.464285714285715,11.296428571428573
Macedonia,2024-08,35.97096774193548,96.75161290322582,0.006129032258064516,22.29032258064516,10.280645161290321
Macedonia,2024-09,26.38,79.49,0.126,43.03333333333333,8.126666666666667
Macedonia,2024-10,18.76451612903226,65.78387096774193,0.016774193548387096,55.32258064516129,5.538709677419355
Macedonia,2024-11,8.57,47.419999999999995,0.058666666666666666,64.66666666666667,4.739999999999999
Macedonia,2024-12,6.741935483870968,44.13870967741936,0.12064516129032257,74.41935483870968,5.419354838709677
Macedonia,2025-01,5.145161290322581,41.270967741935486,0.05709677419354838,77.96774193548387,4.580645161290323
Macedonia,2025-02,7.270370370370371,45.092592592592595,0.0011111111111111111,60.51851851851852,6.055555555555555
Macedonia,2025-03,14.906451612903227,58.82258064516129,0.07903225806451614,56.516129032258064,6.52258064516129
Macedonia,2025-04,16.8,62.24,0.05566666666666667,54.36666666666667,7.1066666666666665
Macedonia,2025-05,19.92666666666667,67.86333333333333,0.09866666666666667,54.86666666666667,7.543333333333334
Macedonia,2025-06,29.206666666666667,84.57,0.0036666666666666666,38.86666666666667,6.6899999999999995
Macedonia,2025-07,30.322580645161292,86.58387096774193,0.000967741935483871,36.74193548387097,9.206451612903225
Macedonia,2025-08,24.977419354838712,76.95806451612903,0.01096774193548387,50.25806451612903,8.3
Macedonia,2025-09,20.86,69.55,0.009000000000000001,59.86666666666667,6.71
Macedonia,2025-10,11.109677419354838,52.00645161290323,0.15258064516129033,79.06451612903226,5.66774193548387
Macedonia,2025-11,8.013333333333334,46.419999999999995,0.13933333333333336,89.53333333333333,4.263333333333334
Macedonia,2025-12,1.0516129032258066,33.900000000000006,0.07032258064516128,88.80645161290323,3.935483870967742
Macedonia,2026-01,0.6133333333333333,33.10333333333333,0.045000000000000005,86.96666666666667,4.3566666666666665
Macedonia,2026-02,4.053571428571429,39.28928571428571,0.05392857142857143,86.17857142857143,4.721428571428571
Macedonia,2026-03,4.661538461538462,40.388461538461534,0.005769230769230769,80.53846153846153,4.469230769230769
Madagascar,2024-05,21.22941176470588,70.20294117647059,0.015882352941176472,57.38235294117647,15.75
Madagascar,2024-06,21.577966101694912,70.8406779661017,0.005593220338983051,53.271186440677965,14.288135593220339
Madagascar,2024-07,24.82456140350877,76.67543859649123,0.0,31.964912280701753,10.452631578947368
Madagascar,2024-08,25.240322580645163,77.42903225806452,0.02661290322580645,32.17741935483871,14.55483870967742
Madagascar,2024-09,28.26833333333333,82.885,0.025500000000000005,35.03333333333333,14.288333333333332
Madagascar,2024-10,28.47258064516129,83.25806451612904,0.017741935483870968,33.725806451612904,13.546774193548387
Madagascar,2024-11,31.621666666666666,88.91666666666667,0.04816666666666666,33.53333333333333,9.376666666666667
Madagascar,2024-12,33.24354838709677,91.84193548387097,0.038387096774193545,30.548387096774192,9.774193548387096
Madagascar,2025-01,31.19193548387097,88.14032258064516,0.25483870967741934,43.596774193548384,10.649999999999999
Madagascar,2025-02,28.96727272727273,84.1490909090909,0.3985454545454546,55.41818181818182,10.610909090909091
Madagascar,2025-03,27.661290322580644,81.79032258064517,0.11596774193548386,56.774193548387096,12.383870967741935
Madagascar,2025-04,27.73,81.92333333333333,0.05566666666666666,52.5,9.28
Madagascar,2025-05,23.967741935483872,75.14516129032258,0.012096774193548387,55.66129032258065,12.585483870967742
Madagascar,2025-06,22.51833333333333,72.52833333333334,0.004333333333333333,50.666666666666664,11.266666666666667
Madagascar,2025-07,20.87258064516129,69.57096774193548,0.002741935483870968,50.70967741935484,13.23225806451613
Madagascar,2025-08,20.819607843137256,69.48235294117647,0.01607843137254902,48.568627450980394,12.474509803921569
Madagascar,2025-09,22.60666666666667,72.69666666666667,0.0006666666666666666,45.86666666666667,12.966666666666667
Madagascar,2025-10,23.951612903225808,75.11612903225806,0.0064516129032258064,48.354838709677416,10.970967741935485
Madagascar,2025-11,25.37,77.66333333333334,0.01633333333333333,56.03333333333333,8.53
Madagascar,2025-12,23.429032258064513,74.1774193548387,0.10967741935483871,68.25806451612904,10.248387096774193
Madagascar,2026-01,24.043333333333333,75.28666666666666,0.19733333333333333,69.0,9.18
Madagascar,2026-02,23.610714285714288,74.50357142857142,0.031785714285714285,67.85714285714286,7.564285714285715
Madagascar,2026-03,23.2,73.75925925925925,0.0022222222222222222,64.96296296296296,11.2
Malawi,2024-05,22.99411764705882,73.39411764705882,0.015294117647058824,47.64705882352941,16.811764705882354
Malawi,2024-06,23.626666666666665,74.51333333333334,0.0,38.2,14.943333333333333
Malawi,2024-07,26.482758620689655,79.67241379310344,0.0,22.03448275862069,10.96206896551724
Malawi,2024-08,26.480645161290322,79.65806451612903,0.0,27.387096774193548,15.780645161290321
Malawi,2024-09,27.313333333333333,81.15,0.001,30.533333333333335,17.11
Malawi,2024-10,28.425806451612903,83.16129032258064,0.0035483870967741938,33.774193548387096,13.906451612903227
Malawi,2024-11,28.966666666666665,84.14666666666668,0.016,43.266666666666666,14.83
Malawi,2024-12,30.809677419354838,87.45806451612903,0.07935483870967742,36.38709677419355,13.167741935483871
Malawi,2025-01,24.0258064516129,75.26451612903226,0.33129032258064517,72.48387096774194,9.616129032258065
Malawi,2025-02,24.442857142857143,76.01071428571429,0.5096428571428572,72.35714285714286,9.867857142857144
Malawi,2025-03,24.345161290322583,75.8258064516129,0.26,69.03225806451613,8.35483870967742
Malawi,2025-04,23.88,74.97666666666667,0.15566666666666668,69.3,10.31
Malawi,2025-05,21.403225806451612,70.53548387096774,0.027419354838709678,67.19354838709677,9.858064516129033
Malawi,2025-06,20.783333333333335,69.41000000000001,0.0003333333333333333,57.86666666666667,10.243333333333334
Malawi,2025-07,20.02258064516129,68.03870967741935,0.0003225806451612903,50.83870967741935,10.174193548387096
Malawi,2025-08,21.806451612903224,71.26129032258065,0.0,40.32258064516129,12.206451612903225
Malawi,2025-09,25.183333333333334,77.33999999999999,0.0,38.333333333333336,15.8
Malawi,2025-10,25.225806451612904,77.39354838709677,0.0032258064516129032,45.193548387096776,16.58709677419355
Malawi,2025-11,24.256666666666668,75.66666666666667,0.192,65.46666666666667,13.496666666666666
Malawi,2025-12,22.74516129032258,72.93225806451613,0.22548387096774195,77.2258064516129,11.606451612903227
Malawi,2026-01,22.31,72.15666666666667,0.2866666666666667,84.3,6.983333333333333
Malawi,2026-02,20.942857142857143,69.70714285714286,0.19785714285714287,88.39285714285714,5.107142857142857
Malawi,2026-03,20.325925925925926,68.58888888888889,0.3959259259259259,88.33333333333333,6.833333333333333
Malaysia,2024-05,27.88235294117647,82.18823529411765,0.36411764705882355,87.70588235294117,6.335294117647059
Malaysia,2024-06,27.233333333333334,81.02,0.39133333333333337,83.4,4.953333333333333
Malaysia,2024-07,28.86896551724138,83.97241379310344,0.09758620689655173,75.03448275862068,5.248275862068965
Malaysia,2024-08,27.251612903225805,81.04838709677419,0.8112903225806452,81.48387096774194,6.377419354838709
Malaysia,2024-09,30.263333333333332,86.47,0.523,70.5,5.6066666666666665
Malaysia,2024-10,29.616129032258065,85.30000000000001,0.4135483870967742,72.61290322580645,8.196774193548388
Malaysia,2024-11,28.326666666666664,82.99333333333334,0.8770000000000001,81.5,5.443333333333333
Malaysia,2024-12,27.10967741935484,80.80645161290323,0.6558064516129033,84.35483870967742,5.412903225806452
Malaysia,2025-01,28.200000000000003,82.76451612903226,0.854516129032258,78.29032258064517,4.258064516129032
Malaysia,2025-02,29.664285714285715,85.38928571428572,0.7374999999999999,70.96428571428571,5.682142857142857
Malaysia,2025-03,30.154838709677417,86.28064516129032,0.9703225806451612,72.06451612903226,5.564516129032258
Malaysia,2025-04,30.103333333333335,86.19666666666667,0.9833333333333333,73.96666666666667,5.376666666666667
Malaysia,2025-05,31.46451612903226,88.63870967741936,0.5480645161290322,67.87096774193549,7.27741935483871
Malaysia,2025-06,32.52333333333333,90.53666666666666,0.3416666666666667,60.56666666666667,7.8100000000000005
Malaysia,2025-07,33.277419354838706,91.90322580645162,0.23870967741935484,55.58064516129032,9.761290322580646
Malaysia,2025-08,31.887096774193548,89.3967741935484,0.4719354838709678,60.935483870967744,8.016129032258064
Malaysia,2025-09,31.186666666666667,88.13666666666667,0.37766666666666665,64.96666666666667,6.680000000000001
Malaysia,2025-10,31.799999999999997,89.24193548387096,0.6499999999999999,63.58064516129032,9.103225806451613
Malaysia,2025-11,30.733333333333334,87.32333333333332,0.45733333333333337,69.26666666666667,8.926666666666668
Malaysia,2025-12,30.993548387096773,87.78709677419356,1.0383870967741935,66.96774193548387,5.083870967741936
Malaysia,2026-01,31.91,89.44,0.46900000000000003,55.7,4.41
Malaysia,2026-02,32.66428571428572,90.81428571428572,0.55,53.857142857142854,5.410714285714286
Malaysia,2026-03,33.68076923076923,92.62307692307692,0.32923076923076927,53.5,5.761538461538462
Maldives,2024-05,28.823529411764707,83.89999999999999,0.6058823529411765,80.58823529411765,33.688235294117646
Maldives,2024-06,28.61785714285714,83.50714285714285,0.05071428571428572,78.46428571428571,21.603571428571428
Maldives,2024-07,28.525000000000002,83.33571428571429,0.26999999999999996,79.03571428571429,21.446428571428573
Maldives,2024-08,27.861290322580647,82.16129032258064,0.4483870967741936,77.54838709677419,23.700000000000003
Maldives,2024-09,28.053333333333335,82.50333333333333,0.38366666666666666,77.76666666666667,22.583333333333332
Maldives,2024-10,27.787096774193547,82.01935483870967,0.3706451612903226,78.25806451612904,23.425806451612903
Maldives,2024-11,27.709999999999997,81.89333333333335,0.14433333333333334,73.16666666666667,12.313333333333333
Maldives,2024-12,27.693548387096776,81.85483870967742,0.23741935483870968,70.87096774193549,14.038709677419355
Maldives,2025-01,27.20967741935484,80.96774193548387,0.4496774193548387,75.7741935483871,19.041935483870965
Maldives,2025-02,27.67142857142857,81.81428571428572,0.06035714285714285,69.0,16.442857142857143
Maldives,2025-03,28.11935483870968,82.62258064516129,0.13451612903225807,73.16129032258064,13.719354838709679
Maldives,2025-04,28.983333333333334,84.18333333333334,0.131,70.2,12.7
Maldives,2025-05,29.067741935483873,84.35161290322581,0.24870967741935485,75.74193548387096,24.40967741935484
Maldives,2025-06,28.39333333333333,83.11666666666666,0.37133333333333335,77.06666666666666,25.466666666666665
Maldives,2025-07,27.94193548387097,82.28709677419356,0.2635483870967742,78.16129032258064,25.416129032258063
Maldives,2025-08,27.461290322580645,81.43548387096774,0.08935483870967742,77.51612903225806,24.65806451612903
Maldives,2025-09,27.763333333333332,81.97666666666667,0.12066666666666667,77.03333333333333,22.763333333333332
Maldives,2025-10,27.625806451612902,81.74193548387096,0.26838709677419353,77.51612903225806,25.33225806451613
Maldives,2025-11,27.253333333333334,81.05666666666666,0.24200000000000002,70.96666666666667,15.52
Maldives,2025-12,27.258064516129032,81.06774193548387,0.07290322580645162,72.25806451612904,14.777419354838708
Maldives,2026-01,26.80666666666667,80.26,0.04866666666666667,71.16666666666667,13.57
Maldives,2026-02,27.021428571428572,80.63214285714285,0.19857142857142857,74.14285714285714,12.667857142857143
Maldives,2026-03,27.803703703703704,82.05185185185185,0.07111111111111111,70.14814814814815,12.92962962962963
Mali,2024-05,37.11764705882353,98.81176470588235,0.00823529411764706,36.64705882352941,10.235294117647058
Mali,2024-06,35.02333333333333,95.03666666666666,0.004666666666666667,43.6,9.82
Mali,2024-07,29.603448275862068,85.28275862068965,0.21965517241379312,67.3103448275862,11.568965517241379
Mali,2024-08,27.961290322580645,82.33870967741936,0.407741935483871,73.96774193548387,12.870967741935484
Mali,2024-09,28.333333333333332,83.00333333333333,0.3096666666666667,74.6,10.613333333333333
Mali,2024-10,27.69677419354839,81.86129032258064,0.09935483870967741,67.38709677419355,6.358064516129032
Mali,2024-11,26.296666666666667,79.33666666666666,0.0,35.06666666666667,8.979999999999999
Mali,2024-12,26.977419354838712,80.56129032258065,0.0,19.387096774193548,16.629032258064516
Mali,2025-01,25.616129032258065,78.11290322580645,0.0,19.06451612903226,15.845161290322581
Mali,2025-02,27.57857142857143,81.64642857142857,0.0,20.5,16.785714285714285
Mali,2025-03,31.335483870967742,88.40322580645162,0.0,35.12903225806452,12.703225806451613
Mali,2025-04,30.64,87.15333333333334,0.0003333333333333333,51.8,12.346666666666666
Mali,2025-05,28.29032258064516,82.92903225806452,0.0003225806451612903,71.29032258064517,14.503225806451614
Mali,2025-06,26.603333333333335,79.89333333333335,0.0003333333333333333,77.86666666666666,13.360000000000001
Mali,2025-07,25.458064516129035,77.83225806451614,0.21645161290322582,87.48387096774194,11.819354838709677
Mali,2025-08,24.24516129032258,75.64193548387097,0.2067741935483871,96.19354838709677,9.54516129032258
Mali,2025-09,23.990000000000002,75.18333333333334,0.14333333333333334,98.06666666666666,6.873333333333333
Mali,2025-10,24.470967741935485,76.0516129032258,0.0,87.29032258064517,5.638709677419355
Mali,2025-11,20.673333333333336,69.21333333333334,0.0,67.53333333333333,6.333333333333333
Mali,2025-12,19.825806451612905,67.6774193548387,0.015806451612903224,36.516129032258064,7.761290322580645
Mali,2026-01,19.93,67.88666666666667,0.009333333333333334,36.2,8.78
Mali,2026-02,20.90357142857143,69.62857142857142,0.0,29.428571428571427,8.325
Mali,2026-03,26.603846153846156,79.88461538461539,0.08923076923076922,37.96153846153846,9.515384615384615
Malta,2024-05,26.235294117647058,79.2235294117647,0.007647058823529412,49.64705882352941,16.33529411764706
Malta,2024-06,28.603333333333335,83.48666666666666,0.0,54.63333333333333,16.586666666666666
Malta,2024-07,30.93448275862069,87.69310344827586,0.0,52.44827586206897,15.744827586206895
Malta,2024-08,30.938709677419357,87.68709677419355,0.0003225806451612903,57.54838709677419,13.958064516129031
Malta,2024-09,27.996666666666666,82.40333333333334,0.025666666666666667,62.4,20.30666666666667
Malta,2024-10,24.625806451612902,76.32903225806452,0.000967741935483871,66.29032258064517,17.51290322580645
Malta,2024-11,20.543333333333333,68.98666666666666,0.20400000000000001,69.6,17.75
Malta,2024-12,16.551612903225806,61.809677419354834,0.04387096774193549,66.90322580645162,27.274193548387096
Malta,2025-01,16.96451612903226,62.53548387096774,0.07709677419354839,71.74193548387096,24.925806451612903
Malta,2025-02,15.710714285714285,60.28214285714286,0.04035714285714286,75.21428571428571,21.035714285714285
Malta,2025-03,17.483870967741936,63.47741935483871,0.1003225806451613,75.03225806451613,25.570967741935487
Malta,2025-04,18.540000000000003,65.36666666666666,0.017333333333333333,70.33333333333333,21.566666666666666
Malta,2025-05,23.364516129032257,74.06774193548387,0.029354838709677415,60.25806451612903,18.616129032258065
Malta,2025-06,28.98,84.17,0.0,50.833333333333336,10.926666666666668
Malta,2025-07,30.690322580645162,87.23548387096773,0.0012903225806451613,53.58064516129032,17.44516129032258
Malta,2025-08,28.612903225806452,83.50322580645161,0.0003225806451612903,64.64516129032258,13.725806451612904
Malta,2025-09,26.763333333333332,80.17,0.063,69.06666666666666,13.523333333333333
Malta,2025-10,21.983870967741936,71.5741935483871,0.02032258064516129,73.51612903225806,20.996774193548386
Malta,2025-11,17.65666666666667,63.776666666666664,0.04700000000000001,78.4,20.283333333333335
Malta,2025-12,13.816129032258065,56.87419354838709,0.1135483870967742,85.6774193548387,20.674193548387095
Malta,2026-01,13.446666666666665,56.21333333333334,0.14766666666666667,81.9,31.653333333333332
Malta,2026-02,13.289285714285715,55.917857142857144,0.17392857142857143,84.82142857142857,29.739285714285717
Malta,2026-03,12.907142857142857,55.239285714285714,0.07357142857142858,85.96428571428571,23.464285714285715
Malásia,2024-07,24.3,75.7,1.55,93.0,6.5
Marrocos,2024-07,40.3,104.6,0.0,14.0,16.9
Marshall Islands,2024-05,28.35,83.025,0.4675,82.0,16.625
Marshall Islands,2024-06,28.296666666666667,82.92666666666668,0.33533333333333337,81.26666666666667,11.613333333333333
Marshall Islands,2024-07,28.42413793103448,83.16551724137932,0.4744827586206897,79.82758620689656,16.755172413793105
Marshall Islands,2024-08,28.364516129032257,83.04516129032258,0.30000000000000004,79.03225806451613,12.761290322580646
Marshall Islands,2024-09,28.496774193548386,83.30000000000001,0.5625806451612904,80.25806451612904,10.196774193548388
Marshall Islands,2024-10,28.58709677419355,83.4483870967742,0.24000000000000002,79.83870967741936,15.219354838709679
Marshall Islands,2024-11,28.146666666666665,82.67333333333333,0.37933333333333336,82.86666666666666,20.243333333333332
Marshall Islands,2024-12,28.0,82.4,0.25451612903225806,82.41935483870968,34.690322580645166
Marshall Islands,2025-01,28.038709677419355,82.46774193548387,0.11645161290322582,78.7741935483871,34.480645161290326
Marshall Islands,2025-02,27.557142857142857,81.60000000000001,0.11750000000000001,81.5,30.32857142857143
Marshall Islands,2025-03,28.141935483870967,82.6516129032258,0.1267741935483871,80.90322580645162,32.21290322580645
Marshall Islands,2025-04,27.833333333333332,82.09666666666666,0.12066666666666667,82.66666666666667,29.953333333333333
Marshall Islands,2025-05,28.187096774193545,82.73548387096774,0.10870967741935485,82.54838709677419,27.06451612903226
Marshall Islands,2025-06,28.09333333333333,82.57333333333332,0.15233333333333335,81.46666666666667,25.953333333333333
Marshall Islands,2025-07,27.616129032258065,81.70967741935483,0.5419354838709678,84.41935483870968,23.46451612903226
Marshall Islands,2025-08,28.17096774193548,82.71612903225805,0.3264516129032258,81.93548387096774,18.612903225806452
Marshall Islands,2025-09,28.236666666666668,82.82333333333332,0.3126666666666667,80.4,15.56
Marshall Islands,2025-10,27.916129032258063,82.25483870967743,0.27580645161290324,82.2258064516129,18.70967741935484
Marshall Islands,2025-11,28.216666666666665,82.79333333333334,0.438,81.53333333333333,25.59333333333333
Marshall Islands,2025-12,27.809677419354838,82.06129032258065,0.39225806451612905,83.0,25.41290322580645
Marshall Islands,2026-01,28.75,83.75666666666666,0.10266666666666667,77.9,26.503333333333334
Marshall Islands,2026-02,28.839285714285715,83.92142857142858,0.3,78.57142857142857,28.739285714285717
Marshall Islands,2026-03,28.47407407407407,83.26296296296296,0.35814814814814816,80.0,17.33703703703704
Mauritania,2024-05,25.876470588235293,78.52352941176471,0.0,52.705882352941174,23.41764705882353
Mauritania,2024-06,27.44,81.38000000000001,0.0,55.166666666666664,21.279999999999998
Mauritania,2024-07,26.20344827586207,79.13448275862069,0.0,72.3103448275862,21.110344827586207
Mauritania,2024-08,28.02258064516129,82.43225806451613,0.011612903225806452,70.3225806451613,19.174193548387095
Mauritania,2024-09,28.063333333333333,82.49666666666667,0.03166666666666666,62.56666666666667,16.856666666666666
Mauritania,2024-10,27.29032258064516,81.11612903225806,0.0,55.32258064516129,17.08709677419355
Mauritania,2024-11,24.93,76.86,0.0,37.86666666666667,18.583333333333332
Mauritania,2024-12,22.858064516129033,73.14193548387097,0.0022580645161290325,31.967741935483872,23.167741935483868
Mauritania,2025-01,20.09032258064516,68.15483870967742,0.0,30.0,25.92258064516129
Mauritania,2025-02,20.57857142857143,69.02142857142857,0.0,32.07142857142857,25.400000000000002
Mauritania,2025-03,19.361290322580647,66.8483870967742,0.0,56.32258064516129,23.032258064516128
Mauritania,2025-04,22.296666666666667,72.12333333333332,0.0,54.3,21.959999999999997
Mauritania,2025-05,23.051612903225806,73.49677419354839,0.0,56.38709677419355,21.219354838709677
Mauritania,2025-06,23.709999999999997,74.67,0.0,68.0,20.59
Mauritania,2025-07,24.05483870967742,75.28064516129032,0.026774193548387098,80.38709677419355,20.41290322580645
Mauritania,2025-08,25.925806451612903,78.6741935483871,0.020967741935483872,80.61290322580645,16.970967741935485
Mauritania,2025-09,27.13,80.84333333333333,0.013000000000000001,72.46666666666667,19.52
Mauritania,2025-10,27.04516129032258,80.68064516129031,0.0022580645161290325,57.87096774193548,16.493548387096773
Mauritania,2025-11,24.053333333333335,75.29333333333334,0.005333333333333333,49.766666666666666,17.023333333333333
Mauritania,2025-12,19.009677419354837,66.20967741935483,0.041935483870967745,48.354838709677416,19.806451612903224
Mauritania,2026-01,17.61,63.690000000000005,0.0,45.13333333333333,21.496666666666666
Mauritania,2026-02,19.8,67.62142857142858,0.0,38.75,19.75357142857143
Mauritania,2026-03,17.796153846153846,64.05,0.008461538461538461,70.96153846153847,19.1
Mauritius,2024-05,23.823529411764707,74.88235294117646,0.05176470588235294,79.88235294117646,16.241176470588233
Mauritius,2024-06,23.39333333333333,74.09666666666666,0.08499999999999999,73.7,19.523333333333333
Mauritius,2024-07,23.23793103448276,73.82068965517242,0.037586206896551726,64.0,15.993103448275862
Mauritius,2024-08,22.358064516129033,72.25483870967743,0.024193548387096774,61.483870967741936,23.0258064516129
Mauritius,2024-09,24.696666666666665,76.44666666666667,0.034,63.5,21.48
Mauritius,2024-10,25.5,77.91290322580646,0.06580645161290323,67.6774193548387,18.94516129032258
Mauritius,2024-11,27.743333333333332,81.94,0.027000000000000003,66.33333333333333,19.466666666666665
Mauritius,2024-12,28.741935483870968,83.74838709677418,0.12290322580645162,62.54838709677419,19.080645161290324
Mauritius,2025-01,30.461290322580645,86.82903225806452,0.10741935483870968,63.74193548387097,18.461290322580645
Mauritius,2025-02,30.75357142857143,87.36071428571428,0.38500000000000006,71.14285714285714,16.092857142857145
Mauritius,2025-03,30.503225806451614,86.90322580645162,0.3338709677419355,69.2258064516129,16.206451612903226
Mauritius,2025-04,29.07,84.33,0.21466666666666667,73.93333333333334,17.473333333333336
Mauritius,2025-05,27.103225806451615,80.78387096774195,0.08451612903225807,71.29032258064517,22.23225806451613
Mauritius,2025-06,25.466666666666665,77.83666666666666,0.05566666666666666,64.1,22.886666666666667
Mauritius,2025-07,23.948387096774194,75.10645161290323,0.024838709677419354,67.7741935483871,24.4
Mauritius,2025-08,23.98709677419355,75.18709677419355,0.03806451612903226,67.87096774193549,22.05806451612903
Mauritius,2025-09,24.633333333333333,76.34666666666666,0.05700000000000001,68.93333333333334,21.486666666666668
Mauritius,2025-10,26.106451612903225,78.99032258064516,0.02935483870967742,64.09677419354838,21.799999999999997
Mauritius,2025-11,27.516666666666666,81.53,0.10433333333333333,70.56666666666666,13.44
Mauritius,2025-12,28.85483870967742,83.94516129032259,0.08193548387096775,68.19354838709677,19.719354838709677
Mauritius,2026-01,28.506666666666668,83.31,0.066,73.2,20.040000000000003
Mauritius,2026-02,29.235714285714288,84.625,0.029285714285714283,72.78571428571429,16.432142857142857
Mauritius,2026-03,29.430769230769233,84.98076923076923,0.03346153846153846,71.3076923076923,18.696153846153845
Mexico,2024-05,19.75294117647059,67.5529411764706,0.0029411764705882353,53.8235294117647,6.652941176470588
Mexico,2024-06,17.716666666666665,63.89333333333333,0.15133333333333335,62.93333333333333,8.19
Mexico,2024-07,14.810714285714285,58.653571428571425,0.3489285714285714,85.17857142857143,6.685714285714285
Mexico,2024-08,14.77741935483871,58.599999999999994,0.0667741935483871,85.09677419354838,5.487096774193549
Mexico,2024-09,15.583333333333334,60.05,0.18333333333333332,86.8,6.203333333333333
Mexico,2024-10,12.003333333333334,53.6,0.0,85.93333333333334,6.680000000000001
Mexico,2024-11,12.33448275862069,54.213793103448275,0.0,68.82758620689656,4.724137931034483
Mexico,2024-12,10.393548387096773,50.70967741935484,0.0,74.96774193548387,5.790322580645161
Mexico,2025-01,10.946666666666665,51.693333333333335,0.0,70.8,5.6
Mexico,2025-02,12.292857142857143,54.128571428571426,0.0,63.142857142857146,4.942857142857143
Mexico,2025-03,14.548387096774194,58.18709677419355,0.0,51.16129032258065,4.970967741935484
Mexico,2025-04,15.453333333333335,59.81333333333334,0.0,44.5,6.45
Mexico,2025-05,17.546666666666667,63.59,0.0,60.36666666666667,5.663333333333333
Mexico,2025-06,15.629999999999999,60.14,0.0,83.3,5.236666666666666
Mexico,2025-07,14.770967741935483,58.60322580645161,0.0,85.0,4.693548387096774
Mexico,2025-08,15.59032258064516,60.064516129032256,0.05903225806451613,78.03225806451613,4.658064516129032
Mexico,2025-09,15.9,60.626666666666665,0.103,80.1,5.08
Mexico,2025-10,14.09032258064516,57.36774193548387,0.0,81.45161290322581,5.951612903225806
Mexico,2025-11,12.71,54.88,0.0003333333333333333,60.0,5.576666666666667
Mexico,2025-12,13.629032258064516,56.538709677419355,0.0,64.38709677419355,5.909677419354838
Mexico,2026-01,13.043333333333333,55.47,0.013333333333333334,53.666666666666664,5.0633333333333335
Mexico,2026-02,14.171428571428573,57.50714285714286,0.0,48.214285714285715,5.739285714285714
Mexico,2026-03,15.266666666666666,59.48148148148148,0.0,51.851851851851855,6.440740740740741
Mexique,2024-07,27.4,81.4,0.0,72.0,15.1
Micronesia,2024-05,27.375,81.2875,0.695,86.75,11.04375
Micronesia,2024-06,27.151724137931033,80.86896551724138,0.6665517241379311,89.06896551724138,8.055172413793104
Micronesia,2024-07,27.23,81.01,0.7343333333333334,86.2,8.823333333333332
Micronesia,2024-08,27.238709677419354,81.02258064516128,0.10064516129032258,84.35483870967742,7.329032258064516
Micronesia,2024-09,26.616666666666667,79.90666666666667,0.46366666666666667,90.66666666666667,9.463333333333333
Micronesia,2024-10,28.1,82.58709677419354,0.43387096774193545,82.70967741935483,13.2
Micronesia,2024-11,27.94333333333333,82.30333333333333,0.4033333333333333,84.3,20.353333333333335
Micronesia,2024-12,27.761290322580646,81.97419354838709,0.40967741935483876,84.41935483870968,31.206451612903226
Micronesia,2025-01,28.02258064516129,82.45161290322581,0.14903225806451614,81.45161290322581,33.3
Micronesia,2025-02,27.646428571428572,81.76785714285714,0.3385714285714286,84.57142857142857,31.196428571428573
Micronesia,2025-03,28.09032258064516,82.5741935483871,0.2645161290322581,81.41935483870968,34.061290322580646
Micronesia,2025-04,28.44,83.19666666666667,0.33299999999999996,82.16666666666667,29.23
Micronesia,2025-05,28.27741935483871,82.90322580645162,0.26290322580645165,84.51612903225806,25.983870967741936
Micronesia,2025-06,28.386666666666667,83.10333333333332,0.24966666666666668,82.76666666666667,23.176666666666666
Micronesia,2025-07,27.919354838709676,82.25806451612904,0.4554838709677419,85.90322580645162,18.44516129032258
Micronesia,2025-08,27.938709677419357,82.29677419354839,0.3793548387096774,83.83870967741936,15.461290322580645
Micronesia,2025-09,28.823333333333334,83.88666666666667,0.227,81.53333333333333,12.416666666666666
Micronesia,2025-10,28.393548387096775,83.10967741935484,0.45870967741935487,81.64516129032258,16.31935483870968
Micronesia,2025-11,28.396666666666665,83.11333333333333,0.4593333333333333,83.76666666666667,23.113333333333333
Micronesia,2025-12,28.870967741935484,83.96774193548387,0.14483870967741935,80.90322580645162,28.09032258064516
Micronesia,2026-01,29.483333333333334,85.06333333333333,0.143,76.76666666666667,27.803333333333335
Micronesia,2026-02,28.442857142857143,83.20357142857142,0.22392857142857145,81.35714285714286,27.20357142857143
Micronesia,2026-03,29.692307692307693,85.44999999999999,0.105,76.5,12.876923076923077
Monaco,2024-05,20.88235294117647,69.58823529411765,0.0611764705882353,69.76470588235294,17.13529411764706
Monaco,2024-06,23.579310344827583,74.4448275862069,0.04482758620689655,69.89655172413794,18.25862068965517
Monaco,2024-07,26.914285714285715,80.45,0.01892857142857143,71.89285714285714,11.353571428571428
Monaco,2024-08,28.55483870967742,83.40322580645162,0.08580645161290323,65.19354838709677,11.51290322580645
Monaco,2024-09,23.77,74.78333333333333,0.284,59.166666666666664,14.71
Monaco,2024-10,19.561290322580643,67.20322580645161,0.5306451612903226,71.3225806451613,7.690322580645161
Monaco,2024-11,14.08,57.34,0.024666666666666667,60.96666666666667,6.98
Monaco,2024-12,11.558064516129033,52.79354838709677,0.03387096774193549,47.87096774193548,5.206451612903226
Monaco,2025-01,11.429032258064517,52.58064516129032,0.1270967741935484,62.45161290322581,9.283870967741937
Monaco,2025-02,12.728571428571428,54.917857142857144,0.03892857142857143,62.892857142857146,6.960714285714286
Monaco,2025-03,14.48709677419355,58.08064516129032,0.045806451612903226,60.903225806451616,11.345161290322581
Monaco,2025-04,16.81,62.266666666666666,0.13666666666666666,69.46666666666667,10.106666666666666
Monaco,2025-05,19.825806451612905,67.68387096774192,0.04064516129032258,68.58064516129032,10.46774193548387
Monaco,2025-06,26.006666666666668,78.81666666666666,0.013666666666666667,70.53333333333333,9.753333333333334
Monaco,2025-07,26.741935483870968,80.13225806451612,0.03451612903225806,58.935483870967744,11.629032258064516
Monaco,2025-08,27.083870967741937,80.75483870967743,0.04419354838709678,56.064516129032256,9.019354838709678
Monaco,2025-09,21.40666666666667,70.52333333333333,0.006666666666666667,57.733333333333334,6.89
Monaco,2025-10,17.0,62.59032258064516,0.24935483870967742,60.87096774193548,5.719354838709678
Monaco,2025-11,10.616666666666667,51.12,0.16,62.7,9.129999999999999
Monaco,2025-12,9.712903225806452,49.487096774193546,0.09483870967741935,68.83870967741936,11.564516129032258
Monaco,2026-01,7.48,45.46333333333334,0.11333333333333333,63.2,10.21
Monaco,2026-02,9.75357142857143,49.55357142857143,0.02392857142857143,70.53571428571429,9.835714285714285
Monaco,2026-03,10.442307692307692,50.80384615384616,0.21653846153846157,65.61538461538461,12.188461538461537
Mongolia,2024-05,13.058823529411764,55.50588235294118,0.025882352941176474,51.11764705882353,10.205882352941176
Mongolia,2024-06,15.323333333333332,59.57666666666667,0.26533333333333337,58.3,10.986666666666668
Mongolia,2024-07,20.224999999999998,68.40714285714286,0.04142857142857143,60.57142857142857,10.657142857142857
Mongolia,2024-08,16.748387096774195,62.145161290322584,0.21451612903225808,75.3225806451613,9.361290322580645
Mongolia,2024-09,12.803333333333335,55.05,0.018000000000000002,50.43333333333333,9.646666666666668
Mongolia,2024-10,-0.7806451612903227,30.593548387096774,0.009677419354838712,63.225806451612904,8.958064516129031
Mongolia,2024-11,-8.426666666666666,16.84,0.013333333333333334,63.8,8.770000000000001
Mongolia,2024-12,-19.55483870967742,-3.196774193548387,0.008064516129032258,81.41935483870968,5.370967741935484
Mongolia,2025-01,-18.483870967741936,-1.2645161290322582,0.006129032258064516,71.29032258064517,5.951612903225806
Mongolia,2025-02,-12.532142857142857,9.450000000000001,0.002857142857142857,54.75,6.035714285714286
Mongolia,2025-03,1.7032258064516128,35.05806451612903,0.013870967741935483,35.87096774193548,7.877419354838709
Mongolia,2025-04,11.406666666666666,52.54,0.0013333333333333333,21.9,8.793333333333333
Mongolia,2025-05,16.33225806451613,61.39677419354839,0.005806451612903225,23.451612903225808,8.312903225806451
Mongolia,2025-06,23.993333333333332,75.17666666666668,0.041666666666666664,26.5,7.623333333333333
Mongolia,2025-07,25.58,78.04666666666667,0.056666666666666664,33.03333333333333,5.963333333333334
Mongolia,2025-08,21.990322580645163,71.58064516129032,0.09806451612903226,40.12903225806452,6.783870967741936
Mongolia,2025-09,16.07,60.93666666666666,0.025,41.13333333333333,7.326666666666667
Mongolia,2025-10,2.5387096774193543,36.57096774193548,0.012580645161290323,48.38709677419355,6.232258064516128
Mongolia,2025-11,-4.87,23.23,0.009666666666666665,56.3,7.533333333333333
Mongolia,2025-12,-16.496774193548386,2.3129032258064517,0.0029032258064516127,66.83870967741936,6.129032258064516
Mongolia,2026-01,-18.459999999999997,-1.2266666666666666,0.004,68.1,5.316666666666666
Mongolia,2026-02,-11.521428571428572,11.264285714285714,0.0035714285714285713,56.892857142857146,9.025
Mongolia,2026-03,-3.8964285714285714,25.00357142857143,0.007500000000000001,61.714285714285715,10.907142857142857
Montenegro,2024-05,23.352941176470587,74.03529411764706,0.2741176470588235,66.6470588235294,7.635294117647059
Montenegro,2024-06,30.582758620689653,87.05862068965517,0.10379310344827586,45.0,9.162068965517241
Montenegro,2024-07,34.275862068965516,93.70344827586207,0.056206896551724145,33.241379310344826,10.10344827586207
Montenegro,2024-08,34.91935483870968,94.84516129032258,0.023548387096774193,30.580645161290324,11.209677419354838
Montenegro,2024-09,25.773333333333333,78.39,0.19033333333333333,49.733333333333334,8.1
Montenegro,2024-10,19.916129032258063,67.8451612903226,0.22161290322580646,67.64516129032258,5.019354838709678
Montenegro,2024-11,12.41,54.333333333333336,0.20933333333333332,61.233333333333334,7.136666666666667
Montenegro,2024-12,9.748387096774193,49.541935483870965,0.9783870967741934,68.83870967741936,6.948387096774193
Montenegro,2025-01,10.01290322580645,50.02258064516129,0.09516129032258065,72.93548387096774,6.187096774193549
Montenegro,2025-02,9.87142857142857,49.771428571428565,0.08857142857142856,60.57142857142857,5.228571428571429
Montenegro,2025-03,14.32258064516129,57.78709677419355,0.3512903225806452,61.61290322580645,6.670967741935484
Montenegro,2025-04,17.333333333333332,63.20666666666667,0.08833333333333333,55.5,7.1066666666666665
Montenegro,2025-05,20.72258064516129,69.30645161290323,0.10741935483870968,53.516129032258064,7.829032258064516
Montenegro,2025-06,29.759999999999998,85.56666666666666,0.0006666666666666666,34.7,7.426666666666666
Montenegro,2025-07,30.69677419354839,87.25806451612904,0.03774193548387097,36.193548387096776,9.30967741935484
Montenegro,2025-08,29.206451612903226,84.57096774193548,0.05580645161290323,37.83870967741935,6.387096774193548
Montenegro,2025-09,24.116666666666667,75.41000000000001,0.06266666666666666,55.06666666666667,5.246666666666667
Montenegro,2025-10,15.429032258064517,59.76451612903226,0.25516129032258067,66.54838709677419,7.209677419354839
Montenegro,2025-11,11.673333333333334,53.01333333333333,0.32733333333333337,80.26666666666667,6.093333333333334
Montenegro,2025-12,4.32258064516129,39.777419354838706,0.051612903225806445,88.03225806451613,7.422580645161291
Montenegro,2026-01,5.4366666666666665,41.79333333333333,0.8276666666666667,84.6,7.04
Montenegro,2026-02,7.082142857142856,44.753571428571426,0.1764285714285714,86.53571428571429,6.425
Montenegro,2026-03,8.4,47.11923076923077,0.02846153846153846,74.96153846153847,7.126923076923077
Morocco,2024-05,21.9375,71.4875,0.0,62.8125,16.2375
Morocco,2024-06,23.65,74.56666666666666,0.0006666666666666666,64.1,17.296666666666667
Morocco,2024-07,25.525000000000002,77.94642857142857,0.0,67.0,15.228571428571428
Morocco,2024-08,26.5,79.70645161290322,0.0,66.16129032258064,14.780645161290321
Morocco,2024-09,24.529999999999998,76.16666666666667,0.005333333333333333,67.73333333333333,12.423333333333334
Morocco,2024-10,21.73225806451613,71.11290322580645,0.04387096774193549,77.7741935483871,12.399999999999999
Morocco,2024-11,20.436666666666667,68.78333333333333,0.029333333333333333,66.76666666666667,9.44
Morocco,2024-12,17.345161290322583,63.21935483870968,0.02258064516129032,65.29032258064517,9.596774193548388
Morocco,2025-01,15.96774193548387,60.748387096774195,0.051612903225806445,66.29032258064517,13.596774193548388
Morocco,2025-02,16.021428571428572,60.839285714285715,0.07285714285714286,75.39285714285714,12.485714285714286
Morocco,2025-03,15.974193548387097,60.748387096774195,0.37,81.80645161290323,19.716129032258067
Morocco,2025-04,18.209999999999997,64.76666666666667,0.011000000000000001,82.13333333333334,13.713333333333333
Morocco,2025-05,20.661290322580644,69.19032258064516,0.0019354838709677422,73.38709677419355,12.548387096774194
Morocco,2025-06,24.35,75.83333333333333,0.0003333333333333333,69.76666666666667,12.436666666666667
Morocco,2025-07,23.89677419354839,75.02258064516128,0.0003225806451612903,78.96774193548387,9.390322580645162
Morocco,2025-08,23.4741935483871,74.26774193548388,0.0003225806451612903,86.87096774193549,9.52258064516129
Morocco,2025-09,20.216666666666665,68.39,0.0026666666666666666,95.93333333333334,8.72
Morocco,2025-10,18.393548387096775,65.10322580645162,0.001935483870967742,94.64516129032258,7.619354838709677
Morocco,2025-11,12.229999999999999,54.016666666666666,0.03866666666666666,95.33333333333333,10.643333333333334
Morocco,2025-12,10.47741935483871,50.86129032258064,0.2229032258064516,94.70967741935483,16.216129032258063
Morocco,2026-01,11.743333333333334,53.14666666666667,0.20333333333333334,92.33333333333333,19.993333333333332
Morocco,2026-02,11.014285714285714,51.82857142857143,0.1375,97.10714285714286,17.914285714285715
Morocco,2026-03,11.381481481481481,52.48888888888889,0.05555555555555555,96.51851851851852,12.35925925925926
Mozambique,2024-05,26.33529411764706,79.39999999999999,0.0011764705882352942,55.05882352941177,13.194117647058823
Mozambique,2024-06,24.68,76.43,0.011000000000000001,53.666666666666664,14.893333333333334
Mozambique,2024-07,26.56896551724138,79.82758620689656,0.0013793103448275863,38.48275862068966,15.620689655172415
Mozambique,2024-08,26.5,79.71290322580644,0.022903225806451613,46.70967741935484,20.177419354838708
Mozambique,2024-09,25.736666666666668,78.32333333333332,0.04733333333333333,55.3,19.483333333333334
Mozambique,2024-10,26.0258064516129,78.8483870967742,0.01903225806451613,55.70967741935484,14.887096774193548
Mozambique,2024-11,27.6,81.68666666666667,0.010000000000000002,61.43333333333333,11.936666666666667
Mozambique,2024-12,31.161290322580644,88.08387096774193,0.004838709677419355,56.193548387096776,16.31290322580645
Mozambique,2025-01,30.81935483870968,87.47096774193548,0.052580645161290324,62.12903225806452,15.638709677419355
Mozambique,2025-02,29.810714285714287,85.65357142857144,0.24071428571428571,66.46428571428571,16.053571428571427
Mozambique,2025-03,28.780645161290323,83.80000000000001,0.043225806451612905,65.61290322580645,11.135483870967741
Mozambique,2025-04,26.36,79.44,0.05566666666666666,66.13333333333334,12.183333333333334
Mozambique,2025-05,24.287096774193547,75.71612903225805,0.0003225806451612903,60.67741935483871,11.412903225806453
Mozambique,2025-06,22.290000000000003,72.11666666666666,0.002,59.13333333333333,14.303333333333335
Mozambique,2025-07,21.96451612903226,71.53870967741935,0.0070967741935483875,55.935483870967744,13.838709677419354
Mozambique,2025-08,22.403225806451612,72.31935483870969,0.03774193548387097,66.6774193548387,12.251612903225807
Mozambique,2025-09,23.46333333333333,74.23,0.019333333333333334,68.8,14.146666666666667
Mozambique,2025-10,23.690322580645162,74.64516129032258,0.01870967741935484,67.54838709677419,13.577419354838709
Mozambique,2025-11,24.25,75.65,0.15533333333333335,72.6,12.663333333333332
Mozambique,2025-12,24.75483870967742,76.56129032258065,0.10096774193548387,73.83870967741936,13.548387096774194
Mozambique,2026-01,25.166666666666668,77.29333333333334,0.32399999999999995,84.83333333333333,10.923333333333334
Mozambique,2026-02,27.092857142857145,80.77142857142857,0.017857142857142856,72.5,9.432142857142859
Mozambique,2026-03,25.31851851851852,77.57037037037037,0.24555555555555555,84.44444444444444,13.214814814814815
Myanmar,2024-05,28.876470588235293,83.99411764705883,0.7994117647058824,79.58823529411765,14.594117647058823
Myanmar,2024-06,27.39333333333333,81.32,0.40399999999999997,90.66666666666667,6.760000000000001
Myanmar,2024-07,26.855172413793102,80.33793103448276,0.6231034482758621,92.06896551724138,8.951724137931036
Myanmar,2024-08,27.219354838709677,81.00645161290322,0.9206451612903226,88.3225806451613,8.47741935483871
Myanmar,2024-09,28.566666666666666,83.42666666666668,0.776,88.93333333333334,9.09
Myanmar,2024-10,29.748387096774195,85.53870967741935,0.42612903225806453,77.6774193548387,8.329032258064515
Myanmar,2024-11,30.34333333333333,86.61666666666666,0.4026666666666667,68.56666666666666,9.206666666666667
Myanmar,2024-12,29.874193548387098,85.76129032258065,0.0070967741935483875,61.193548387096776,7.580645161290323
Myanmar,2025-01,30.98709677419355,87.7741935483871,0.0,58.483870967741936,8.358064516129033
Myanmar,2025-02,33.36785714285714,92.06071428571428,0.0,56.32142857142857,12.289285714285715
Myanmar,2025-03,36.012903225806454,96.82903225806452,0.0,50.38709677419355,17.870967741935484
Myanmar,2025-04,33.89,93.00666666666666,0.07233333333333333,59.46666666666667,19.4
Myanmar,2025-05,31.85483870967742,89.34193548387097,0.3325806451612903,73.45161290322581,16.425806451612903
Myanmar,2025-06,30.086666666666666,86.16000000000001,1.0146666666666666,78.8,14.996666666666668
Myanmar,2025-07,29.032258064516128,84.26129032258065,1.7219354838709675,84.35483870967742,16.738709677419354
Myanmar,2025-08,29.983870967741936,85.97741935483872,0.8845161290322581,79.41935483870968,13.358064516129033
Myanmar,2025-09,29.790000000000003,85.62333333333332,0.6330000000000001,82.13333333333334,12.303333333333335
Myanmar,2025-10,31.77741935483871,89.20645161290322,0.4483870967741936,70.74193548387096,9.306451612903226
Myanmar,2025-11,30.096666666666668,86.17666666666668,0.3656666666666667,69.4,9.833333333333334
Myanmar,2025-12,31.193548387096776,88.15806451612903,0.0,55.483870967741936,7.829032258064516
Myanmar,2026-01,31.06,87.91000000000001,0.0,56.93333333333333,6.096666666666667
Myanmar,2026-02,32.725,90.925,0.0,55.357142857142854,8.178571428571429
Myanmar,2026-03,33.89259259259259,93.0074074074074,0.002592592592592593,53.44444444444444,10.477777777777776
Namibia,2024-05,24.470588235294116,76.04705882352941,0.0,20.529411764705884,14.51764705882353
Namibia,2024-06,20.803448275862067,69.46206896551725,0.0,19.896551724137932,16.69655172413793
Namibia,2024-07,22.348275862068967,72.2344827586207,0.0,8.379310344827585,19.675862068965518
Namibia,2024-08,25.980645161290322,78.77741935483871,0.0,8.67741935483871,20.193548387096776
Namibia,2024-09,25.736666666666668,78.33333333333333,0.0,14.866666666666667,22.613333333333333
Namibia,2024-10,27.348387096774196,81.23548387096774,0.0,14.451612903225806,18.75483870967742
Namibia,2024-11,28.446666666666665,83.21333333333334,0.018666666666666665,22.0,15.483333333333333
Namibia,2024-12,30.87741935483871,87.56451612903226,0.04129032258064516,20.29032258064516,17.08709677419355
Namibia,2025-01,28.958064516129035,84.13225806451612,0.056451612903225805,28.35483870967742,15.519354838709678
Namibia,2025-02,27.739285714285717,81.91785714285713,0.04892857142857143,38.714285714285715,17.242857142857144
Namibia,2025-03,24.0,75.19677419354838,0.14612903225806453,63.67741935483871,16.63225806451613
Namibia,2025-04,21.886666666666667,71.40333333333334,0.149,57.46666666666667,17.35666666666667
Namibia,2025-05,18.177419354838708,64.7290322580645,0.0,44.61290322580645,18.070967741935487
Namibia,2025-06,15.42,59.766666666666666,0.0,38.1,17.53666666666667
Namibia,2025-07,15.40967741935484,59.74516129032258,0.0,38.41935483870968,21.316129032258065
Namibia,2025-08,16.24516129032258,61.24516129032258,0.0012903225806451613,27.774193548387096,16.116129032258065
Namibia,2025-09,21.55,70.78999999999999,0.0,22.4,18.66
Namibia,2025-10,22.903225806451612,73.22258064516129,0.0006451612903225806,36.61290322580645,16.003225806451614
Namibia,2025-11,23.533333333333335,74.35666666666665,0.0026666666666666666,42.56666666666667,16.533333333333335
Namibia,2025-12,22.274193548387096,72.1032258064516,0.02032258064516129,65.12903225806451,16.31290322580645
Namibia,2026-01,23.706666666666667,74.67666666666668,0.002,47.733333333333334,11.313333333333333
Namibia,2026-02,18.835714285714285,65.91071428571429,0.019285714285714288,75.17857142857143,8.571428571428571
Namibia,2026-03,16.714285714285715,62.07857142857143,0.017857142857142856,72.21428571428571,9.192857142857141
Nepal,2024-05,24.941176470588236,76.89411764705882,0.12352941176470586,66.58823529411765,9.782352941176471
Nepal,2024-06,25.59333333333333,78.06666666666666,0.5980000000000001,70.06666666666666,9.936666666666667
Nepal,2024-07,23.839285714285715,74.90714285714286,1.0107142857142857,88.60714285714286,6.285714285714286
Nepal,2024-08,23.148387096774194,73.68709677419355,0.9512903225806452,87.83870967741936,7.851612903225806
Nepal,2024-09,25.240000000000002,77.44666666666667,0.8859999999999999,77.1,7.930000000000001
Nepal,2024-10,22.496774193548386,72.49032258064516,0.17451612903225808,69.09677419354838,6.22258064516129
Nepal,2024-11,19.826666666666664,67.69666666666667,0.191,56.333333333333336,5.443333333333333
Nepal,2024-12,13.654838709677419,56.57741935483871,0.004193548387096774,53.25806451612903,5.096774193548387
Nepal,2025-01,17.61935483870968,63.71935483870968,0.0019354838709677422,46.483870967741936,6.461290322580646
Nepal,2025-02,19.607142857142858,67.29642857142856,0.0060714285714285705,42.32142857142857,10.660714285714286
Nepal,2025-03,24.26774193548387,75.68709677419355,0.04032258064516129,35.16129032258065,12.329032258064515
Nepal,2025-04,26.15666666666667,79.07666666666667,0.5743333333333334,38.766666666666666,10.743333333333334
Nepal,2025-05,26.161290322580644,79.09677419354838,0.8812903225806452,57.0,6.893548387096774
Nepal,2025-06,27.44,81.39666666666668,1.1159999999999999,64.56666666666666,6.3533333333333335
Nepal,2025-07,27.625806451612902,81.72258064516129,1.2425806451612902,68.70967741935483,6.15483870967742
Nepal,2025-08,26.80322580645161,80.24516129032257,1.0148387096774194,74.96774193548387,5.129032258064516
Nepal,2025-09,27.35666666666667,81.25,1.0373333333333334,66.9,5.206666666666666
Nepal,2025-10,24.793548387096774,76.63225806451612,0.34774193548387095,53.96774193548387,4.970967741935484
Nepal,2025-11,21.55,70.78999999999999,0.06733333333333333,46.7,5.043333333333334
Nepal,2025-12,18.52258064516129,65.33225806451613,0.0,45.483870967741936,4.861290322580645
Nepal,2026-01,16.655172413793103,61.97931034482759,0.038620689655172416,44.689655172413794,5.182758620689656
Nepal,2026-02,19.835714285714285,67.70357142857144,0.0,42.857142857142854,5.707142857142857
Nepal,2026-03,22.185714285714287,71.94285714285715,0.1332142857142857,46.285714285714285,7.596428571428571
Netherlands,2024-05,18.235294117647058,64.82352941176471,0.4088235294117647,73.0,19.029411764705884
Netherlands,2024-06,18.653333333333332,65.58666666666666,0.13566666666666669,64.43333333333334,18.783333333333335
Netherlands,2024-07,20.667857142857144,69.21071428571429,0.10142857142857142,63.607142857142854,19.27857142857143
Netherlands,2024-08,22.838709677419356,73.12258064516129,0.030645161290322583,58.54838709677419,19.596774193548388
Netherlands,2024-09,18.336666666666666,65.00666666666667,0.31666666666666665,73.86666666666666,19.470000000000002
Netherlands,2024-10,13.5,56.29677419354839,0.05741935483870968,84.6774193548387,15.535483870967743
Netherlands,2024-11,7.733333333333333,45.92333333333333,0.105,86.63333333333334,15.326666666666666
Netherlands,2024-12,6.94516129032258,44.49032258064516,0.14838709677419354,86.6774193548387,19.44193548387097
Netherlands,2025-01,4.693548387096774,40.458064516129035,0.16806451612903225,87.80645161290323,15.258064516129032
Netherlands,2025-02,4.746428571428572,40.550000000000004,0.047499999999999994,82.78571428571429,15.135714285714286
Netherlands,2025-03,9.3,48.73225806451613,0.006774193548387097,68.58064516129032,13.27741935483871
Netherlands,2025-04,12.75,54.94666666666667,0.021,67.33333333333333,12.866666666666667
Netherlands,2025-05,15.538709677419355,59.9741935483871,0.034516129032258064,65.16129032258064,16.029032258064515
Netherlands,2025-06,19.446666666666665,67.0,0.073,67.16666666666667,18.336666666666666
Netherlands,2025-07,20.693548387096776,69.25806451612904,0.10193548387096775,68.54838709677419,13.964516129032257
Netherlands,2025-08,19.31935483870968,66.78064516129032,0.03354838709677419,72.93548387096774,14.158064516129032
Netherlands,2025-09,15.266666666666667,59.480000000000004,0.062000000000000006,81.83333333333333,18.30666666666667
Netherlands,2025-10,11.990322580645161,53.58064516129032,0.1067741935483871,86.93548387096774,17.919354838709676
Netherlands,2025-11,7.65,45.763333333333335,0.219,87.86666666666666,16.243333333333332
Netherlands,2025-12,5.780645161290322,42.403225806451616,0.02967741935483871,86.35483870967742,15.974193548387097
Netherlands,2026-01,2.146666666666667,35.86333333333334,0.15,88.13333333333334,16.203333333333333
Netherlands,2026-02,4.567857142857142,40.225,0.11071428571428572,89.85714285714286,15.549999999999999
Netherlands,2026-03,5.760714285714286,42.371428571428574,0.06464285714285714,86.75,13.389285714285714
New Zealand,2024-05,10.5,50.9,0.053125,80.375,22.23125
New Zealand,2024-06,10.553333333333335,50.99666666666667,0.13433333333333333,83.53333333333333,16.38
New Zealand,2024-07,9.920689655172414,49.858620689655176,0.30379310344827587,83.6896551724138,21.989655172413794
New Zealand,2024-08,10.364516129032259,50.65161290322581,0.25193548387096776,80.80645161290323,24.664516129032258
New Zealand,2024-09,12.02258064516129,53.641935483870974,0.4535483870967742,76.54838709677419,27.97741935483871
New Zealand,2024-10,12.303225806451612,54.13870967741936,0.23,82.83870967741936,25.70967741935484
New Zealand,2024-11,13.85,56.93,0.088,79.23333333333333,25.796666666666667
New Zealand,2024-12,15.903225806451612,60.622580645161285,0.1361290322580645,84.06451612903226,29.674193548387095
New Zealand,2025-01,15.82258064516129,60.47741935483871,0.06451612903225806,78.61290322580645,23.151612903225807
New Zealand,2025-02,17.785714285714285,64.01785714285714,0.020714285714285716,80.35714285714286,18.36785714285714
New Zealand,2025-03,16.419354838709676,61.55806451612903,0.023548387096774193,80.93548387096774,21.76451612903226
New Zealand,2025-04,15.94,60.693333333333335,0.241,79.2,21.013333333333332
New Zealand,2025-05,13.296774193548387,55.935483870967744,0.2032258064516129,79.87096774193549,26.26774193548387
New Zealand,2025-06,11.4,52.519999999999996,0.435,79.63333333333334,23.986666666666668
New Zealand,2025-07,10.970967741935485,51.75483870967742,0.19903225806451613,79.6774193548387,19.358064516129033
New Zealand,2025-08,10.361290322580645,50.648387096774194,0.09741935483870968,74.6774193548387,25.690322580645162
New Zealand,2025-09,12.813333333333333,55.06666666666667,0.042,69.83333333333333,31.533333333333335
New Zealand,2025-10,13.719354838709679,56.690322580645166,0.04870967741935484,78.16129032258064,32.3741935483871
New Zealand,2025-11,16.643333333333334,61.96333333333334,0.033,74.66666666666667,28.186666666666667
New Zealand,2025-12,17.25483870967742,63.064516129032256,0.11935483870967742,73.48387096774194,29.01290322580645
New Zealand,2026-01,17.953333333333333,64.31,0.10600000000000001,74.33333333333333,23.27
New Zealand,2026-02,18.08214285714286,64.55,0.20535714285714285,74.53571428571429,25.432142857142857
New Zealand,2026-03,16.957692307692305,62.53076923076923,0.08423076923076923,77.11538461538461,19.71923076923077
Nicaragua,2024-05,29.188235294117646,84.53529411764706,0.1476470588235294,78.05882352941177,8.076470588235294
Nicaragua,2024-06,26.746666666666666,80.14333333333335,0.4233333333333333,87.73333333333333,6.22
Nicaragua,2024-07,24.342857142857145,75.81428571428572,0.05392857142857143,91.07142857142857,7.192857142857143
Nicaragua,2024-08,24.1,75.38064516129033,0.07903225806451614,92.90322580645162,5.735483870967743
Nicaragua,2024-09,24.733333333333334,76.52666666666667,0.37133333333333335,95.26666666666667,5.443333333333333
Nicaragua,2024-10,22.823333333333334,73.07,0.3706666666666667,91.43333333333334,6.216666666666667
Nicaragua,2024-11,22.5,72.49655172413793,0.3437931034482759,92.75862068965517,4.955172413793103
Nicaragua,2024-12,22.712903225806453,72.89354838709677,0.005806451612903225,87.41935483870968,10.196774193548388
Nicaragua,2025-01,23.60666666666667,74.50333333333333,0.0,85.1,12.456666666666667
Nicaragua,2025-02,23.49285714285714,74.28928571428571,0.0007142857142857143,87.17857142857143,14.778571428571428
Nicaragua,2025-03,23.980645161290322,75.16451612903225,0.0,79.58064516129032,15.5
Nicaragua,2025-04,25.073333333333334,77.14,0.001,72.23333333333333,17.52
Nicaragua,2025-05,26.083333333333332,78.94333333333334,0.16366666666666668,77.0,13.896666666666667
Nicaragua,2025-06,24.073333333333334,75.32666666666667,0.060000000000000005,86.86666666666666,11.34
Nicaragua,2025-07,24.08709677419355,75.35483870967742,0.0,84.29032258064517,13.564516129032258
Nicaragua,2025-08,24.070967741935487,75.3225806451613,0.01967741935483871,86.38709677419355,9.464516129032257
Nicaragua,2025-09,24.38,75.89333333333335,0.33133333333333337,89.66666666666667,6.803333333333333
Nicaragua,2025-10,23.225806451612904,73.80322580645162,0.4212903225806452,92.35483870967742,4.909677419354838
Nicaragua,2025-11,23.026666666666664,73.44666666666667,0.014333333333333333,87.93333333333334,9.736666666666668
Nicaragua,2025-12,22.951612903225808,73.30000000000001,0.0029032258064516127,84.51612903225806,11.19032258064516
Nicaragua,2026-01,22.42413793103448,72.35517241379311,0.0,78.13793103448276,13.741379310344827
Nicaragua,2026-02,23.692857142857143,74.65357142857144,0.0,70.21428571428571,18.025
Nicaragua,2026-03,25.87037037037037,78.56666666666668,0.040370370370370376,71.85185185185185,18.674074074074074
Niger,2024-05,40.588235294117645,105.06470588235294,0.0,21.058823529411764,15.764705882352942
Niger,2024-06,37.32,99.17666666666668,0.008666666666666666,31.033333333333335,17.09333333333333
Niger,2024-07,32.81071428571429,91.06071428571428,0.0075,50.714285714285715,18.125
Niger,2024-08,30.806451612903224,87.44516129032259,0.2903225806451613,59.87096774193548,20.651612903225807
Niger,2024-09,30.413333333333334,86.74666666666667,0.09933333333333333,64.16666666666667,13.243333333333334
Niger,2024-10,31.63225806451613,88.94516129032259,0.0,51.61290322580645,13.874193548387098
Niger,2024-11,27.666666666666668,81.8,0.0,21.233333333333334,23.0
Niger,2024-12,27.6,81.68064516129031,0.0,15.193548387096774,24.66774193548387
Niger,2025-01,28.006451612903227,82.40967741935484,0.0,14.35483870967742,23.919354838709676
Niger,2025-02,30.107142857142858,86.20714285714287,0.0,12.857142857142858,22.764285714285712
Niger,2025-03,34.38387096774194,93.89032258064516,0.0,14.290322580645162,19.493548387096773
Niger,2025-04,34.096666666666664,93.38000000000001,0.0,30.4,16.58
Niger,2025-05,32.76129032258065,90.97419354838709,0.0,47.645161290322584,19.483870967741936
Niger,2025-06,30.34,86.62333333333332,0.0,59.43333333333333,22.176666666666666
Niger,2025-07,27.24516129032258,81.04193548387097,0.000967741935483871,76.19354838709677,22.416129032258063
Niger,2025-08,25.751612903225805,78.35483870967742,0.013225806451612903,84.48387096774194,18.851612903225806
Niger,2025-09,26.66,79.99666666666667,0.0,80.16666666666667,16.693333333333335
Niger,2025-10,27.429032258064513,81.36774193548388,0.11806451612903227,61.58064516129032,11.09032258064516
Niger,2025-11,24.303333333333335,75.75333333333333,0.0,32.06666666666667,13.463333333333333
Niger,2025-12,22.216129032258067,71.99354838709678,0.0,27.774193548387096,14.209677419354838
Niger,2026-01,20.696666666666665,69.26,0.0,23.133333333333333,16.176666666666666
Niger,2026-02,22.214285714285715,71.98571428571428,0.0,18.678571428571427,16.82857142857143
Niger,2026-03,26.13214285714286,79.04285714285713,0.01,21.678571428571427,15.357142857142858
Nigeria,2024-05,33.3235294117647,91.98823529411764,0.0,54.588235294117645,10.770588235294117
Nigeria,2024-06,30.043333333333333,86.07333333333332,0.10933333333333332,66.8,10.629999999999999
Nigeria,2024-07,27.089655172413792,80.77586206896552,0.5296551724137931,80.20689655172414,10.517241379310345
Nigeria,2024-08,26.361290322580647,79.4483870967742,0.5090322580645161,79.96774193548387,11.858064516129033
Nigeria,2024-09,28.173333333333336,82.71666666666667,0.368,76.33333333333333,7.553333333333333
Nigeria,2024-10,27.30322580645161,81.14193548387097,0.07741935483870968,79.58064516129032,4.919354838709677
Nigeria,2024-11,29.19,84.54333333333334,0.0,43.56666666666667,8.38
Nigeria,2024-12,32.72258064516129,90.91612903225807,0.0,23.322580645161292,5.774193548387097
Nigeria,2025-01,32.12903225806452,89.84193548387097,0.0,25.677419354838708,6.522580645161291
Nigeria,2025-02,32.61785714285715,90.72500000000001,0.0,31.035714285714285,7.45
Nigeria,2025-03,31.22258064516129,88.19999999999999,0.0,60.774193548387096,7.558064516129033
Nigeria,2025-04,29.71333333333333,85.49666666666667,0.026333333333333334,69.0,8.08
Nigeria,2025-05,27.683870967741935,81.8225806451613,0.09096774193548386,77.64516129032258,7.729032258064516
Nigeria,2025-06,26.033333333333335,78.86333333333333,0.023,82.96666666666667,7.573333333333333
Nigeria,2025-07,24.593548387096774,76.26774193548388,0.3345161290322581,89.45161290322581,7.729032258064516
Nigeria,2025-08,23.848387096774193,74.92903225806452,0.3290322580645161,91.83870967741936,6.825806451612903
Nigeria,2025-09,24.39,75.90666666666667,0.16033333333333333,90.83333333333333,5.52
Nigeria,2025-10,24.664516129032258,76.3967741935484,0.002258064516129032,89.35483870967742,4.319354838709677
Nigeria,2025-11,24.69,76.45,0.0,78.0,4.58
Nigeria,2025-12,23.396774193548385,74.11290322580645,0.0,68.16129032258064,4.309677419354839
Nigeria,2026-01,22.59333333333333,72.67333333333333,0.0,48.233333333333334,6.430000000000001
Nigeria,2026-02,23.782142857142855,74.81428571428572,0.0,54.67857142857143,5.642857142857143
Nigeria,2026-03,25.503703703703703,77.9148148148148,0.0,60.7037037037037,5.203703703703703
North Korea,2024-05,16.66470588235294,61.98823529411764,0.0011764705882352942,69.05882352941177,8.505882352941176
North Korea,2024-06,20.42,68.74666666666667,0.0003333333333333333,67.23333333333333,5.16
North Korea,2024-07,23.57857142857143,74.44642857142857,0.4342857142857143,90.67857142857143,10.992857142857144
North Korea,2024-08,25.05483870967742,77.1,0.11870967741935484,86.54838709677419,6.325806451612903
North Korea,2024-09,22.029999999999998,71.66666666666667,0.06666666666666667,79.26666666666667,8.446666666666667
North Korea,2024-10,15.780645161290321,60.39354838709678,0.01838709677419355,62.645161290322584,9.422580645161291
North Korea,2024-11,8.33,46.99333333333333,0.026000000000000002,55.0,10.323333333333332
North Korea,2024-12,-1.5838709677419356,29.141935483870967,0.000967741935483871,51.32258064516129,9.880645161290323
North Korea,2025-01,-3.0387096774193547,26.503225806451614,0.0064516129032258064,58.096774193548384,10.206451612903225
North Korea,2025-02,-3.3892857142857147,25.885714285714283,0.0,64.60714285714286,14.125
North Korea,2025-03,8.535483870967743,47.34193548387096,0.011290322580645162,38.96774193548387,16.700000000000003
North Korea,2025-04,14.49,58.059999999999995,0.15333333333333332,48.266666666666666,16.92
North Korea,2025-05,19.361290322580647,66.85161290322581,0.11774193548387098,54.064516129032256,17.580645161290324
North Korea,2025-06,25.6,78.08333333333333,0.06133333333333334,56.13333333333333,16.03666666666667
North Korea,2025-07,29.348387096774193,84.83548387096775,0.26548387096774195,69.64516129032258,10.341935483870968
North Korea,2025-08,28.24516129032258,82.86451612903227,0.3777419354838709,72.54838709677419,11.119354838709677
North Korea,2025-09,24.55666666666667,76.18333333333334,0.15899999999999997,68.06666666666666,9.879999999999999
North Korea,2025-10,16.238709677419354,61.23225806451613,0.10774193548387097,63.87096774193548,11.816129032258065
North Korea,2025-11,9.843333333333334,49.723333333333336,0.0026666666666666666,48.86666666666667,13.833333333333334
North Korea,2025-12,2.865091676452017e-17,32.012903225806454,0.05935483870967742,59.41935483870968,13.27741935483871
North Korea,2026-01,-4.593333333333334,23.746666666666666,0.036000000000000004,47.266666666666666,15.746666666666666
North Korea,2026-02,4.082142857142857,39.357142857142854,0.0007142857142857143,39.107142857142854,15.085714285714285
North Korea,2026-03,10.973076923076924,51.74615384615385,0.028846153846153848,33.26923076923077,13.723076923076924
Norway,2024-05,19.294117647058822,66.72941176470589,0.14529411764705882,48.294117647058826,17.058823529411764
Norway,2024-06,13.076666666666666,55.53666666666666,0.076,73.76666666666667,35.513333333333335
Norway,2024-07,16.275,61.30357142857143,0.1992857142857143,72.67857142857143,22.414285714285715
Norway,2024-08,16.712903225806453,62.07096774193548,0.1625806451612903,71.03225806451613,28.458064516129035
Norway,2024-09,11.826666666666666,53.30333333333333,0.08866666666666667,78.53333333333333,20.016666666666666
Norway,2024-10,9.570967741935483,49.229032258064514,0.02774193548387097,82.35483870967742,7.503225806451613
Norway,2024-11,2.2866666666666666,36.12,0.017666666666666667,78.86666666666666,7.319999999999999
Norway,2024-12,0.667741935483871,33.21612903225807,0.028709677419354835,81.03225806451613,8.05483870967742
Norway,2025-01,-1.8838709677419354,28.606451612903225,0.09870967741935484,85.35483870967742,7.138709677419355
Norway,2025-02,-2.692857142857143,27.160714285714285,0.016071428571428573,81.92857142857143,6.3
Norway,2025-03,4.241935483870968,39.645161290322584,0.00935483870967742,73.2258064516129,7.683870967741935
Norway,2025-04,9.286666666666667,48.71666666666667,0.018666666666666668,67.83333333333333,8.383333333333333
Norway,2025-05,11.399999999999999,52.52258064516129,0.09612903225806452,64.03225806451613,12.616129032258065
Norway,2025-06,15.053333333333335,59.10333333333333,0.029333333333333333,64.4,12.593333333333334
Norway,2025-07,19.919354838709676,67.85161290322581,0.09129032258064516,67.03225806451613,8.864516129032259
Norway,2025-08,15.290322580645162,59.519354838709674,0.04,73.06451612903226,9.629032258064516
Norway,2025-09,13.16,55.690000000000005,0.29433333333333334,83.5,6.913333333333333
Norway,2025-10,8.219354838709679,46.79677419354839,0.32225806451612904,84.45161290322581,7.103225806451612
Norway,2025-11,3.2233333333333336,37.806666666666665,0.10333333333333333,84.5,8.42
Norway,2025-12,2.596774193548387,36.68064516129032,0.17258064516129032,87.58064516129032,8.8
Norway,2026-01,-2.2517241379310344,27.948275862068964,0.11551724137931035,78.51724137931035,8.172413793103448
Norway,2026-02,-0.6357142857142858,30.864285714285717,0.024285714285714282,78.42857142857143,6.357142857142857
Norway,2026-03,2.0,35.60740740740741,0.14222222222222222,87.96296296296296,8.422222222222222
Oman,2024-05,36.76470588235294,98.17647058823529,0.0,34.705882352941174,9.63529411764706
Oman,2024-06,36.82666666666667,98.29333333333334,0.0,49.4,13.65
Oman,2024-07,35.800000000000004,96.4448275862069,0.0,54.724137931034484,15.389655172413793
Oman,2024-08,31.93548387096774,89.48064516129033,0.0,65.58064516129032,15.361290322580645
Oman,2024-09,32.88,91.18333333333334,0.012,62.4,14.116666666666667
Oman,2024-10,32.52903225806452,90.55483870967741,0.0019354838709677422,57.16129032258065,16.31935483870968
Oman,2024-11,30.529999999999998,86.94666666666667,0.0,51.0,10.99
Oman,2024-12,25.516129032258064,77.9258064516129,0.0,46.67741935483871,15.90967741935484
Oman,2025-01,23.845161290322583,74.9258064516129,0.0022580645161290325,47.483870967741936,16.496774193548386
Oman,2025-02,25.667857142857144,78.20714285714287,0.0,57.17857142857143,18.15357142857143
Oman,2025-03,28.874193548387098,83.97419354838709,0.0,40.96774193548387,19.241935483870968
Oman,2025-04,35.693333333333335,96.25333333333333,0.0,29.733333333333334,19.78666666666667
Oman,2025-05,37.71612903225807,99.87741935483871,0.0,40.935483870967744,21.322580645161292
Oman,2025-06,39.026666666666664,102.24666666666667,0.0,41.766666666666666,17.516666666666666
Oman,2025-07,34.12903225806452,93.44193548387096,0.0,72.83870967741936,14.600000000000001
Oman,2025-08,34.3,93.74516129032257,0.0,67.54838709677419,16.5258064516129
Oman,2025-09,33.72666666666667,92.71000000000001,0.0,67.53333333333333,15.083333333333334
Oman,2025-10,33.303225806451614,91.95161290322581,0.0,49.61290322580645,12.648387096774194
Oman,2025-11,29.273333333333333,84.69666666666667,0.0,44.63333333333333,9.746666666666666
Oman,2025-12,26.164516129032258,79.08709677419354,0.0003225806451612903,50.74193548387097,10.745161290322581
Oman,2026-01,23.90666666666667,75.03,0.006666666666666667,51.9,11.823333333333332
Oman,2026-02,26.88214285714286,80.39285714285714,0.0,48.642857142857146,8.714285714285714
Oman,2026-03,28.61111111111111,83.5,0.08962962962962963,56.51851851851852,11.307407407407409
Pakistan,2024-05,34.38823529411765,93.91176470588235,0.0,17.58823529411765,12.588235294117647
Pakistan,2024-06,36.72666666666667,98.11,0.06733333333333333,18.766666666666666,13.32
Pakistan,2024-07,36.83571428571429,98.30357142857143,0.00035714285714285714,37.07142857142857,9.771428571428572
Pakistan,2024-08,31.032258064516128,87.8483870967742,0.15903225806451612,62.83870967741935,6.66774193548387
Pakistan,2024-09,32.27333333333333,90.09666666666666,0.004666666666666667,46.333333333333336,6.616666666666666
Pakistan,2024-10,31.17096774193548,88.10645161290323,0.0,25.161290322580644,9.580645161290322
Pakistan,2024-11,25.503333333333334,77.91000000000001,0.0,22.5,9.04
Pakistan,2024-12,18.87741935483871,65.96129032258064,0.0006451612903225806,17.967741935483872,8.40967741935484
Pakistan,2025-01,19.751612903225805,67.56129032258065,0.0006451612903225806,19.677419354838708,9.8
Pakistan,2025-02,20.400000000000002,68.71785714285714,0.29964285714285716,28.428571428571427,11.164285714285715
Pakistan,2025-03,24.506451612903227,76.11290322580645,0.07225806451612904,26.93548387096774,12.058064516129033
Pakistan,2025-04,34.32,93.77666666666667,0.0003333333333333333,14.633333333333333,14.753333333333334
Pakistan,2025-05,36.78387096774193,98.19032258064516,0.004193548387096774,20.580645161290324,12.841935483870968
Pakistan,2025-06,37.330000000000005,99.2,0.13866666666666666,29.833333333333332,13.103333333333333
Pakistan,2025-07,31.896774193548385,89.42258064516129,0.7403225806451614,59.225806451612904,7.674193548387097
Pakistan,2025-08,30.896774193548385,87.61290322580645,0.25516129032258067,62.0,8.535483870967743
Pakistan,2025-09,31.2,88.14333333333335,0.113,50.06666666666667,7.283333333333333
Pakistan,2025-10,27.725806451612904,81.8967741935484,0.060645161290322575,34.064516129032256,8.63225806451613
Pakistan,2025-11,23.336666666666666,74.00666666666666,0.0,18.766666666666666,9.046666666666665
Pakistan,2025-12,20.706451612903226,69.29032258064517,0.0032258064516129032,22.419354838709676,7.877419354838709
Pakistan,2026-01,16.396666666666665,61.53,0.05466666666666667,29.833333333333332,7.45
Pakistan,2026-02,21.25357142857143,70.26785714285714,0.0,25.785714285714285,7.767857142857143
Pakistan,2026-03,24.73846153846154,76.51923076923077,0.01346153846153846,30.384615384615383,9.330769230769231
Palau,2024-05,27.0,80.60000000000001,0.23647058823529415,89.41176470588235,8.799999999999999
Palau,2024-06,26.67241379310345,80.01724137931035,0.39620689655172414,87.6896551724138,6.341379310344828
Palau,2024-07,26.97241379310345,80.55172413793103,0.7168965517241379,83.48275862068965,10.4
Palau,2024-08,27.503225806451614,81.50967741935484,0.7435483870967742,83.51612903225806,9.358064516129033
Palau,2024-09,27.546666666666667,81.58999999999999,0.286,85.36666666666666,13.563333333333333
Palau,2024-10,28.638709677419353,83.55483870967741,0.2754838709677419,79.35483870967742,18.583870967741937
Palau,2024-11,28.59,83.46666666666667,0.16633333333333333,81.4,16.9
Palau,2024-12,27.787096774193547,82.01612903225806,0.3545161290322581,84.64516129032258,18.335483870967742
Palau,2025-01,27.403225806451612,81.3258064516129,0.4590322580645161,85.7741935483871,23.761290322580646
Palau,2025-02,27.357142857142858,81.23571428571428,0.34607142857142853,84.71428571428571,27.053571428571427
Palau,2025-03,27.551612903225806,81.60967741935484,0.31709677419354837,84.29032258064517,22.93548387096774
Palau,2025-04,28.706666666666667,83.67333333333333,0.3106666666666667,81.2,19.81
Palau,2025-05,28.761290322580646,83.77741935483871,0.5287096774193548,81.48387096774194,16.280645161290323
Palau,2025-06,27.996666666666666,82.39333333333335,0.8190000000000001,83.53333333333333,14.183333333333334
Palau,2025-07,28.687096774193545,83.63225806451612,0.38258064516129037,80.48387096774194,18.33225806451613
Palau,2025-08,28.635483870967743,83.54516129032258,0.6525806451612903,78.96774193548387,14.180645161290323
Palau,2025-09,28.976666666666667,84.16666666666667,0.39,77.96666666666667,12.193333333333333
Palau,2025-10,28.641935483870967,83.56451612903226,0.48451612903225805,80.90322580645162,13.383870967741935
Palau,2025-11,29.063333333333333,84.31666666666666,0.33566666666666667,80.9,20.373333333333335
Palau,2025-12,28.864516129032257,83.96451612903226,0.2787096774193549,80.58064516129032,18.606451612903225
Palau,2026-01,29.646666666666665,85.36999999999999,0.2633333333333333,75.8,18.490000000000002
Palau,2026-02,29.196428571428573,84.56785714285715,0.5342857142857143,77.57142857142857,20.482142857142858
Palau,2026-03,29.11111111111111,84.4,0.1625925925925926,74.18518518518519,20.562962962962963
Panama,2024-05,28.176470588235293,82.71764705882353,0.7294117647058823,85.0,7.529411764705882
Panama,2024-06,27.55,81.59333333333333,0.3093333333333333,86.26666666666667,6.84
Panama,2024-07,26.051724137931036,78.89655172413794,0.35551724137931034,92.10344827586206,5.248275862068965
Panama,2024-08,25.548387096774192,77.98387096774194,0.21419354838709675,92.3225806451613,5.641935483870968
Panama,2024-09,25.91,78.64,0.213,92.9,6.163333333333333
Panama,2024-10,25.10666666666667,77.19666666666667,0.1713333333333333,94.46666666666667,6.623333333333333
Panama,2024-11,24.848275862068967,76.73793103448276,0.19655172413793104,92.13793103448276,9.50344827586207
Panama,2024-12,24.55483870967742,76.21290322580644,0.20548387096774193,93.16129032258064,8.770967741935483
Panama,2025-01,24.956666666666667,76.93333333333334,0.043000000000000003,89.93333333333334,8.636666666666667
Panama,2025-02,24.853571428571428,76.73571428571428,0.014642857142857143,88.14285714285714,8.525
Panama,2025-03,25.080645161290324,77.13870967741936,0.0038709677419354843,85.16129032258064,8.390322580645162
Panama,2025-04,25.723333333333336,78.3,0.2866666666666667,87.83333333333333,8.513333333333334
Panama,2025-05,25.796666666666667,78.43666666666667,0.266,92.56666666666666,6.616666666666666
Panama,2025-06,25.616666666666667,78.11,0.269,92.9,6.283333333333333
Panama,2025-07,25.629032258064516,78.12903225806451,0.3216129032258065,91.54838709677419,7.587096774193548
Panama,2025-08,25.383870967741935,77.69354838709677,0.07741935483870968,91.03225806451613,6.993548387096775
Panama,2025-09,25.38,77.69,0.19766666666666666,92.46666666666667,6.366666666666666
Panama,2025-10,25.212903225806453,77.39032258064516,0.14548387096774193,90.09677419354838,6.854838709677419
Panama,2025-11,25.256666666666668,77.46666666666667,0.32766666666666666,92.06666666666666,9.883333333333333
Panama,2025-12,25.01290322580645,77.02903225806452,0.03806451612903226,90.45161290322581,8.72258064516129
Panama,2026-01,24.89333333333333,76.82,0.002,87.26666666666667,9.343333333333334
Panama,2026-02,24.460714285714285,76.02142857142857,0.003928571428571429,86.57142857142857,10.839285714285714
Panama,2026-03,24.357142857142858,75.84285714285714,0.0007142857142857143,86.03571428571429,9.567857142857141
Papua New Guinea,2024-05,25.6375,78.14375,0.141875,88.125,13.05
Papua New Guinea,2024-06,25.02258064516129,77.03548387096774,0.02870967741935484,88.35483870967742,15.16451612903226
Papua New Guinea,2024-07,24.414285714285715,75.96071428571429,0.032499999999999994,83.60714285714286,16.925
Papua New Guinea,2024-08,25.27741935483871,77.50322580645161,0.060322580645161286,86.29032258064517,19.238709677419354
Papua New Guinea,2024-09,26.223333333333336,79.20333333333333,0.145,83.0,19.873333333333335
Papua New Guinea,2024-10,26.067741935483873,78.91935483870968,0.2332258064516129,86.48387096774194,17.97741935483871
Papua New Guinea,2024-11,27.483333333333334,81.47,0.3893333333333333,82.63333333333334,16.14
Papua New Guinea,2024-12,26.932258064516127,80.48064516129033,0.31935483870967746,85.25806451612904,7.558064516129033
Papua New Guinea,2025-01,27.190322580645162,80.93870967741935,0.7141935483870968,84.90322580645162,7.083870967741936
Papua New Guinea,2025-02,26.982142857142858,80.56428571428572,0.4667857142857143,84.75,8.164285714285715
Papua New Guinea,2025-03,27.041935483870965,80.68387096774192,1.4080645161290322,87.2258064516129,6.493548387096775
Papua New Guinea,2025-04,27.033333333333335,80.66666666666667,1.0823333333333334,87.4,9.216666666666667
Papua New Guinea,2025-05,27.6,81.69032258064516,0.862258064516129,86.48387096774194,13.44516129032258
Papua New Guinea,2025-06,27.31,81.16666666666667,0.177,84.36666666666666,17.526666666666664
Papua New Guinea,2025-07,27.200000000000003,80.96451612903226,0.38806451612903226,83.83870967741936,19.01290322580645
Papua New Guinea,2025-08,26.887096774193548,80.39354838709677,0.19129032258064516,77.58064516129032,26.438709677419357
Papua New Guinea,2025-09,26.073333333333334,78.94333333333334,0.37,83.23333333333333,21.766666666666666
Papua New Guinea,2025-10,26.538709677419355,79.78709677419356,0.7845161290322581,83.29032258064517,15.345161290322581
Papua New Guinea,2025-11,27.496666666666666,81.49,0.797,80.3,10.793333333333333
Papua New Guinea,2025-12,28.861290322580647,83.94193548387096,0.6938709677419356,73.80645161290323,9.52258064516129
Papua New Guinea,2026-01,27.65666666666667,81.8,0.9656666666666667,76.76666666666667,14.51
Papua New Guinea,2026-02,28.289285714285715,82.93928571428572,0.7039285714285715,75.64285714285714,13.196428571428571
Papua New Guinea,2026-03,27.592857142857145,81.67142857142858,0.5285714285714286,75.85714285714286,12.335714285714285
Paraguay,2024-05,19.423529411764704,66.96470588235294,0.0023529411764705885,53.411764705882355,14.776470588235293
Paraguay,2024-06,25.146666666666665,77.27,0.0026666666666666666,46.766666666666666,15.706666666666667
Paraguay,2024-07,15.189655172413794,59.358620689655176,0.01793103448275862,56.3448275862069,10.110344827586207
Paraguay,2024-08,18.12258064516129,64.59677419354838,0.01129032258064516,49.064516129032256,12.245161290322581
Paraguay,2024-09,22.59,72.66000000000001,0.0,45.03333333333333,12.15
Paraguay,2024-10,23.04516129032258,73.49677419354839,0.06290322580645161,59.516129032258064,10.838709677419354
Paraguay,2024-11,22.529999999999998,72.56666666666666,0.6333333333333333,73.63333333333334,9.573333333333332
Paraguay,2024-12,22.04516129032258,71.67096774193548,0.13548387096774195,69.3225806451613,9.374193548387098
Paraguay,2025-01,24.64333333333333,76.36999999999999,0.07566666666666667,64.3,6.843333333333334
Paraguay,2025-02,24.928571428571427,76.86785714285715,0.07071428571428572,68.57142857142857,9.125
Paraguay,2025-03,22.23225806451613,72.00322580645161,0.1867741935483871,81.80645161290323,8.167741935483871
Paraguay,2025-04,17.959999999999997,64.31666666666666,0.07,80.16666666666667,7.67
Paraguay,2025-05,18.31935483870968,64.96451612903226,0.01161290322580645,78.58064516129032,9.574193548387097
Paraguay,2025-06,12.87,55.17666666666666,0.033,80.06666666666666,9.106666666666666
Paraguay,2025-07,14.432258064516128,57.9741935483871,0.0,63.58064516129032,8.745161290322581
Paraguay,2025-08,17.36774193548387,63.25806451612903,0.006129032258064516,57.03225806451613,9.832258064516129
Paraguay,2025-09,23.163333333333334,73.69333333333334,0.0,48.233333333333334,7.586666666666667
Paraguay,2025-10,21.85483870967742,71.33225806451614,0.10967741935483871,66.74193548387096,8.754838709677419
Paraguay,2025-11,23.026666666666664,73.44,0.185,68.56666666666666,5.98
Paraguay,2025-12,23.751612903225805,74.73870967741935,0.21903225806451612,82.54838709677419,7.193548387096774
Paraguay,2026-01,23.176666666666666,73.72666666666667,0.09766666666666667,71.4,6.62
Paraguay,2026-02,25.067857142857143,77.14285714285714,0.11285714285714286,71.89285714285714,6.625
Paraguay,2026-03,24.38888888888889,75.91111111111111,0.17777777777777778,79.55555555555556,6.814814814814815
Peru,2024-05,18.11764705882353,64.63529411764705,0.0023529411764705885,80.17647058823529,7.7
Peru,2024-06,17.136666666666667,62.86,0.0026666666666666666,80.53333333333333,7.496666666666667
Peru,2024-07,15.360714285714286,59.646428571428565,0.006071428571428572,82.5,6.55
Peru,2024-08,15.167741935483871,59.306451612903224,0.0070967741935483875,83.0,6.877419354838709
Peru,2024-09,15.156666666666666,59.27333333333333,0.007,84.7,8.01
Peru,2024-10,16.13,61.026666666666664,0.0033333333333333335,86.3,9.08
Peru,2024-11,17.348275862068967,63.23793103448276,0.0003448275862068966,86.20689655172414,9.162068965517241
Peru,2024-12,18.51290322580645,65.31612903225806,0.0006451612903225806,86.45161290322581,8.422580645161291
Peru,2025-01,19.873333333333335,67.77,0.0003333333333333333,84.8,8.72
Peru,2025-02,21.603571428571428,70.875,0.004285714285714286,82.46428571428571,8.296428571428573
Peru,2025-03,21.238709677419354,70.20645161290322,0.0029032258064516127,82.25806451612904,9.683870967741935
Peru,2025-04,18.736666666666668,65.73666666666666,0.0003333333333333333,84.33333333333333,8.203333333333333
Peru,2025-05,16.9,62.419999999999995,0.0033333333333333335,86.5,8.42
Peru,2025-06,16.136666666666667,61.06333333333334,0.010666666666666666,86.7,9.123333333333333
Peru,2025-07,15.077419354838709,59.13548387096775,0.008064516129032258,83.29032258064517,9.574193548387097
Peru,2025-08,14.780645161290321,58.596774193548384,0.007419354838709678,84.70967741935483,9.754838709677419
Peru,2025-09,15.370000000000001,59.669999999999995,0.004666666666666667,85.1,8.879999999999999
Peru,2025-10,16.651612903225807,61.96451612903226,0.0016129032258064516,85.3225806451613,9.76774193548387
Peru,2025-11,17.35,63.24,0.0023333333333333335,85.46666666666667,9.32
Peru,2025-12,18.56451612903226,65.43548387096774,0.0012903225806451613,85.35483870967742,9.54516129032258
Peru,2026-01,21.253333333333334,70.23666666666666,0.001,81.1,8.646666666666667
Peru,2026-02,22.978571428571428,73.36785714285715,0.015714285714285715,78.85714285714286,8.789285714285715
Peru,2026-03,22.322222222222223,72.17407407407407,0.0,78.70370370370371,11.337037037037037
Philippines,2024-05,30.375,86.675,0.279375,74.5,7.28125
Philippines,2024-06,28.853333333333335,83.94333333333334,0.4356666666666667,83.3,7.533333333333333
Philippines,2024-07,28.36896551724138,83.06551724137931,0.8820689655172415,83.44827586206897,9.748275862068965
Philippines,2024-08,28.812903225806455,83.86451612903227,0.7006451612903225,81.35483870967742,9.958064516129031
Philippines,2024-09,28.723333333333336,83.7,0.7153333333333334,86.4,10.29
Philippines,2024-10,29.638709677419357,85.34516129032258,0.4519354838709677,76.87096774193549,13.17741935483871
Philippines,2024-11,30.173333333333336,86.33333333333333,0.18033333333333335,69.03333333333333,13.356666666666666
Philippines,2024-12,28.038709677419355,82.48064516129033,0.26419354838709674,77.61290322580645,13.683870967741935
Philippines,2025-01,28.229032258064517,82.80322580645162,0.12129032258064516,70.90322580645162,13.7
Philippines,2025-02,28.964285714285715,84.14642857142857,0.08678571428571429,69.32142857142857,15.871428571428572
Philippines,2025-03,31.016129032258064,87.83548387096775,0.004838709677419355,62.064516129032256,20.06451612903226
Philippines,2025-04,34.21333333333334,93.57666666666667,0.031000000000000003,53.5,17.966666666666665
Philippines,2025-05,33.73548387096774,92.7258064516129,0.1470967741935484,58.67741935483871,16.848387096774193
Philippines,2025-06,30.276666666666667,86.49666666666667,0.7126666666666667,78.8,13.346666666666666
Philippines,2025-07,29.26451612903226,84.6774193548387,0.84,83.45161290322581,24.138709677419353
Philippines,2025-08,29.638709677419353,85.35483870967742,0.7290322580645162,79.12903225806451,11.774193548387096
Philippines,2025-09,29.23,84.61666666666666,0.7913333333333333,80.5,12.323333333333332
Philippines,2025-10,30.529032258064515,86.95483870967742,0.4290322580645161,75.96774193548387,8.583870967741936
Philippines,2025-11,30.866666666666667,87.56333333333333,0.305,72.5,16.076666666666668
Philippines,2025-12,29.73548387096774,85.52903225806452,0.20129032258064516,72.2258064516129,11.43225806451613
Philippines,2026-01,29.116666666666667,84.41333333333334,0.08433333333333333,64.3,12.646666666666667
Philippines,2026-02,30.657142857142855,87.18214285714285,0.002857142857142857,57.5,15.478571428571428
Philippines,2026-03,31.74814814814815,89.15555555555555,0.002592592592592593,50.629629629629626,14.2
Poland,2024-05,23.58823529411765,74.45882352941176,0.23352941176470587,41.1764705882353,18.211764705882352
Poland,2024-06,23.94333333333333,75.11666666666666,0.048666666666666664,50.46666666666667,14.323333333333332
Poland,2024-07,26.482758620689655,79.66551724137932,0.004482758620689655,45.6551724137931,15.431034482758621
Poland,2024-08,26.34193548387097,79.40967741935484,0.0067741935483870966,46.12903225806452,13.441935483870967
Poland,2024-09,22.763333333333332,72.97,0.12399999999999999,51.266666666666666,16.956666666666667
Poland,2024-10,12.625806451612902,54.722580645161294,0.03032258064516129,66.96774193548387,13.46774193548387
Poland,2024-11,4.663333333333333,40.406666666666666,0.060000000000000005,81.0,13.513333333333332
Poland,2024-12,3.4096774193548387,38.145161290322584,0.04225806451612903,85.61290322580645,14.158064516129032
Poland,2025-01,3.3,37.94193548387097,0.0367741935483871,83.35483870967742,14.529032258064515
Poland,2025-02,0.7571428571428572,33.36785714285714,0.012142857142857141,76.28571428571429,11.914285714285715
Poland,2025-03,9.332258064516129,48.803225806451614,0.0064516129032258064,56.74193548387097,12.619354838709677
Poland,2025-04,13.44,56.18666666666666,0.04066666666666666,53.6,14.603333333333333
Poland,2025-05,13.887096774193548,56.99354838709677,0.05870967741935483,57.38709677419355,14.077419354838709
Poland,2025-06,20.083333333333332,68.15,0.123,63.46666666666667,18.673333333333336
Poland,2025-07,21.051612903225806,69.9,0.1941935483870968,68.12903225806451,12.793548387096774
Poland,2025-08,20.638709677419353,69.14838709677419,0.047419354838709675,60.903225806451616,13.393548387096773
Poland,2025-09,16.5,61.71,0.06533333333333333,77.26666666666667,13.783333333333333
Poland,2025-10,8.26774193548387,46.88387096774194,0.07677419354838709,87.25806451612904,15.287096774193548
Poland,2025-11,3.75,38.74666666666667,0.09633333333333334,91.73333333333333,10.42
Poland,2025-12,2.1806451612903226,35.932258064516134,0.03516129032258064,90.70967741935483,11.812903225806451
Poland,2026-01,-6.523333333333334,20.266666666666666,0.022333333333333334,89.43333333333334,11.830000000000002
Poland,2026-02,-3.982142857142857,24.835714285714285,0.036071428571428574,90.14285714285714,11.742857142857144
Poland,2026-03,3.5964285714285715,38.46785714285714,0.0014285714285714286,80.89285714285714,9.65
Polônia,2024-07,27.7,81.9,0.0,52.0,29.5
Portugal,2024-05,23.11764705882353,73.61176470588236,0.0005882352941176471,47.88235294117647,16.811764705882354
Portugal,2024-06,23.34333333333333,74.01333333333334,0.010333333333333333,60.8,19.65666666666667
Portugal,2024-07,26.98148148148148,80.57777777777777,0.014814814814814815,51.851851851851855,14.466666666666667
Portugal,2024-08,27.003225806451614,80.60645161290323,0.0003225806451612903,50.03225806451613,17.9
Portugal,2024-09,22.7,72.85333333333332,0.02666666666666667,58.7,16.063333333333336
Portugal,2024-10,18.793548387096774,65.8225806451613,0.03806451612903226,87.09677419354838,15.406451612903227
Portugal,2024-11,14.69,58.45666666666667,0.04700000000000001,90.76666666666667,13.146666666666667
Portugal,2024-12,11.206451612903225,52.16451612903226,0.0003225806451612903,79.93548387096774,12.37741935483871
Portugal,2025-01,12.35483870967742,54.24193548387097,0.1706451612903226,84.19354838709677,17.70967741935484
Portugal,2025-02,12.289285714285715,54.128571428571426,0.08750000000000001,90.42857142857143,10.542857142857143
Portugal,2025-03,12.845161290322581,55.119354838709675,0.20161290322580644,84.35483870967742,16.635483870967743
Portugal,2025-04,15.523333333333333,59.940000000000005,0.5489999999999999,81.63333333333334,17.206666666666667
Portugal,2025-05,17.603225806451615,63.7,0.056129032258064517,73.48387096774194,13.399999999999999
Portugal,2025-06,21.333333333333332,70.40333333333334,0.003,68.33333333333333,12.860000000000001
Portugal,2025-07,22.038709677419355,71.6741935483871,0.0022580645161290325,67.70967741935483,13.141935483870967
Portugal,2025-08,21.129032258064516,70.03225806451613,0.0003225806451612903,75.87096774193549,10.154838709677419
Portugal,2025-09,18.166666666666668,64.7,0.019333333333333334,74.8,13.463333333333333
Portugal,2025-10,17.929032258064513,64.28064516129032,0.028387096774193554,81.45161290322581,9.970967741935485
Portugal,2025-11,13.09,55.57000000000001,0.29266666666666663,88.06666666666666,15.483333333333333
Portugal,2025-12,10.100000000000001,50.17741935483871,0.23193548387096777,92.54838709677419,14.138709677419355
Portugal,2026-01,10.873333333333333,51.56666666666667,0.17833333333333332,90.83333333333333,19.573333333333334
Portugal,2026-02,11.450000000000001,52.614285714285714,0.37214285714285716,91.46428571428571,18.560714285714287
Portugal,2026-03,11.407142857142857,52.542857142857144,0.19642857142857142,84.5,14.875
Qatar,2024-05,37.11764705882353,98.81176470588235,0.0,27.823529411764707,21.81764705882353
Qatar,2024-06,39.01,102.22333333333333,0.0,34.7,16.369999999999997
Qatar,2024-07,40.793103448275865,105.43793103448276,0.0,32.58620689655172,22.893103448275863
Qatar,2024-08,38.75483870967742,101.75483870967743,0.0,47.87096774193548,21.280645161290323
Qatar,2024-09,38.233333333333334,100.83333333333333,0.0,43.4,16.946666666666665
Qatar,2024-10,34.413333333333334,93.95,0.0,45.2,18.433333333333334
Qatar,2024-11,29.98,85.97,0.0,48.166666666666664,16.53666666666667
Qatar,2024-12,24.112903225806452,75.40967741935484,0.0,45.41935483870968,16.135483870967743
Qatar,2025-01,22.335483870967742,72.20322580645161,0.0,43.645161290322584,18.69677419354839
Qatar,2025-02,22.310714285714287,72.16071428571429,0.0064285714285714285,49.464285714285715,20.00357142857143
Qatar,2025-03,26.403225806451612,79.52580645161291,0.0012903225806451613,37.29032258064516,20.503225806451614
Qatar,2025-04,35.17666666666666,95.32,0.0,20.966666666666665,20.14
Qatar,2025-05,39.76129032258064,103.5741935483871,0.0,18.64516129032258,22.09032258064516
Qatar,2025-06,41.71,107.07333333333332,0.0,17.166666666666668,25.546666666666667
Qatar,2025-07,41.406451612903226,106.54193548387097,0.0,26.258064516129032,21.97741935483871
Qatar,2025-08,40.34516129032258,104.62258064516129,0.0,41.193548387096776,13.558064516129033
Qatar,2025-09,38.17333333333333,100.72,0.0003333333333333333,40.166666666666664,17.816666666666666
Qatar,2025-10,33.13870967741936,91.65483870967742,0.0,44.58064516129032,13.029032258064515
Qatar,2025-11,28.40666666666667,83.13333333333334,0.0,46.93333333333333,13.906666666666666
Qatar,2025-12,23.583870967741937,74.4483870967742,0.001935483870967742,59.064516129032256,15.303225806451612
Qatar,2026-01,19.77,67.58333333333333,0.0006666666666666666,58.06666666666667,20.026666666666667
Qatar,2026-02,23.342857142857145,74.02142857142857,0.0,57.82142857142857,15.75
Qatar,2026-03,23.799999999999997,74.84615384615384,0.0019230769230769232,64.26923076923077,19.773076923076925
Romania,2024-05,22.647058823529413,72.76470588235294,0.018823529411764708,40.470588235294116,14.088235294117647
Romania,2024-06,31.826666666666664,89.29333333333334,0.009333333333333334,34.233333333333334,12.023333333333333
Romania,2024-07,33.9,93.01428571428572,0.016428571428571428,28.785714285714285,11.75357142857143
Romania,2024-08,32.97741935483871,91.35483870967742,0.038387096774193545,29.580645161290324,13.074193548387097
Romania,2024-09,25.19333333333333,77.36,0.044000000000000004,46.6,13.603333333333333
Romania,2024-10,17.648387096774194,63.75483870967742,0.0012903225806451613,52.12903225806452,9.64516129032258
Romania,2024-11,6.7,44.07,0.07899999999999999,68.96666666666667,12.58
Romania,2024-12,6.141935483870968,43.05483870967742,0.09258064516129033,76.48387096774194,14.412903225806453
Romania,2025-01,7.070967741935483,44.729032258064514,0.0,68.25806451612904,10.422580645161291
Romania,2025-02,1.0321428571428573,33.86071428571429,0.042499999999999996,67.64285714285714,11.321428571428571
Romania,2025-03,12.906451612903227,55.23548387096774,0.02096774193548387,56.12903225806452,12.7
Romania,2025-04,14.389999999999999,57.9,0.058,57.2,13.069999999999999
Romania,2025-05,18.29032258064516,64.92258064516129,0.14838709677419354,62.54838709677419,12.506451612903225
Romania,2025-06,27.65,81.77,0.006333333333333333,44.36666666666667,10.956666666666667
Romania,2025-07,29.096774193548388,84.3741935483871,0.009677419354838712,45.225806451612904,9.77741935483871
Romania,2025-08,26.593548387096774,79.8741935483871,0.005806451612903225,44.83870967741935,12.283870967741937
Romania,2025-09,21.02,69.84666666666666,0.016,58.86666666666667,13.103333333333333
Romania,2025-10,11.316129032258065,52.36774193548387,0.13806451612903226,78.58064516129032,13.14516129032258
Romania,2025-11,7.903333333333333,46.22666666666667,0.045000000000000005,94.03333333333333,9.256666666666666
Romania,2025-12,2.109677419354839,35.79032258064516,0.004193548387096774,92.54838709677419,10.922580645161291
Romania,2026-01,-1.7966666666666666,28.763333333333332,0.04000000000000001,91.83333333333333,10.57
Romania,2026-02,-0.3892857142857143,31.310714285714287,0.23642857142857143,90.78571428571429,11.110714285714286
Romania,2026-03,4.603846153846154,40.30384615384616,0.055769230769230765,83.23076923076923,11.876923076923077
Russia,2024-05,22.294117647058822,72.12941176470588,0.017058823529411765,33.88235294117647,14.047058823529412
Russia,2024-06,22.37837837837838,72.27567567567567,0.19405405405405407,57.75675675675676,16.156756756756756
Russia,2024-07,26.082857142857144,78.95142857142858,0.162,44.8,14.234285714285713
Russia,2024-08,23.4741935483871,74.25161290322582,0.02935483870967742,50.87096774193548,14.974193548387097
Russia,2024-09,22.436666666666667,72.39666666666668,0.0,40.8,15.58
Russia,2024-10,9.235483870967743,48.63870967741936,0.0935483870967742,74.16129032258064,14.345161290322581
Russia,2024-11,1.2933333333333332,34.333333333333336,0.058333333333333334,85.93333333333334,16.136666666666667
Russia,2024-12,-2.135483870967742,28.151612903225807,0.05419354838709677,89.09677419354838,13.583870967741936
Russia,2025-01,0.08709677419354843,32.16451612903226,0.04516129032258065,83.38709677419355,15.964516129032257
Russia,2025-02,-3.792857142857143,25.175,0.008214285714285714,70.25,9.450000000000001
Russia,2025-03,5.638709677419355,42.15806451612904,0.012258064516129033,63.645161290322584,13.806451612903226
Russia,2025-04,10.376666666666667,50.67666666666666,0.07233333333333333,55.13333333333333,17.283333333333335
Russia,2025-05,15.480645161290322,59.86451612903225,0.11580645161290322,52.45161290322581,17.07741935483871
Russia,2025-06,18.63,65.53333333333333,0.18066666666666667,61.43333333333333,16.256666666666668
Russia,2025-07,23.951612903225808,75.10967741935484,0.15129032258064515,61.12903225806452,13.848387096774195
Russia,2025-08,18.05483870967742,64.50322580645161,0.09935483870967741,72.41935483870968,14.551612903225807
Russia,2025-09,15.053333333333335,59.09666666666667,0.007333333333333333,69.36666666666666,14.526666666666667
Russia,2025-10,7.148387096774194,44.86774193548387,0.08,88.74193548387096,12.190322580645162
Russia,2025-11,3.183333333333333,37.733333333333334,0.23533333333333334,92.8,12.996666666666666
Russia,2025-12,-5.060526315789474,22.892105263157895,0.05078947368421053,92.07894736842105,11.168421052631578
Russia,2026-01,-12.378947368421052,9.713157894736844,0.08763157894736842,87.47368421052632,8.860526315789473
Russia,2026-02,-12.319047619047618,9.82857142857143,0.11166666666666668,81.9047619047619,10.735714285714286
Russia,2026-03,0.1870967741935484,32.34516129032258,0.0022580645161290325,73.58064516129032,9.625806451612902
Rwanda,2024-05,26.764705882352942,80.17647058823529,0.35705882352941176,47.76470588235294,9.611764705882353
Rwanda,2024-06,26.396666666666665,79.52,0.010333333333333333,40.8,10.24
Rwanda,2024-07,28.49285714285714,83.28571428571429,0.0014285714285714286,29.25,8.653571428571428
Rwanda,2024-08,28.480645161290322,83.28709677419356,0.0012903225806451613,30.35483870967742,10.283870967741937
Rwanda,2024-09,27.65,81.76666666666667,0.007333333333333333,38.56666666666667,11.936666666666667
Rwanda,2024-10,26.009677419354837,78.80645161290323,0.2709677419354839,52.774193548387096,6.664516129032258
Rwanda,2024-11,23.990000000000002,75.18333333333334,0.41766666666666663,63.4,5.66
Rwanda,2024-12,24.638709677419353,76.3483870967742,0.3796774193548387,60.225806451612904,7.519354838709678
Rwanda,2025-01,25.30322580645161,77.55806451612904,0.0929032258064516,54.83870967741935,6.403225806451613
Rwanda,2025-02,26.235714285714288,79.22857142857143,0.0975,52.714285714285715,6.814285714285715
Rwanda,2025-03,24.15806451612903,75.48064516129033,0.43806451612903224,63.38709677419355,5.132258064516129
Rwanda,2025-04,23.226666666666667,73.81,0.5233333333333333,68.76666666666667,4.796666666666667
Rwanda,2025-05,22.67096774193548,72.80645161290323,0.3690322580645161,70.25806451612904,5.519354838709678
Rwanda,2025-06,22.623333333333335,72.72666666666667,0.249,61.86666666666667,6.556666666666667
Rwanda,2025-07,23.051612903225806,73.49354838709678,0.08096774193548388,51.12903225806452,7.435483870967742
Rwanda,2025-08,22.40967741935484,72.34193548387097,0.04387096774193548,56.12903225806452,7.335483870967742
Rwanda,2025-09,23.423333333333336,74.16333333333334,0.050666666666666665,55.2,6.903333333333333
Rwanda,2025-10,22.364516129032257,72.25806451612904,0.2106451612903226,69.25806451612904,4.990322580645161
Rwanda,2025-11,21.459999999999997,70.63333333333334,0.16133333333333333,73.1,4.343333333333334
Rwanda,2025-12,20.46451612903226,68.84516129032258,0.0664516129032258,77.64516129032258,4.0
Rwanda,2026-01,21.166666666666668,70.09666666666666,0.08066666666666666,76.1,3.6966666666666668
Rwanda,2026-02,19.732142857142858,67.51785714285714,0.10071428571428573,84.28571428571429,3.7035714285714287
Rwanda,2026-03,19.196428571428573,66.55357142857143,0.31071428571428567,91.28571428571429,3.6142857142857143
Saint Kitts and Nevis,2024-05,29.764705882352942,85.5764705882353,0.12352941176470589,76.6470588235294,17.352941176470587
Saint Kitts and Nevis,2024-06,30.226666666666667,86.41333333333334,0.07633333333333334,71.43333333333334,26.4
Saint Kitts and Nevis,2024-07,28.74827586206897,83.7551724137931,0.11482758620689655,78.55172413793103,23.162068965517243
Saint Kitts and Nevis,2024-08,28.503225806451614,83.31612903225808,0.13838709677419356,79.45161290322581,23.061290322580643
Saint Kitts and Nevis,2024-09,28.376666666666665,83.08666666666666,0.174,79.63333333333334,17.833333333333332
Saint Kitts and Nevis,2024-10,28.6,83.47419354838709,0.12870967741935485,72.3225806451613,21.338709677419356
Saint Kitts and Nevis,2024-11,27.144827586206898,80.87931034482759,0.41586206896551725,78.51724137931035,19.56896551724138
Saint Kitts and Nevis,2024-12,25.596774193548388,78.08387096774193,0.17129032258064514,79.19354838709677,27.638709677419353
Saint Kitts and Nevis,2025-01,24.883333333333333,76.80333333333333,0.06233333333333334,80.13333333333334,29.779999999999998
Saint Kitts and Nevis,2025-02,24.592857142857145,76.26785714285714,0.1582142857142857,79.17857142857143,33.982142857142854
Saint Kitts and Nevis,2025-03,24.52258064516129,76.14516129032258,0.10612903225806451,79.64516129032258,23.448387096774194
Saint Kitts and Nevis,2025-04,25.1,77.17666666666668,0.1476666666666667,80.1,26.89333333333333
Saint Kitts and Nevis,2025-05,26.296774193548387,79.34516129032258,0.1925806451612903,82.06451612903226,27.016129032258064
Saint Kitts and Nevis,2025-06,27.05666666666667,80.69666666666667,0.043666666666666666,77.83333333333333,31.266666666666666
Saint Kitts and Nevis,2025-07,27.093548387096774,80.76129032258065,0.05838709677419355,80.93548387096774,30.806451612903224
Saint Kitts and Nevis,2025-08,27.716129032258067,81.89032258064516,0.08806451612903225,81.06451612903226,25.5258064516129
Saint Kitts and Nevis,2025-09,27.6,81.69333333333333,0.21166666666666664,80.2,22.35666666666667
Saint Kitts and Nevis,2025-10,27.322580645161292,81.19354838709677,0.28451612903225804,83.19354838709677,23.87741935483871
Saint Kitts and Nevis,2025-11,26.35,79.43333333333334,0.10366666666666666,81.33333333333333,27.48
Saint Kitts and Nevis,2025-12,25.23225806451613,77.41612903225807,0.07870967741935483,80.90322580645162,27.625806451612902
Saint Kitts and Nevis,2026-01,24.85,76.72666666666667,0.121,82.63333333333334,26.69
Saint Kitts and Nevis,2026-02,24.160714285714285,75.47857142857143,0.07607142857142857,84.78571428571429,24.457142857142856
Saint Kitts and Nevis,2026-03,24.77777777777778,76.60370370370372,0.14259259259259258,78.5925925925926,31.1
Saint Lucia,2024-05,29.941176470588236,85.89411764705882,0.07705882352941176,74.47058823529412,24.788235294117644
Saint Lucia,2024-06,29.709999999999997,85.48666666666666,0.114,75.4,21.08
Saint Lucia,2024-07,29.013793103448275,84.22413793103448,0.11379310344827585,77.37931034482759,17.43103448275862
Saint Lucia,2024-08,28.61935483870968,83.50322580645161,0.4367741935483871,80.3225806451613,16.799999999999997
Saint Lucia,2024-09,27.973333333333336,82.35666666666665,0.12966666666666668,86.06666666666666,13.166666666666666
Saint Lucia,2024-10,27.261290322580646,81.0741935483871,0.1503225806451613,85.45161290322581,15.512903225806452
Saint Lucia,2024-11,26.75862068965517,80.18275862068967,0.2896551724137931,86.3103448275862,15.758620689655173
Saint Lucia,2024-12,25.980645161290322,78.77741935483871,0.16774193548387098,79.90322580645162,19.4741935483871
Saint Lucia,2025-01,25.96333333333333,78.73,0.161,79.4,23.08
Saint Lucia,2025-02,25.70357142857143,78.27857142857144,0.13464285714285715,78.57142857142857,26.34642857142857
Saint Lucia,2025-03,25.812903225806455,78.47096774193548,0.11903225806451613,81.61290322580645,23.37741935483871
Saint Lucia,2025-04,26.279999999999998,79.30333333333333,0.09000000000000001,80.76666666666667,23.083333333333332
Saint Lucia,2025-05,26.641935483870967,79.95483870967742,0.09870967741935484,83.03225806451613,23.251612903225805
Saint Lucia,2025-06,27.173333333333336,80.92333333333333,0.119,80.86666666666666,28.196666666666665
Saint Lucia,2025-07,27.203225806451613,80.96774193548387,0.06387096774193549,79.61290322580645,22.51290322580645
Saint Lucia,2025-08,27.61935483870968,81.71935483870966,0.0735483870967742,80.93548387096774,17.68064516129032
Saint Lucia,2025-09,27.46,81.44,0.06566666666666668,79.36666666666666,15.65
Saint Lucia,2025-10,27.425806451612903,81.36774193548388,0.24741935483870967,80.93548387096774,16.216129032258063
Saint Lucia,2025-11,27.05666666666667,80.71,0.18933333333333333,78.7,21.1
Saint Lucia,2025-12,25.925806451612903,78.6774193548387,0.26806451612903226,82.87096774193549,22.70967741935484
Saint Lucia,2026-01,26.14,79.05,0.11466666666666667,80.23333333333333,21.279999999999998
Saint Lucia,2026-02,26.09642857142857,78.96785714285714,0.09392857142857143,78.92857142857143,20.825
Saint Lucia,2026-03,25.785714285714285,78.42142857142858,0.08857142857142856,76.07142857142857,26.349999999999998
Saint Vincent and the Grenadines,2024-05,29.870588235294118,85.76470588235294,0.07294117647058823,74.82352941176471,30.72941176470588
Saint Vincent and the Grenadines,2024-06,29.413333333333334,84.94666666666667,0.26966666666666667,77.13333333333334,31.209999999999997
Saint Vincent and the Grenadines,2024-07,28.542857142857144,83.39642857142857,0.14607142857142857,78.39285714285714,27.010714285714283
Saint Vincent and the Grenadines,2024-08,28.567741935483873,83.41612903225807,0.2809677419354839,75.61290322580645,22.741935483870968
Saint Vincent and the Grenadines,2024-09,29.103333333333335,84.38333333333334,0.13366666666666666,73.33333333333333,18.81
Saint Vincent and the Grenadines,2024-10,28.906451612903226,84.03225806451613,0.15290322580645163,73.74193548387096,21.76774193548387
Saint Vincent and the Grenadines,2024-11,28.43793103448276,83.21379310344827,0.2672413793103448,75.58620689655173,24.179310344827588
Saint Vincent and the Grenadines,2024-12,27.26451612903226,81.06774193548387,0.09419354838709677,72.61290322580645,26.038709677419355
Saint Vincent and the Grenadines,2025-01,26.623333333333335,79.92666666666668,0.04733333333333333,73.86666666666666,29.043333333333333
Saint Vincent and the Grenadines,2025-02,26.075,78.94642857142857,0.15464285714285714,73.89285714285714,31.724999999999998
Saint Vincent and the Grenadines,2025-03,25.325806451612905,77.58387096774193,0.10258064516129033,75.41935483870968,23.296774193548387
Saint Vincent and the Grenadines,2025-04,25.63,78.13333333333334,0.16033333333333333,77.83333333333333,22.38
Saint Vincent and the Grenadines,2025-05,26.56451612903226,79.8225806451613,0.10225806451612902,78.96774193548387,22.82903225806452
Saint Vincent and the Grenadines,2025-06,26.823333333333334,80.29333333333334,0.20033333333333334,79.1,31.13
Saint Vincent and the Grenadines,2025-07,27.312903225806455,81.16451612903225,0.16741935483870965,77.51612903225806,26.651612903225807
Saint Vincent and the Grenadines,2025-08,27.793548387096774,82.03225806451613,0.16032258064516128,79.48387096774194,24.0
Saint Vincent and the Grenadines,2025-09,27.676666666666666,81.83333333333333,0.07233333333333333,78.03333333333333,22.416666666666668
Saint Vincent and the Grenadines,2025-10,27.541935483870965,81.57741935483871,0.08387096774193549,80.29032258064517,23.432258064516127
Saint Vincent and the Grenadines,2025-11,27.16,80.89333333333333,0.152,78.33333333333333,27.346666666666668
Saint Vincent and the Grenadines,2025-12,26.10967741935484,79.00967741935484,0.14483870967741935,82.25806451612904,28.91290322580645
Saint Vincent and the Grenadines,2026-01,26.15,79.07333333333332,0.15033333333333332,80.16666666666667,27.673333333333336
Saint Vincent and the Grenadines,2026-02,26.210714285714285,79.175,0.09107142857142857,78.5,27.70357142857143
Saint Vincent and the Grenadines,2026-03,25.833333333333332,78.5074074074074,0.0425925925925926,76.18518518518519,32.05555555555556
Saint-Vincent-et-les-Grenadines,2024-07,27.8,82.0,0.13,82.0,27.0
Samoa,2024-05,25.8125,78.4625,0.350625,93.125,7.324999999999999
Samoa,2024-06,25.75,78.36,0.24833333333333335,87.6,13.773333333333333
Samoa,2024-07,24.932142857142857,76.88214285714285,0.13999999999999999,86.57142857142857,15.346428571428572
Samoa,2024-08,24.79032258064516,76.62258064516129,0.1167741935483871,84.6774193548387,17.858064516129033
Samoa,2024-09,24.345161290322583,75.8225806451613,0.15903225806451612,94.2258064516129,16.896774193548385
Samoa,2024-10,26.253333333333334,79.25333333333333,0.256,86.46666666666667,27.55
Samoa,2024-11,26.103448275862068,78.99310344827587,0.3834482758620689,89.72413793103448,22.772413793103446
Samoa,2024-12,26.251612903225805,79.23870967741935,0.3870967741935484,86.61290322580645,17.138709677419353
Samoa,2025-01,25.753333333333334,78.36,0.8323333333333333,88.5,20.366666666666667
Samoa,2025-02,26.175,79.125,0.5560714285714285,85.42857142857143,25.196428571428573
Samoa,2025-03,26.032258064516128,78.86774193548388,0.4570967741935484,86.83870967741936,17.432258064516127
Samoa,2025-04,26.23,79.20666666666666,0.427,87.5,19.533333333333335
Samoa,2025-05,25.970000000000002,78.74666666666667,0.5686666666666667,89.96666666666667,25.876666666666665
Samoa,2025-06,25.293333333333333,77.52666666666667,0.18766666666666668,86.56666666666666,26.96333333333333
Samoa,2025-07,25.051612903225806,77.08387096774193,0.16999999999999998,85.64516129032258,25.793548387096774
Samoa,2025-08,25.33225806451613,77.6,0.056129032258064517,85.03225806451613,28.45483870967742
Samoa,2025-09,25.203333333333333,77.36999999999999,0.162,82.66666666666667,30.003333333333334
Samoa,2025-10,25.503225806451614,77.90967741935484,0.412258064516129,87.38709677419355,30.419354838709676
Samoa,2025-11,26.1,78.98666666666666,0.26466666666666666,88.7,14.323333333333332
Samoa,2025-12,26.858064516129033,80.3483870967742,0.21516129032258063,86.51612903225806,15.696774193548388
Samoa,2026-01,27.627586206896552,81.72758620689655,0.5120689655172413,85.41379310344827,18.66896551724138
Samoa,2026-02,27.810714285714287,82.06071428571428,0.2057142857142857,83.82142857142857,22.678571428571427
Samoa,2026-03,27.477777777777778,81.46666666666667,0.2814814814814815,85.70370370370371,20.144444444444442
San Marino,2024-05,21.058823529411764,69.90588235294118,0.29,72.0,12.088235294117647
San Marino,2024-06,25.57037037037037,78.02592592592592,0.09185185185185185,61.0,12.996296296296295
San Marino,2024-07,29.63448275862069,85.34137931034483,0.0003448275862068966,53.44827586206897,17.589655172413792
San Marino,2024-08,29.5,85.1,0.00967741935483871,58.74193548387097,16.03548387096774
San Marino,2024-09,23.546666666666667,74.38666666666667,0.305,62.9,15.166666666666666
San Marino,2024-10,18.848387096774193,65.93225806451613,0.12870967741935485,80.25806451612904,11.058064516129033
San Marino,2024-11,11.629999999999999,52.93666666666666,0.008,73.66666666666667,11.533333333333333
San Marino,2024-12,8.829032258064515,47.906451612903226,0.3003225806451613,66.7741935483871,15.129032258064516
San Marino,2025-01,10.003225806451614,50.00645161290323,0.11419354838709678,67.19354838709677,14.025806451612903
San Marino,2025-02,9.528571428571428,49.15714285714286,0.095,76.39285714285714,8.957142857142857
San Marino,2025-03,11.880645161290323,53.380645161290325,0.2270967741935484,68.61290322580645,12.19032258064516
San Marino,2025-04,15.893333333333334,60.61333333333334,0.08766666666666666,65.06666666666666,9.74
San Marino,2025-05,19.23225806451613,66.6258064516129,0.22,61.903225806451616,9.329032258064515
San Marino,2025-06,26.44,79.59333333333333,0.0006666666666666666,59.266666666666666,11.803333333333335
San Marino,2025-07,26.516129032258064,79.73225806451612,0.06290322580645161,57.25806451612903,13.461290322580645
San Marino,2025-08,25.958064516129035,78.71935483870968,0.006451612903225806,62.225806451612904,11.341935483870968
San Marino,2025-09,21.423333333333336,70.56,0.06733333333333333,70.36666666666666,8.459999999999999
San Marino,2025-10,14.80967741935484,58.65806451612904,0.10451612903225806,77.51612903225806,11.287096774193548
San Marino,2025-11,9.346666666666666,48.830000000000005,0.302,79.83333333333333,12.156666666666666
San Marino,2025-12,6.441935483870967,43.599999999999994,0.12096774193548387,89.54838709677419,10.841935483870968
San Marino,2026-01,4.843333333333334,40.71,0.23466666666666666,82.33333333333333,11.493333333333334
San Marino,2026-02,7.925,46.267857142857146,0.0825,86.71428571428571,11.210714285714285
San Marino,2026-03,8.325,46.982142857142854,0.05607142857142857,85.53571428571429,11.446428571428571
Saudi Arabia,2024-05,40.23529411764706,104.4235294117647,0.0,6.764705882352941,12.58235294117647
Saudi Arabia,2024-06,43.656666666666666,110.57666666666667,0.0,4.966666666666667,18.56
Saudi Arabia,2024-07,43.33571428571429,110.01071428571429,0.0,6.75,19.353571428571428
Saudi Arabia,2024-08,43.358064516129026,110.05483870967741,0.0,8.387096774193548,22.17096774193548
Saudi Arabia,2024-09,39.769999999999996,103.58333333333333,0.0,9.766666666666667,14.893333333333334
Saudi Arabia,2024-10,33.061290322580646,91.50967741935484,0.0,18.419354838709676,13.751612903225807
Saudi Arabia,2024-11,27.148275862068964,80.88275862068966,0.0,24.137931034482758,13.610344827586207
Saudi Arabia,2024-12,21.725806451612904,71.10967741935484,0.0,22.258064516129032,14.180645161290323
Saudi Arabia,2025-01,17.780645161290323,64.00967741935484,0.0012903225806451613,32.225806451612904,15.04516129032258
Saudi Arabia,2025-02,19.210714285714285,66.58214285714286,0.014285714285714287,31.0,15.957142857142857
Saudi Arabia,2025-03,24.887096774193548,76.80322580645162,0.006774193548387097,25.387096774193548,17.86774193548387
Saudi Arabia,2025-04,33.73,92.71000000000001,0.0,10.7,18.513333333333332
Saudi Arabia,2025-05,38.03225806451613,100.45806451612903,0.0,6.870967741935484,15.899999999999999
Saudi Arabia,2025-06,40.45,104.81333333333333,0.0,5.4,12.153333333333334
Saudi Arabia,2025-07,41.47096774193548,106.64193548387097,0.0,6.290322580645161,15.580645161290322
Saudi Arabia,2025-08,40.99677419354839,105.79677419354839,0.0,8.387096774193548,17.309677419354838
Saudi Arabia,2025-09,37.09666666666667,98.77333333333333,0.0,9.966666666666667,11.483333333333333
Saudi Arabia,2025-10,29.896774193548385,85.80645161290323,0.0,12.935483870967742,10.519354838709678
Saudi Arabia,2025-11,23.183333333333334,73.73333333333333,0.0,16.366666666666667,10.526666666666667
Saudi Arabia,2025-12,16.961290322580645,62.53548387096774,0.012903225806451611,48.29032258064516,15.703225806451613
Saudi Arabia,2026-01,13.76,56.77333333333333,0.0,34.0,14.263333333333334
Saudi Arabia,2026-02,19.396428571428572,66.91785714285714,0.00035714285714285714,28.214285714285715,15.196428571428571
Saudi Arabia,2026-03,19.535714285714285,67.16785714285714,0.015,42.035714285714285,18.732142857142858
Saudi Arabien,2024-07,45.0,113.1,0.0,7.0,24.5
Senegal,2024-05,26.647058823529413,79.96470588235294,0.0,70.0,19.988235294117647
Senegal,2024-06,27.573333333333334,81.62333333333332,0.0,70.46666666666667,16.470000000000002
Senegal,2024-07,28.086206896551722,82.56551724137931,0.014827586206896554,75.86206896551724,14.617241379310345
Senegal,2024-08,28.741935483870968,83.74193548387096,0.16451612903225804,77.12903225806451,15.838709677419354
Senegal,2024-09,28.34,83.00666666666666,0.16566666666666666,82.0,15.136666666666667
Senegal,2024-10,27.66774193548387,81.78387096774195,0.006774193548387097,81.51612903225806,16.638709677419353
Senegal,2024-11,26.153333333333332,79.07333333333332,0.0,76.6,20.38
Senegal,2024-12,25.138709677419353,77.26774193548388,0.0,47.03225806451613,23.94193548387097
Senegal,2025-01,22.32903225806452,72.19677419354838,0.0,52.58064516129032,24.45483870967742
Senegal,2025-02,20.239285714285717,68.43571428571428,0.0,64.60714285714286,25.957142857142856
Senegal,2025-03,20.561290322580643,69.01935483870967,0.0006451612903225806,79.7741935483871,31.874193548387098
Senegal,2025-04,21.3,70.33666666666666,0.0,83.6,24.82
Senegal,2025-05,22.783870967741933,73.00967741935484,0.0035483870967741938,84.87096774193549,18.07741935483871
Senegal,2025-06,25.55,77.99333333333334,0.0003333333333333333,80.6,18.096666666666668
Senegal,2025-07,26.893548387096775,80.40645161290323,0.03903225806451613,78.80645161290323,18.80322580645161
Senegal,2025-08,27.258064516129032,81.0741935483871,0.28774193548387095,84.38709677419355,16.261290322580646
Senegal,2025-09,27.126666666666665,80.83,0.046000000000000006,86.56666666666666,14.533333333333333
Senegal,2025-10,27.538709677419355,81.58387096774193,0.04258064516129032,85.35483870967742,17.312903225806455
Senegal,2025-11,26.883333333333333,80.39,0.001,78.8,24.026666666666664
Senegal,2025-12,20.729032258064517,69.31612903225808,0.0067741935483870966,71.19354838709677,30.835483870967742
Senegal,2026-01,19.296666666666667,66.74666666666667,0.009000000000000001,78.06666666666666,28.706666666666667
Senegal,2026-02,19.646428571428572,67.36428571428571,0.0,84.03571428571429,22.275000000000002
Senegal,2026-03,19.192857142857143,66.55357142857143,0.0,86.89285714285714,27.571428571428573
Serbia,2024-05,23.823529411764707,74.88235294117646,0.0888235294117647,48.705882352941174,21.95294117647059
Serbia,2024-06,29.323333333333334,84.77666666666667,0.49600000000000005,45.7,13.09
Serbia,2024-07,32.278571428571425,90.11428571428571,0.02214285714285714,35.92857142857143,12.360714285714286
Serbia,2024-08,33.619354838709675,92.50967741935484,0.0,28.451612903225808,12.777419354838708
Serbia,2024-09,23.813333333333333,74.85666666666665,0.09633333333333334,50.0,15.49
Serbia,2024-10,17.11935483870968,62.81612903225806,0.04096774193548387,56.41935483870968,11.393548387096773
Serbia,2024-11,7.39,45.309999999999995,0.14166666666666666,68.76666666666667,9.53
Serbia,2024-12,4.851612903225806,40.73870967741936,0.08838709677419354,79.38709677419355,10.80967741935484
Serbia,2025-01,5.72258064516129,42.306451612903224,0.008064516129032258,77.54838709677419,8.993548387096775
Serbia,2025-02,4.525,40.153571428571425,0.025357142857142856,59.107142857142854,13.075000000000001
Serbia,2025-03,12.816129032258065,55.07419354838709,0.12322580645161291,59.16129032258065,13.990322580645161
Serbia,2025-04,14.92,58.86,0.018666666666666668,65.36666666666666,15.046666666666669
Serbia,2025-05,17.835483870967742,64.10322580645162,0.132258064516129,60.935483870967744,12.238709677419354
Serbia,2025-06,26.27,79.28666666666666,0.0,46.1,9.593333333333334
Serbia,2025-07,25.812903225806455,78.46129032258065,0.20032258064516129,52.96774193548387,11.216129032258063
Serbia,2025-08,25.458064516129035,77.8225806451613,0.009677419354838712,50.193548387096776,12.896774193548387
Serbia,2025-09,21.06,69.91333333333334,0.02033333333333333,62.666666666666664,12.593333333333334
Serbia,2025-10,11.506451612903225,52.70967741935484,0.056129032258064517,75.38709677419355,12.85483870967742
Serbia,2025-11,6.766666666666667,44.17666666666666,0.15966666666666668,88.16666666666667,9.826666666666666
Serbia,2025-12,2.396774193548387,36.31290322580645,0.03387096774193549,93.16129032258064,10.390322580645162
Serbia,2026-01,-2.960594732333751e-17,32.00666666666667,0.2053333333333333,85.9,10.96
Serbia,2026-02,3.382142857142857,38.09285714285714,0.08464285714285714,84.71428571428571,13.410714285714286
Serbia,2026-03,6.625,43.93214285714286,0.1467857142857143,70.96428571428571,12.385714285714286
Seychelles Islands,2024-05,28.823529411764707,83.88235294117646,0.2735294117647059,77.52941176470588,12.141176470588235
Seychelles Islands,2024-06,28.42413793103448,83.16206896551724,0.16379310344827586,77.79310344827586,14.12758620689655
Seychelles Islands,2024-07,27.17241379310345,80.91724137931034,0.07310344827586207,79.62068965517241,22.20689655172414
Seychelles Islands,2024-08,26.9741935483871,80.5516129032258,0.04483870967741936,80.64516129032258,22.625806451612902
Seychelles Islands,2024-09,28.30666666666667,82.95333333333333,0.14866666666666667,78.13333333333334,23.64
Seychelles Islands,2024-10,27.287096774193547,81.11612903225806,0.04129032258064516,74.25806451612904,13.674193548387096
Seychelles Islands,2024-11,28.44,83.18666666666667,0.06533333333333333,74.23333333333333,13.466666666666667
Seychelles Islands,2024-12,28.274193548387096,82.9,0.27774193548387094,75.64516129032258,25.416129032258063
Seychelles Islands,2025-01,28.816129032258065,83.86774193548388,0.28516129032258064,79.61290322580645,21.84193548387097
Seychelles Islands,2025-02,29.967857142857145,85.93928571428572,0.1125,71.39285714285714,16.932142857142857
Seychelles Islands,2025-03,29.993548387096777,86.0,0.1738709677419355,74.35483870967742,15.067741935483872
Seychelles Islands,2025-04,30.866666666666667,87.55666666666666,0.11066666666666666,69.4,9.323333333333332
Seychelles Islands,2025-05,30.780645161290323,87.40967741935484,0.07645161290322582,72.35483870967742,18.625806451612902
Seychelles Islands,2025-06,29.4,84.92,0.048,71.4,26.43
Seychelles Islands,2025-07,28.1,82.58387096774193,0.05032258064516129,72.19354838709677,28.19677419354839
Seychelles Islands,2025-08,27.822580645161292,82.08387096774193,0.06419354838709677,74.83870967741936,25.73548387096774
Seychelles Islands,2025-09,28.073333333333334,82.53999999999999,0.029,77.16666666666667,23.77
Seychelles Islands,2025-10,29.10967741935484,84.39354838709677,0.014193548387096775,69.06451612903226,18.23225806451613
Seychelles Islands,2025-11,29.416666666666668,84.94333333333334,0.11066666666666666,71.16666666666667,9.753333333333334
Seychelles Islands,2025-12,28.88064516129032,83.99354838709678,0.28516129032258064,76.09677419354838,11.951612903225806
Seychelles Islands,2026-01,28.446666666666665,83.21333333333334,0.08066666666666666,77.73333333333333,21.573333333333334
Seychelles Islands,2026-02,29.65357142857143,85.375,0.15928571428571428,72.17857142857143,15.103571428571428
Seychelles Islands,2026-03,29.70384615384615,85.47307692307693,0.33384615384615385,75.0,15.826923076923077
Sierra Leone,2024-05,29.211764705882356,84.58235294117648,0.21411764705882352,74.47058823529412,13.75294117647059
Sierra Leone,2024-06,28.724137931034484,83.71379310344827,1.0441379310344827,74.34482758620689,14.344827586206897
Sierra Leone,2024-07,26.24285714285714,79.24285714285715,1.4042857142857144,85.32142857142857,12.971428571428572
Sierra Leone,2024-08,25.89032258064516,78.60967741935484,0.9970967741935484,86.12903225806451,15.658064516129032
Sierra Leone,2024-09,26.453333333333333,79.61666666666666,1.0913333333333335,85.73333333333333,11.1
Sierra Leone,2024-10,25.887096774193548,78.59032258064516,0.3403225806451613,86.09677419354838,6.712903225806452
Sierra Leone,2024-11,26.783333333333335,80.22666666666667,0.020666666666666667,78.53333333333333,5.4399999999999995
Sierra Leone,2024-12,27.67096774193548,81.83225806451614,0.0,62.193548387096776,8.787096774193548
Sierra Leone,2025-01,27.467741935483872,81.44193548387096,0.0,68.09677419354838,7.135483870967742
Sierra Leone,2025-02,27.150000000000002,80.88214285714285,0.0,72.39285714285714,6.982142857142857
Sierra Leone,2025-03,26.241935483870968,79.24193548387096,0.004838709677419355,74.09677419354838,7.212903225806452
Sierra Leone,2025-04,26.84,80.30333333333333,0.032,77.43333333333334,8.783333333333333
Sierra Leone,2025-05,26.219354838709677,79.19999999999999,0.07548387096774194,83.12903225806451,7.148387096774194
Sierra Leone,2025-06,25.89,78.60333333333332,0.5026666666666667,86.03333333333333,7.153333333333333
Sierra Leone,2025-07,24.270967741935483,75.6774193548387,1.9206451612903226,89.41935483870968,10.196774193548388
Sierra Leone,2025-08,24.16774193548387,75.5,1.46,88.45161290322581,11.709677419354838
Sierra Leone,2025-09,24.366666666666667,75.86666666666666,1.4086666666666665,88.96666666666667,7.223333333333333
Sierra Leone,2025-10,25.11,77.19666666666667,0.06866666666666667,86.1,6.85
Sierra Leone,2025-11,24.956666666666667,76.93666666666667,0.17833333333333334,86.36666666666666,5.973333333333333
Sierra Leone,2025-12,24.325806451612905,75.79032258064517,0.10258064516129031,86.70967741935483,5.980645161290322
Sierra Leone,2026-01,24.896666666666665,76.82333333333332,0.06199999999999999,84.86666666666666,6.7266666666666675
Sierra Leone,2026-02,24.8,76.63214285714285,0.0017857142857142859,82.75,7.507142857142858
Sierra Leone,2026-03,25.18148148148148,77.31481481481481,0.08481481481481482,81.62962962962963,7.948148148148148
Singapore,2024-05,28.294117647058822,82.92941176470588,0.4329411764705882,83.52941176470588,6.588235294117647
Singapore,2024-06,28.36,83.05,0.22166666666666668,78.36666666666666,7.626666666666666
Singapore,2024-07,28.896551724137932,84.01724137931035,0.04448275862068966,74.55172413793103,13.144827586206896
Singapore,2024-08,28.809677419354838,83.85806451612903,0.016774193548387096,73.0,13.358064516129032
Singapore,2024-09,29.69333333333333,85.44666666666667,0.376,68.43333333333334,11.756666666666666
Singapore,2024-10,29.706451612903226,85.47741935483872,0.14258064516129032,70.38709677419355,12.567741935483872
Singapore,2024-11,27.966666666666665,82.33666666666666,0.822,80.36666666666666,10.72
Singapore,2024-12,28.48709677419355,83.2741935483871,0.4851612903225806,74.74193548387096,16.68064516129032
Singapore,2025-01,28.0,82.40322580645162,1.0874193548387097,73.74193548387096,19.125806451612902
Singapore,2025-02,29.192857142857143,84.53928571428571,0.2942857142857143,67.14285714285714,17.17142857142857
Singapore,2025-03,29.393548387096775,84.90967741935484,0.8822580645161291,72.29032258064517,15.0
Singapore,2025-04,29.946666666666665,85.92,0.5476666666666666,71.23333333333333,10.976666666666667
Singapore,2025-05,30.993548387096777,87.79354838709678,0.13064516129032258,67.09677419354838,12.948387096774193
Singapore,2025-06,31.263333333333332,88.28333333333333,0.17766666666666667,62.86666666666667,12.846666666666666
Singapore,2025-07,31.54516129032258,88.7741935483871,0.11741935483870967,61.483870967741936,15.077419354838709
Singapore,2025-08,30.23548387096774,86.4258064516129,0.18516129032258066,65.16129032258064,15.438709677419356
Singapore,2025-09,29.92,85.86999999999999,0.23800000000000002,67.1,13.65
Singapore,2025-10,31.383870967741935,88.48709677419355,0.22516129032258067,59.806451612903224,15.01290322580645
Singapore,2025-11,30.48,86.87666666666668,0.25066666666666665,68.13333333333334,17.209999999999997
Singapore,2025-12,29.951612903225808,85.91612903225807,0.83,69.80645161290323,13.596774193548388
Singapore,2026-01,30.8,87.44333333333334,0.25866666666666666,58.0,17.276666666666664
Singapore,2026-02,30.61785714285714,87.11428571428571,0.5157142857142857,63.75,15.760714285714286
Singapore,2026-03,31.98888888888889,89.57407407407408,0.3496296296296296,58.48148148148148,13.007407407407406
Slovakia,2024-05,21.235294117647058,70.2235294117647,0.09176470588235294,59.35294117647059,15.63529411764706
Slovakia,2024-06,25.433333333333334,77.79333333333334,0.4713333333333333,54.7,14.843333333333334
Slovakia,2024-07,29.25357142857143,84.64642857142857,0.017499999999999998,40.42857142857143,14.65
Slovakia,2024-08,30.19677419354839,86.36129032258064,0.006774193548387097,40.645161290322584,12.229032258064517
Slovakia,2024-09,20.779999999999998,69.40666666666667,0.23066666666666666,57.43333333333333,17.73
Slovakia,2024-10,13.7,56.66129032258065,0.04483870967741936,73.51612903225806,14.729032258064517
Slovakia,2024-11,5.636666666666667,42.156666666666666,0.014666666666666666,75.43333333333334,13.71
Slovakia,2024-12,4.319354838709677,39.774193548387096,0.05967741935483871,77.83870967741936,15.45483870967742
Slovakia,2025-01,3.3806451612903223,38.09032258064516,0.005483870967741936,82.16129032258064,15.406451612903227
Slovakia,2025-02,3.007142857142857,37.417857142857144,0.03392857142857143,62.107142857142854,13.532142857142857
Slovakia,2025-03,10.264516129032257,50.480645161290326,0.06225806451612903,63.0,16.27741935483871
Slovakia,2025-04,14.4,57.916666666666664,0.04733333333333334,59.43333333333333,18.456666666666667
Slovakia,2025-05,16.18064516129032,61.13225806451613,0.07774193548387097,57.935483870967744,14.225806451612904
Slovakia,2025-06,23.433333333333334,74.18333333333334,0.007000000000000001,52.63333333333333,14.776666666666667
Slovakia,2025-07,22.893548387096775,73.21612903225805,0.05290322580645162,59.67741935483871,16.0
Slovakia,2025-08,21.787096774193547,71.21935483870968,0.01129032258064516,56.516129032258064,13.048387096774194
Slovakia,2025-09,17.586666666666666,63.656666666666666,0.08966666666666666,74.8,12.956666666666667
Slovakia,2025-10,10.661290322580646,51.190322580645166,0.0635483870967742,75.0,16.683870967741935
Slovakia,2025-11,4.67,40.406666666666666,0.12833333333333333,88.63333333333334,11.803333333333335
Slovakia,2025-12,2.770967741935484,36.99354838709677,0.01838709677419355,92.19354838709677,9.829032258064515
Slovakia,2026-01,-1.6933333333333336,28.959999999999997,0.02733333333333333,83.7,11.883333333333333
Slovakia,2026-02,2.4,36.32142857142857,0.06999999999999999,88.32142857142857,13.882142857142856
Slovakia,2026-03,4.978571428571429,40.96071428571429,0.005714285714285714,75.46428571428571,11.37857142857143
Slovenia,2024-05,19.294117647058822,66.72941176470589,0.9647058823529413,66.29411764705883,11.75294117647059
Slovenia,2024-06,24.57,76.22,0.16066666666666668,57.733333333333334,10.853333333333333
Slovenia,2024-07,28.54137931034483,83.38275862068966,0.10758620689655173,48.37931034482759,9.762068965517242
Slovenia,2024-08,29.91290322580645,85.8483870967742,0.18935483870967743,46.54838709677419,6.538709677419354
Slovenia,2024-09,20.173333333333336,68.31,0.8320000000000001,60.53333333333333,9.353333333333333
Slovenia,2024-10,14.283870967741937,57.70645161290323,0.19548387096774195,83.58064516129032,5.151612903225806
Slovenia,2024-11,6.446666666666667,43.61666666666667,0.07866666666666666,77.73333333333333,4.343333333333334
Slovenia,2024-12,3.9000000000000004,39.019354838709674,0.00903225806451613,77.96774193548387,4.941935483870967
Slovenia,2025-01,3.964516129032258,39.141935483870974,0.10967741935483871,88.12903225806451,7.025806451612904
Slovenia,2025-02,3.2285714285714286,37.81428571428571,0.17107142857142857,78.21428571428571,4.957142857142857
Slovenia,2025-03,8.903225806451612,48.041935483870965,0.3161290322580645,70.48387096774194,6.390322580645161
Slovenia,2025-04,13.943333333333333,57.1,0.121,61.43333333333333,9.26
Slovenia,2025-05,17.10967741935484,62.8,0.1406451612903226,61.29032258064516,6.480645161290322
Slovenia,2025-06,24.483333333333334,76.07333333333332,0.08800000000000001,55.93333333333333,9.35
Slovenia,2025-07,22.47741935483871,72.45806451612903,0.27161290322580645,64.61290322580645,6.187096774193549
Slovenia,2025-08,21.703225806451613,71.06129032258065,0.04,70.12903225806451,5.348387096774194
Slovenia,2025-09,18.69333333333333,65.64666666666668,0.3466666666666667,80.93333333333334,4.6066666666666665
Slovenia,2025-10,10.651612903225805,51.17741935483871,0.26999999999999996,83.58064516129032,3.948387096774194
Slovenia,2025-11,3.123333333333333,37.63333333333333,0.23166666666666666,93.7,4.3100000000000005
Slovenia,2025-12,1.6967741935483869,35.05483870967742,0.03580645161290323,94.38709677419355,3.9129032258064513
Slovenia,2026-01,-1.6233333333333333,29.08,0.11833333333333333,91.06666666666666,4.166666666666667
Slovenia,2026-02,1.6857142857142857,35.042857142857144,0.1660714285714286,96.75,3.9071428571428575
Slovenia,2026-03,3.5518518518518523,38.3962962962963,0.05222222222222222,86.37037037037037,4.785185185185185
Solomon Islands,2024-05,25.98125,78.7875,1.0375,90.25,9.55
Solomon Islands,2024-06,25.423333333333336,77.75666666666666,0.09933333333333333,88.86666666666666,8.753333333333334
Solomon Islands,2024-07,25.209999999999997,77.39,0.025666666666666667,88.16666666666667,9.766666666666667
Solomon Islands,2024-08,25.206451612903226,77.36451612903227,0.10516129032258065,88.3225806451613,12.332258064516129
Solomon Islands,2024-09,26.006666666666668,78.81333333333333,0.059666666666666666,87.3,10.536666666666667
Solomon Islands,2024-10,26.683870967741935,80.03548387096774,0.27129032258064517,86.64516129032258,10.141935483870967
Solomon Islands,2024-11,27.48,81.46666666666667,0.146,86.0,7.846666666666667
Solomon Islands,2024-12,26.583870967741937,79.85161290322581,0.25709677419354837,89.54838709677419,5.774193548387097
Solomon Islands,2025-01,26.62258064516129,79.92258064516129,0.8648387096774194,90.54838709677419,6.048387096774194
Solomon Islands,2025-02,26.571428571428573,79.83571428571429,0.5617857142857143,89.67857142857143,7.45
Solomon Islands,2025-03,26.858064516129033,80.33225806451614,0.43290322580645163,88.35483870967742,8.106451612903227
Solomon Islands,2025-04,27.016666666666666,80.63666666666667,0.5513333333333333,88.5,8.053333333333333
Solomon Islands,2025-05,27.27741935483871,81.1032258064516,0.3480645161290322,87.96774193548387,10.59032258064516
Solomon Islands,2025-06,26.84,80.32,0.2906666666666667,89.2,13.236666666666668
Solomon Islands,2025-07,26.893548387096775,80.40645161290323,0.2232258064516129,87.16129032258064,12.196774193548388
Solomon Islands,2025-08,27.770967741935483,81.98709677419355,0.22064516129032258,82.41935483870968,10.925806451612903
Solomon Islands,2025-09,27.86,82.14666666666668,0.24466666666666667,82.43333333333334,12.816666666666666
Solomon Islands,2025-10,28.05483870967742,82.50322580645161,0.3319354838709678,81.16129032258064,12.312903225806451
Solomon Islands,2025-11,28.576666666666664,83.43333333333334,0.38466666666666666,78.86666666666666,5.72
Solomon Islands,2025-12,28.97741935483871,84.16774193548386,0.6951612903225807,79.74193548387096,5.664516129032258
Solomon Islands,2026-01,28.60666666666667,83.49333333333334,1.2236666666666667,82.13333333333334,9.616666666666667
Solomon Islands,2026-02,29.62142857142857,85.31785714285715,0.6514285714285714,77.21428571428571,6.946428571428571
Solomon Islands,2026-03,28.64074074074074,83.55185185185185,1.008888888888889,82.88888888888889,7.492592592592593
Somalia,2024-05,29.599999999999998,85.2764705882353,0.025294117647058825,79.58823529411765,28.01764705882353
Somalia,2024-06,28.526666666666664,83.35333333333332,0.034333333333333334,76.8,32.68333333333333
Somalia,2024-07,27.592857142857145,81.67142857142858,0.026785714285714284,75.53571428571429,30.642857142857142
Somalia,2024-08,27.5258064516129,81.53870967741936,0.03258064516129032,74.09677419354838,30.719354838709677
Somalia,2024-09,28.94,84.08666666666666,0.019000000000000003,73.43333333333334,29.0
Somalia,2024-10,28.296774193548387,82.91935483870968,0.006774193548387097,71.54838709677419,23.774193548387096
Somalia,2024-11,29.783333333333335,85.61666666666666,0.06899999999999999,75.03333333333333,18.39333333333333
Somalia,2024-12,29.516129032258064,85.11935483870968,0.0003225806451612903,68.0,31.825806451612905
Somalia,2025-01,28.758064516129032,83.77741935483871,0.0,70.35483870967742,34.44193548387097
Somalia,2025-02,29.15357142857143,84.46785714285714,0.0,70.96428571428571,33.31071428571429
Somalia,2025-03,30.18064516129032,86.33225806451614,0.022580645161290325,73.64516129032258,24.812903225806455
Somalia,2025-04,31.153333333333332,88.07333333333332,0.15266666666666667,74.53333333333333,17.183333333333334
Somalia,2025-05,30.061290322580643,86.11290322580645,0.024516129032258065,78.45161290322581,26.35483870967742
Somalia,2025-06,28.88,83.98666666666666,0.058,76.93333333333334,30.77333333333333
Somalia,2025-07,28.216129032258067,82.78709677419356,0.015806451612903224,76.83870967741936,33.39032258064516
Somalia,2025-08,27.241935483870968,81.03870967741935,0.02032258064516129,76.87096774193549,30.28064516129032
Somalia,2025-09,28.279999999999998,82.9,0.012666666666666666,76.66666666666667,27.88
Somalia,2025-10,28.358064516129033,83.0516129032258,0.010967741935483872,78.48387096774194,22.1
Somalia,2025-11,28.75,83.75333333333333,0.025333333333333333,74.03333333333333,21.84
Somalia,2025-12,28.52258064516129,83.34193548387097,0.0025806451612903226,77.41935483870968,26.125806451612902
Somalia,2026-01,27.62,81.73333333333333,0.0013333333333333333,72.46666666666667,32.01
Somalia,2026-02,27.928571428571427,82.27857142857142,0.0,76.14285714285714,26.567857142857143
Somalia,2026-03,29.523076923076925,85.14615384615385,0.008846153846153847,75.42307692307692,21.403846153846153
South Africa,2024-05,23.023529411764706,73.43529411764706,0.0,27.058823529411764,11.570588235294117
South Africa,2024-06,18.946666666666665,66.1,0.057666666666666665,29.666666666666668,12.65
South Africa,2024-07,20.593103448275862,69.0551724137931,0.0,14.448275862068966,15.66551724137931
South Africa,2024-08,23.629032258064516,74.53870967741935,0.0,18.032258064516128,13.112903225806452
South Africa,2024-09,23.933333333333334,75.08,0.008666666666666666,30.433333333333334,15.703333333333335
South Africa,2024-10,24.138709677419353,75.45161290322581,0.0012903225806451613,32.32258064516129,13.903225806451612
South Africa,2024-11,25.696666666666665,78.25,0.0026666666666666666,41.43333333333333,13.860000000000001
South Africa,2024-12,27.580645161290324,81.64516129032258,0.2529032258064516,46.354838709677416,15.03225806451613
South Africa,2025-01,26.42258064516129,79.56451612903226,0.14129032258064517,53.483870967741936,11.62258064516129
South Africa,2025-02,26.075,78.92857142857143,0.2275,53.107142857142854,11.610714285714286
South Africa,2025-03,23.887096774193548,74.99032258064516,0.08580645161290323,59.41935483870968,9.296774193548387
South Africa,2025-04,20.03666666666667,68.06333333333333,0.11233333333333334,64.6,10.97
South Africa,2025-05,17.548387096774192,63.593548387096774,0.000967741935483871,48.935483870967744,8.751612903225807
South Africa,2025-06,14.520000000000001,58.13,0.0006666666666666666,45.7,9.8
South Africa,2025-07,13.980645161290322,57.16451612903226,0.0006451612903225806,48.45161290322581,8.503225806451614
South Africa,2025-08,16.654838709677417,61.987096774193546,0.005483870967741936,42.83870967741935,10.393548387096773
South Africa,2025-09,20.12,68.21666666666667,0.013000000000000001,45.333333333333336,14.013333333333332
South Africa,2025-10,20.187096774193545,68.33870967741936,0.011935483870967743,54.54838709677419,13.390322580645162
South Africa,2025-11,19.240000000000002,66.63666666666667,0.08900000000000001,71.8,12.803333333333335
South Africa,2025-12,20.23548387096774,68.43870967741935,0.10838709677419354,73.19354838709677,12.19032258064516
South Africa,2026-01,21.07,69.93,0.042,71.7,10.583333333333334
South Africa,2026-02,20.210714285714285,68.38214285714285,0.0007142857142857143,71.64285714285714,9.835714285714285
South Africa,2026-03,18.262962962962963,64.88148148148149,0.061481481481481484,84.85185185185185,9.411111111111111
South Korea,2024-05,16.705882352941178,62.07058823529412,0.001764705882352941,83.11764705882354,7.8352941176470585
South Korea,2024-06,21.733333333333334,71.13333333333334,0.102,72.23333333333333,6.4
South Korea,2024-07,25.47142857142857,77.85714285714286,0.5707142857142857,89.92857142857143,10.185714285714285
South Korea,2024-08,28.183870967741935,82.7290322580645,0.13838709677419356,79.0,6.867741935483871
South Korea,2024-09,25.613333333333333,78.11666666666666,0.22833333333333333,80.73333333333333,7.163333333333333
South Korea,2024-10,18.283870967741933,64.91290322580645,0.11290322580645161,66.45161290322581,8.429032258064517
South Korea,2024-11,11.896666666666667,53.41,0.050666666666666665,57.5,9.866666666666667
South Korea,2024-12,0.5612903225806452,33.00645161290323,0.006774193548387097,59.645161290322584,10.170967741935485
South Korea,2025-01,-0.8258064516129031,30.52258064516129,0.012258064516129033,64.96774193548387,8.519354838709678
South Korea,2025-02,-0.003571428571428749,32.0,0.0017857142857142859,55.5,13.260714285714286
South Korea,2025-03,9.66451612903226,49.40967741935484,0.07677419354838708,47.38709677419355,14.883870967741935
South Korea,2025-04,15.79,60.42333333333333,0.17066666666666666,52.93333333333333,14.49
South Korea,2025-05,20.416129032258063,68.74516129032257,0.08096774193548388,60.25806451612903,12.94516129032258
South Korea,2025-06,26.326666666666668,79.39,0.07666666666666666,65.03333333333333,13.99
South Korea,2025-07,31.112903225806452,88.00322580645161,0.07548387096774195,70.7741935483871,11.932258064516128
South Korea,2025-08,30.938709677419357,87.69032258064516,0.13999999999999999,70.09677419354838,12.661290322580646
South Korea,2025-09,27.003333333333334,80.61,0.10099999999999999,63.7,9.270000000000001
South Korea,2025-10,19.64516129032258,67.35483870967742,0.13193548387096773,67.93548387096774,9.541935483870969
South Korea,2025-11,12.936666666666667,55.29,0.0003333333333333333,49.833333333333336,13.46
South Korea,2025-12,4.429032258064516,39.9741935483871,0.0929032258064516,54.96774193548387,11.374193548387098
South Korea,2026-01,0.08333333333333333,32.14666666666667,0.027000000000000003,39.766666666666666,13.96
South Korea,2026-02,6.946428571428571,44.503571428571426,0.0014285714285714286,39.857142857142854,11.714285714285714
South Korea,2026-03,12.703846153846154,54.86923076923077,0.02423076923076923,40.19230769230769,11.63846153846154
Spain,2024-05,24.13529411764706,75.45294117647059,0.0,28.941176470588236,14.117647058823529
Spain,2024-06,26.709999999999997,80.08333333333333,0.022000000000000002,36.5,13.25
Spain,2024-07,33.760714285714286,92.75714285714285,0.0,21.0,11.4
Spain,2024-08,32.9,91.21612903225805,0.0035483870967741938,27.0,8.687096774193549
Spain,2024-09,22.456666666666667,72.41000000000001,0.027333333333333334,44.43333333333333,11.463333333333333
Spain,2024-10,16.48709677419355,61.67741935483871,0.04161290322580645,69.96774193548387,14.793548387096775
Spain,2024-11,11.533333333333333,52.763333333333335,0.009333333333333334,79.36666666666666,9.973333333333333
Spain,2024-12,8.183870967741935,46.73548387096774,0.0032258064516129032,70.29032258064517,7.416129032258064
Spain,2025-01,7.067741935483871,44.71935483870968,0.18193548387096772,79.41935483870968,13.387096774193548
Spain,2025-02,8.475,47.253571428571426,0.0014285714285714286,72.89285714285714,7.653571428571428
Spain,2025-03,8.541935483870969,47.377419354838715,0.2532258064516129,77.6774193548387,15.341935483870968
Spain,2025-04,13.106666666666666,55.59666666666667,0.025666666666666667,69.66666666666667,11.376666666666667
Spain,2025-05,17.05806451612903,62.70645161290323,0.08258064516129032,59.516129032258064,9.754838709677419
Spain,2025-06,25.59,78.06,0.0003333333333333333,44.03333333333333,7.763333333333334
Spain,2025-07,24.506451612903227,76.1032258064516,0.0,44.54838709677419,11.038709677419355
Spain,2025-08,25.258064516129032,77.46451612903226,0.0,41.064516129032256,8.438709677419356
Spain,2025-09,18.506666666666668,65.30333333333333,0.0,52.7,10.116666666666667
Spain,2025-10,14.17741935483871,57.516129032258064,0.01129032258064516,70.83870967741936,11.383870967741935
Spain,2025-11,6.496666666666667,43.69666666666667,0.020000000000000004,85.3,8.996666666666666
Spain,2025-12,5.551612903225807,42.00322580645161,0.13741935483870968,89.35483870967742,10.006451612903225
Spain,2026-01,3.8466666666666667,38.919999999999995,0.2033333333333333,89.93333333333334,13.326666666666666
Spain,2026-02,6.528571428571429,43.75,0.06571428571428571,82.14285714285714,15.75357142857143
Spain,2026-03,6.7821428571428575,44.21785714285714,0.05285714285714286,81.60714285714286,9.242857142857144
Sri Lanka,2024-05,27.052941176470586,80.7,1.2782352941176471,90.3529411764706,15.064705882352943
Sri Lanka,2024-06,28.34,83.02333333333333,0.5016666666666667,83.6,16.37666666666667
Sri Lanka,2024-07,28.650000000000002,83.57142857142857,0.4471428571428571,82.14285714285714,16.117857142857144
Sri Lanka,2024-08,28.77741935483871,83.81290322580645,0.5506451612903226,79.16129032258064,13.764516129032257
Sri Lanka,2024-09,31.15666666666667,88.09333333333333,0.6233333333333333,71.2,16.233333333333334
Sri Lanka,2024-10,28.91290322580645,84.03870967741935,0.6335483870967742,78.87096774193549,17.780645161290323
Sri Lanka,2024-11,29.216666666666665,84.58333333333333,0.414,75.0,17.086666666666666
Sri Lanka,2024-12,29.60967741935484,85.29677419354839,0.24387096774193548,70.16129032258064,17.683870967741935
Sri Lanka,2025-01,29.206451612903226,84.58387096774193,0.5896774193548387,72.12903225806451,16.261290322580646
Sri Lanka,2025-02,31.928571428571427,89.47857142857143,0.17357142857142857,61.0,17.035714285714285
Sri Lanka,2025-03,31.451612903225808,88.62258064516129,0.587741935483871,68.25806451612904,16.254838709677422
Sri Lanka,2025-04,31.943333333333335,89.51,0.3813333333333333,71.9,15.013333333333332
Sri Lanka,2025-05,30.970967741935485,87.75806451612904,0.48193548387096774,77.35483870967742,21.44516129032258
Sri Lanka,2025-06,30.526666666666664,86.95,0.3406666666666667,77.93333333333334,21.873333333333335
Sri Lanka,2025-07,30.190322580645162,86.3483870967742,0.38838709677419353,75.7741935483871,22.40967741935484
Sri Lanka,2025-08,30.074193548387097,86.12903225806451,0.3138709677419355,75.64516129032258,21.87741935483871
Sri Lanka,2025-09,30.283333333333335,86.51666666666667,0.5206666666666666,76.8,21.30666666666667
Sri Lanka,2025-10,30.73548387096774,87.3225806451613,0.6990322580645162,72.80645161290323,17.725806451612904
Sri Lanka,2025-11,29.946666666666665,85.91333333333334,0.631,74.2,18.723333333333336
Sri Lanka,2025-12,30.280645161290323,86.50967741935484,0.055806451612903235,65.2258064516129,17.870967741935484
Sri Lanka,2026-01,29.986666666666668,85.98333333333333,0.03066666666666667,61.93333333333333,16.91
Sri Lanka,2026-02,30.607142857142858,87.10714285714286,0.12892857142857142,62.75,14.278571428571428
Sri Lanka,2026-03,31.735714285714288,89.125,0.05857142857142857,60.57142857142857,13.689285714285715
Sudan,2024-05,40.19117647058823,104.33823529411765,0.0,10.205882352941176,14.976470588235294
Sudan,2024-06,39.09661016949152,102.37288135593221,0.0,20.1864406779661,15.816949152542374
Sudan,2024-07,34.49824561403509,94.09122807017543,0.025964912280701753,35.8421052631579,20.280701754385966
Sudan,2024-08,30.27258064516129,86.5,0.1238709677419355,53.03225806451613,19.337096774193547
Sudan,2024-09,33.028333333333336,91.46000000000001,0.007833333333333335,40.5,12.045
Sudan,2024-10,32.575806451612905,90.64193548387097,0.0,27.93548387096774,17.348387096774193
Sudan,2024-11,27.628333333333334,81.72666666666667,0.0,20.866666666666667,27.851666666666667
Sudan,2024-12,27.26451612903226,81.07741935483871,0.0,19.516129032258064,25.509677419354837
Sudan,2025-01,26.398387096774194,79.50806451612904,0.0,18.822580645161292,27.6
Sudan,2025-02,28.758928571428573,83.76964285714287,0.0,15.375,27.900000000000002
Sudan,2025-03,30.072580645161292,86.12258064516129,0.0,11.53225806451613,27.174193548387095
Sudan,2025-04,33.78,92.78833333333334,0.0,12.5,23.245
Sudan,2025-05,34.83387096774193,94.70161290322581,0.0,11.32258064516129,20.240322580645163
Sudan,2025-06,34.64833333333333,94.365,0.0,20.666666666666668,17.348333333333336
Sudan,2025-07,30.26451612903226,86.4758064516129,0.019838709677419356,47.774193548387096,21.791935483870965
Sudan,2025-08,27.387096774193548,81.30806451612904,0.1682258064516129,60.725806451612904,20.520967741935483
Sudan,2025-09,28.935,84.09166666666667,0.014,53.55,16.428333333333335
Sudan,2025-10,30.200000000000003,86.34354838709677,0.017741935483870968,30.225806451612904,17.35
Sudan,2025-11,26.75,80.14833333333333,0.0,24.466666666666665,24.513333333333332
Sudan,2025-12,21.938709677419357,71.48387096774194,0.0,26.532258064516128,23.037096774193547
Sudan,2026-01,22.44,72.395,0.0,22.966666666666665,24.59333333333333
Sudan,2026-02,23.701785714285712,74.65892857142856,0.0,15.428571428571429,25.053571428571427
Sudan,2026-03,24.575000000000003,76.22884615384615,0.0,16.76923076923077,23.021153846153844
Suriname,2024-05,28.61764705882353,83.51176470588236,0.58,79.52941176470588,10.117647058823529
Suriname,2024-06,28.406896551724138,83.13103448275862,0.29586206896551726,79.72413793103448,8.362068965517242
Suriname,2024-07,26.351724137931036,79.42068965517241,0.25724137931034485,84.75862068965517,8.075862068965517
Suriname,2024-08,26.693548387096776,80.03548387096774,0.08903225806451613,79.06451612903226,9.925806451612903
Suriname,2024-09,26.08,78.93666666666667,0.0003333333333333333,85.6,10.976666666666667
Suriname,2024-10,24.33225806451613,75.79354838709678,0.016774193548387096,96.06451612903226,9.938709677419356
Suriname,2024-11,24.12,75.42333333333333,0.08533333333333333,95.43333333333334,10.016666666666667
Suriname,2024-12,23.6,74.48064516129033,0.09741935483870968,94.90322580645162,8.851612903225806
Suriname,2025-01,22.85666666666667,73.14333333333335,0.22366666666666665,96.4,8.93
Suriname,2025-02,23.260714285714283,73.86428571428571,0.16964285714285715,97.03571428571429,9.482142857142858
Suriname,2025-03,23.432258064516127,74.18387096774192,0.09774193548387096,96.16129032258064,9.403225806451612
Suriname,2025-04,23.873333333333335,74.97,0.21533333333333332,95.76666666666667,9.18
Suriname,2025-05,24.009677419354837,75.21612903225807,0.5270967741935484,98.61290322580645,7.606451612903226
Suriname,2025-06,23.966666666666665,75.14333333333335,0.19133333333333333,96.66666666666667,8.646666666666667
Suriname,2025-07,23.37741935483871,74.08064516129032,0.1638709677419355,94.90322580645162,8.103225806451613
Suriname,2025-08,23.74516129032258,74.74193548387096,0.1532258064516129,94.09677419354838,8.04516129032258
Suriname,2025-09,24.166666666666668,75.49666666666667,0.013333333333333334,94.76666666666667,10.296666666666665
Suriname,2025-10,24.190322580645162,75.53870967741935,0.13870967741935483,95.38709677419355,10.338709677419354
Suriname,2025-11,23.976666666666667,75.16333333333334,0.109,96.13333333333334,10.35
Suriname,2025-12,23.635483870967743,74.54838709677419,0.16129032258064516,95.7741935483871,9.890322580645162
Suriname,2026-01,23.44333333333333,74.21333333333334,0.249,96.46666666666667,8.696666666666665
Suriname,2026-02,22.74285714285714,72.93571428571428,0.04035714285714286,94.35714285714286,10.289285714285715
Suriname,2026-03,23.646153846153844,74.56153846153846,0.21653846153846154,95.84615384615384,10.242307692307692
Swaziland,2024-05,21.123529411764707,70.02352941176471,0.0,42.11764705882353,10.805882352941175
Swaziland,2024-06,19.266666666666666,66.68333333333334,0.002,34.2,11.813333333333333
Swaziland,2024-07,23.235714285714288,73.82857142857142,0.0,17.464285714285715,12.614285714285714
Swaziland,2024-08,25.17096774193548,77.30322580645162,0.02064516129032258,32.935483870967744,13.758064516129032
Swaziland,2024-09,24.423333333333336,75.96333333333334,0.020666666666666667,50.56666666666667,14.146666666666667
Swaziland,2024-10,22.59032258064516,72.65483870967742,0.06870967741935484,52.03225806451613,10.593548387096773
Swaziland,2024-11,25.073333333333334,77.14333333333335,0.04,55.36666666666667,9.806666666666667
Swaziland,2024-12,27.94193548387097,82.29354838709678,0.08580645161290322,55.096774193548384,11.94516129032258
Swaziland,2025-01,26.47741935483871,79.65483870967742,0.24580645161290324,65.35483870967742,9.580645161290322
Swaziland,2025-02,24.464285714285715,76.03928571428571,0.10785714285714286,67.71428571428571,8.503571428571428
Swaziland,2025-03,24.23,75.61999999999999,0.048666666666666664,73.5,6.196666666666667
Swaziland,2025-04,21.18,70.12333333333332,0.11533333333333333,67.3,7.156666666666667
Swaziland,2025-05,20.154838709677417,68.27741935483871,0.0006451612903225806,48.67741935483871,7.638709677419355
Swaziland,2025-06,17.796666666666667,64.03,0.0,41.93333333333333,10.04
Swaziland,2025-07,17.20967741935484,62.983870967741936,0.0006451612903225806,49.193548387096776,7.470967741935484
Swaziland,2025-08,18.32903225806452,64.99354838709677,0.006774193548387097,59.61290322580645,7.074193548387097
Swaziland,2025-09,20.11,68.21,0.032,65.03333333333333,8.42
Swaziland,2025-10,19.883870967741935,67.78387096774195,0.07064516129032258,72.96774193548387,6.95483870967742
Swaziland,2025-11,20.303333333333335,68.56,0.191,78.46666666666667,5.666666666666667
Swaziland,2025-12,22.006451612903227,71.61290322580645,0.08096774193548388,79.87096774193549,5.364516129032259
Swaziland,2026-01,21.89,71.40333333333334,0.06666666666666667,80.96666666666667,5.319999999999999
Swaziland,2026-02,22.739285714285717,72.93928571428572,0.012142857142857144,78.21428571428571,4.696428571428571
Swaziland,2026-03,18.41111111111111,65.15555555555555,0.09000000000000001,86.88888888888889,4.703703703703703
Sweden,2024-05,21.88235294117647,71.38823529411764,0.0,39.1764705882353,17.56470588235294
Sweden,2024-06,20.153333333333332,68.28666666666666,0.08433333333333333,50.56666666666667,16.279999999999998
Sweden,2024-07,21.464285714285715,70.62857142857143,0.12214285714285714,57.214285714285715,16.33214285714286
Sweden,2024-08,21.63225806451613,70.95161290322581,0.03161290322580645,52.16129032258065,17.061290322580643
Sweden,2024-09,17.566666666666666,63.61666666666667,0.10733333333333334,65.96666666666667,13.25
Sweden,2024-10,10.819354838709677,51.46451612903226,0.13548387096774195,81.3225806451613,15.648387096774194
Sweden,2024-11,4.406666666666666,39.92333333333333,0.06366666666666666,83.56666666666666,16.12
Sweden,2024-12,2.487096774193548,36.49032258064516,0.06290322580645161,85.19354838709677,15.12258064516129
Sweden,2025-01,0.9612903225806452,33.729032258064514,0.0735483870967742,89.03225806451613,15.370967741935484
Sweden,2025-02,0.49285714285714294,32.885714285714286,0.022857142857142857,82.85714285714286,12.360714285714286
Sweden,2025-03,5.867741935483871,42.57741935483871,0.0035483870967741938,66.2258064516129,16.432258064516127
Sweden,2025-04,9.66,49.38666666666666,0.038000000000000006,58.93333333333333,14.586666666666668
Sweden,2025-05,11.600000000000001,52.87419354838709,0.06741935483870967,56.96774193548387,15.064516129032258
Sweden,2025-06,17.23,63.00666666666667,0.051000000000000004,56.43333333333333,15.386666666666667
Sweden,2025-07,21.629032258064516,70.94193548387096,0.046129032258064515,62.774193548387096,10.364516129032259
Sweden,2025-08,17.02258064516129,62.65483870967742,0.0903225806451613,71.06451612903226,14.6
Sweden,2025-09,14.833333333333334,58.71,0.01633333333333333,85.66666666666667,14.596666666666666
Sweden,2025-10,7.893548387096774,46.20967741935484,0.04516129032258064,90.38709677419355,13.564516129032258
Sweden,2025-11,3.3833333333333333,38.086666666666666,0.035666666666666666,93.76666666666667,12.366666666666667
Sweden,2025-12,3.4967741935483874,38.28387096774193,0.06838709677419355,88.09677419354838,15.658064516129034
Sweden,2026-01,-2.5900000000000003,27.33,0.16166666666666665,90.56666666666666,13.246666666666666
Sweden,2026-02,-6.478571428571429,20.339285714285715,0.013571428571428571,89.32142857142857,9.789285714285715
Sweden,2026-03,3.088888888888889,37.55925925925926,0.013703703703703704,88.74074074074075,12.544444444444444
Switzerland,2024-05,16.88235294117647,62.38823529411764,0.38176470588235295,68.17647058823529,9.888235294117647
Switzerland,2024-06,21.936666666666667,71.49,0.4686666666666667,60.2,10.743333333333334
Switzerland,2024-07,25.517857142857142,77.93928571428572,0.14035714285714285,52.785714285714285,8.014285714285714
Switzerland,2024-08,25.716129032258067,78.29032258064517,0.08064516129032258,54.45161290322581,8.080645161290322
Switzerland,2024-09,17.076666666666664,62.74333333333333,0.3223333333333333,71.53333333333333,9.639999999999999
Switzerland,2024-10,13.52258064516129,56.34516129032258,0.15193548387096775,80.38709677419355,5.5
Switzerland,2024-11,5.193333333333333,41.34666666666667,0.09866666666666667,85.66666666666667,5.8966666666666665
Switzerland,2024-12,3.332258064516129,38.012903225806454,0.2535483870967742,78.35483870967742,6.077419354838709
Switzerland,2025-01,3.0677419354838706,37.52258064516129,0.056451612903225805,81.7741935483871,7.187096774193549
Switzerland,2025-02,4.157142857142857,39.489285714285714,0.05392857142857143,79.07142857142857,5.042857142857144
Switzerland,2025-03,7.6,45.68387096774194,0.0664516129032258,71.38709677419355,6.116129032258065
Switzerland,2025-04,11.860000000000001,53.35333333333333,0.07266666666666667,68.93333333333334,8.1
Switzerland,2025-05,14.73225806451613,58.5258064516129,0.17580645161290323,70.16129032258064,7.306451612903226
Switzerland,2025-06,22.016666666666666,71.63000000000001,0.079,65.0,8.56
Switzerland,2025-07,20.129032258064516,68.2290322580645,0.14096774193548386,68.64516129032258,6.783870967741936
Switzerland,2025-08,18.283333333333335,64.91111111111111,0.2338888888888889,74.61111111111111,5.722222222222222
Switzerland,2025-09,11.764285714285714,53.17857142857143,0.10738095238095238,87.5952380952381,5.897619047619047
Switzerland,2025-10,7.505263157894737,45.51315789473684,0.15552631578947368,91.39473684210526,7.7894736842105265
Switzerland,2025-11,0.10000000000000002,32.18055555555556,0.37972222222222224,95.27777777777777,6.136111111111111
Switzerland,2025-12,-0.7285714285714285,30.694285714285712,0.014,95.17142857142858,5.58
Switzerland,2026-01,-2.8633333333333337,26.846666666666668,0.08033333333333334,93.63333333333334,6.056666666666667
Switzerland,2026-02,1.393548387096774,34.49677419354839,0.22096774193548385,92.61290322580645,6.770967741935484
Switzerland,2026-03,-0.8666666666666667,30.44242424242424,0.07606060606060605,94.39393939393939,6.133333333333334
Syria,2024-05,30.58823529411765,87.05882352941177,0.003529411764705882,19.705882352941178,31.00588235294118
Syria,2024-06,38.12,100.61666666666666,0.001,12.266666666666667,22.686666666666667
Syria,2024-07,36.88928571428572,98.41428571428571,0.0,17.714285714285715,22.87857142857143
Syria,2024-08,36.47741935483871,97.66774193548386,0.0,17.258064516129032,22.10967741935484
Syria,2024-09,32.14,89.85666666666667,0.0,24.7,16.006666666666668
Syria,2024-10,25.0,76.99032258064516,0.0,27.774193548387096,10.55483870967742
Syria,2024-11,17.546666666666667,63.57333333333334,0.006666666666666667,51.53333333333333,10.770000000000001
Syria,2024-12,13.941935483870967,57.093548387096774,0.04096774193548387,40.0,11.170967741935485
Syria,2025-01,12.964516129032257,55.34193548387096,0.00870967741935484,40.516129032258064,8.558064516129033
Syria,2025-02,10.360714285714286,50.667857142857144,0.03571428571428571,42.214285714285715,12.842857142857143
Syria,2025-03,17.703225806451613,63.87096774193548,0.046129032258064515,37.70967741935484,12.009677419354839
Syria,2025-04,21.506666666666668,70.71000000000001,0.0,29.566666666666666,17.14
Syria,2025-05,27.051612903225806,80.69999999999999,0.0003225806451612903,24.70967741935484,16.06774193548387
Syria,2025-06,30.448275862068964,86.8103448275862,0.0,23.03448275862069,14.56551724137931
Syria,2025-07,31.629032258064516,88.92903225806452,0.0,28.677419354838708,13.506451612903225
Syria,2025-08,31.12258064516129,88.01935483870967,0.0,36.03225806451613,11.525806451612903
Syria,2025-09,25.266666666666666,77.49333333333334,0.0,45.4,9.806666666666667
Syria,2025-10,20.593548387096774,69.06774193548387,0.0,49.806451612903224,8.787096774193548
Syria,2025-11,14.953333333333335,58.92999999999999,0.14299999999999996,45.8,7.723333333333333
Syria,2025-12,7.370967741935484,45.26774193548387,0.12419354838709677,84.74193548387096,11.048387096774194
Syria,2026-01,5.09,41.156666666666666,0.07766666666666668,82.2,10.6
Syria,2026-02,9.596428571428572,49.278571428571425,0.002142857142857143,74.46428571428571,11.978571428571428
Syria,2026-03,8.525,47.353571428571435,0.08178571428571428,66.71428571428571,12.125
Südkorea,2024-07,26.1,79.0,0.22,84.0,4.0
Tajikistan,2024-05,24.41176470588235,75.94117647058823,0.05529411764705883,51.23529411764706,10.86470588235294
Tajikistan,2024-06,29.06,84.31333333333333,0.08,34.833333333333336,10.743333333333334
Tajikistan,2024-07,34.36071428571429,93.86071428571428,0.008571428571428572,19.928571428571427,11.667857142857143
Tajikistan,2024-08,34.45483870967742,94.01612903225806,0.0,17.29032258064516,11.912903225806453
Tajikistan,2024-09,29.873333333333335,85.77666666666667,0.016,22.0,10.873333333333333
Tajikistan,2024-10,22.967741935483872,73.33870967741936,0.01806451612903226,37.354838709677416,4.732258064516128
Tajikistan,2024-11,16.573333333333334,61.833333333333336,0.04933333333333333,49.13333333333333,4.790000000000001
Tajikistan,2024-12,6.854838709677419,44.33870967741935,0.03032258064516129,50.16129032258065,4.041935483870968
Tajikistan,2025-01,7.580645161290323,45.63548387096775,0.07290322580645162,57.25806451612903,3.9129032258064513
Tajikistan,2025-02,11.435714285714285,52.589285714285715,0.015,46.82142857142857,5.835714285714286
Tajikistan,2025-03,16.467741935483872,61.641935483870974,0.10129032258064516,43.12903225806452,5.209677419354839
Tajikistan,2025-04,24.40666666666667,75.93666666666667,0.022333333333333334,40.03333333333333,5.716666666666667
Tajikistan,2025-05,30.467741935483872,86.85161290322581,0.0703225806451613,29.64516129032258,6.596774193548387
Tajikistan,2025-06,34.480000000000004,94.06333333333333,0.007333333333333333,21.766666666666666,9.95
Tajikistan,2025-07,38.487096774193546,101.28064516129032,0.0016129032258064516,15.129032258064516,12.812903225806451
Tajikistan,2025-08,35.903225806451616,96.62258064516129,0.0,16.516129032258064,10.490322580645161
Tajikistan,2025-09,31.183333333333334,88.14333333333335,0.0003333333333333333,18.833333333333332,8.263333333333334
Tajikistan,2025-10,24.970967741935485,76.95161290322581,0.001935483870967742,24.29032258064516,6.129032258064516
Tajikistan,2025-11,15.466666666666667,59.836666666666666,0.01633333333333333,31.033333333333335,3.9433333333333334
Tajikistan,2025-12,9.851612903225806,49.73548387096774,0.19451612903225804,66.25806451612904,4.958064516129032
Tajikistan,2026-01,6.583333333333333,43.85,0.19666666666666668,61.56666666666667,3.9466666666666668
Tajikistan,2026-02,13.364285714285714,56.05714285714286,0.12892857142857142,52.75,5.710714285714286
Tajikistan,2026-03,13.811538461538463,56.861538461538466,0.3161538461538462,60.26923076923077,4.619230769230769
Tanzania,2024-05,27.058823529411764,80.70588235294117,0.0,44.05882352941177,12.888235294117647
Tanzania,2024-06,27.12,80.81666666666666,0.0,35.03333333333333,13.84
Tanzania,2024-07,28.013793103448275,82.44137931034483,0.0,30.82758620689655,12.26551724137931
Tanzania,2024-08,27.925806451612903,82.26774193548388,0.0,30.967741935483872,15.316129032258065
Tanzania,2024-09,28.92,84.06333333333333,0.0,31.6,16.220000000000002
Tanzania,2024-10,28.27741935483871,82.90322580645162,0.006129032258064516,39.67741935483871,14.254838709677419
Tanzania,2024-11,29.279999999999998,84.71666666666667,0.025333333333333333,39.0,13.183333333333334
Tanzania,2024-12,27.316129032258065,81.1774193548387,0.11258064516129032,51.774193548387096,8.629032258064516
Tanzania,2025-01,26.761290322580646,80.16774193548386,0.23935483870967741,56.12903225806452,7.264516129032257
Tanzania,2025-02,27.685714285714287,81.825,0.1142857142857143,52.57142857142857,7.728571428571429
Tanzania,2025-03,26.548387096774192,79.79032258064517,0.24451612903225806,59.903225806451616,9.574193548387097
Tanzania,2025-04,25.540000000000003,77.98333333333333,0.10133333333333333,61.03333333333333,11.723333333333333
Tanzania,2025-05,24.92258064516129,76.86451612903227,0.04903225806451613,55.645161290322584,11.916129032258064
Tanzania,2025-06,23.82,74.87333333333332,0.0003333333333333333,52.666666666666664,12.629999999999999
Tanzania,2025-07,22.574193548387097,72.62903225806451,0.0,50.645161290322584,13.27741935483871
Tanzania,2025-08,22.23225806451613,72.02258064516128,0.0,49.354838709677416,13.264516129032257
Tanzania,2025-09,23.796666666666667,74.83999999999999,0.0,47.833333333333336,15.376666666666667
Tanzania,2025-10,25.09032258064516,77.16451612903225,0.0,48.38709677419355,15.916129032258064
Tanzania,2025-11,25.163333333333334,77.29666666666667,0.010333333333333333,51.56666666666667,14.176666666666668
Tanzania,2025-12,23.693548387096776,74.65806451612903,0.2,67.41935483870968,12.083870967741936
Tanzania,2026-01,22.83,73.1,0.16133333333333333,75.73333333333333,7.346666666666667
Tanzania,2026-02,21.635714285714283,70.94285714285714,0.2057142857142857,81.75,5.4678571428571425
Tanzania,2026-03,20.846153846153847,69.52307692307691,0.46384615384615385,87.0,7.376923076923077
Thailand,2024-05,28.724242424242423,83.7030303030303,0.19818181818181818,81.63636363636364,8.175757575757576
Thailand,2024-06,29.33103448275862,84.79310344827586,0.28672413793103446,77.06896551724138,10.313793103448276
Thailand,2024-07,27.74310344827586,81.94137931034483,0.5075862068965518,82.86206896551724,9.89310344827586
Thailand,2024-08,28.530645161290323,83.35806451612903,0.36112903225806453,79.88709677419355,9.025806451612903
Thailand,2024-09,29.261666666666667,84.68,0.5235,77.7,8.68
Thailand,2024-10,30.585483870967742,87.05806451612904,0.32,68.1774193548387,6.156451612903226
Thailand,2024-11,30.816666666666666,87.47333333333333,0.11866666666666667,56.166666666666664,7.5600000000000005
Thailand,2024-12,28.874193548387098,83.98548387096774,0.001935483870967742,52.11290322580645,7.537096774193548
Thailand,2025-01,29.138709677419353,84.45322580645161,0.0,39.45161290322581,7.103225806451612
Thailand,2025-02,32.408928571428575,90.34464285714286,0.005535714285714285,42.089285714285715,10.592857142857143
Thailand,2025-03,34.524193548387096,94.15,0.00016129032258064516,41.74193548387097,13.433870967741935
Thailand,2025-04,34.333333333333336,93.79833333333333,0.08,51.5,13.756666666666666
Thailand,2025-05,31.76290322580645,89.17903225806452,0.15483870967741936,66.2741935483871,11.180645161290323
Thailand,2025-06,32.461666666666666,90.43,0.5423333333333333,61.2,11.411666666666667
Thailand,2025-07,31.003225806451614,87.80483870967741,0.5709677419354838,69.35483870967742,10.730645161290322
Thailand,2025-08,32.52741935483871,90.5516129032258,0.4943548387096774,61.016129032258064,10.425806451612903
Thailand,2025-09,31.459999999999997,88.62833333333333,0.40166666666666667,67.61666666666666,9.308333333333334
Thailand,2025-10,31.330645161290324,88.4,0.22435483870967743,63.54838709677419,7.604838709677419
Thailand,2025-11,29.038333333333334,84.27333333333333,0.26366666666666666,58.81666666666667,7.613333333333333
Thailand,2025-12,29.64032258064516,85.3532258064516,0.011451612903225807,51.75806451612903,6.851612903225806
Thailand,2026-01,29.279999999999998,84.71000000000001,0.0,42.11666666666667,7.496666666666667
Thailand,2026-02,32.349122807017544,90.22456140350877,0.0,45.63157894736842,9.722807017543861
Thailand,2026-03,33.730357142857144,92.71071428571429,0.0010714285714285715,43.035714285714285,11.235714285714286
Timor-Leste,2024-05,25.46470588235294,77.81764705882354,0.031764705882352945,78.17647058823529,8.823529411764707
Timor-Leste,2024-06,24.303448275862067,75.75862068965517,0.0006896551724137932,75.86206896551724,8.293103448275861
Timor-Leste,2024-07,23.642857142857142,74.57142857142857,0.07785714285714286,75.96428571428571,10.235714285714286
Timor-Leste,2024-08,24.09032258064516,75.37741935483871,0.003548387096774194,75.51612903225806,9.438709677419356
Timor-Leste,2024-09,25.446666666666665,77.81,0.12633333333333333,74.33333333333333,10.879999999999999
Timor-Leste,2024-10,27.580645161290324,81.62903225806451,0.10612903225806451,68.70967741935483,12.819354838709677
Timor-Leste,2024-11,27.916666666666668,82.24,0.7303333333333334,72.5,8.783333333333333
Timor-Leste,2024-12,26.606451612903225,79.87741935483871,0.6793548387096774,83.93548387096774,6.770967741935484
Timor-Leste,2025-01,26.348387096774193,79.4258064516129,0.6054838709677419,82.45161290322581,6.141935483870968
Timor-Leste,2025-02,26.228571428571428,79.23214285714286,1.0310714285714286,83.64285714285714,10.028571428571428
Timor-Leste,2025-03,26.883870967741935,80.4,0.7212903225806452,81.03225806451613,7.15483870967742
Timor-Leste,2025-04,26.45,79.60666666666665,0.4953333333333333,78.46666666666667,6.126666666666667
Timor-Leste,2025-05,26.4741935483871,79.68064516129031,0.43645161290322576,79.51612903225806,7.393548387096774
Timor-Leste,2025-06,25.85666666666667,78.55333333333333,0.08800000000000001,74.8,6.78
Timor-Leste,2025-07,25.77741935483871,78.41290322580646,0.08580645161290323,70.96774193548387,7.232258064516128
Timor-Leste,2025-08,26.287096774193547,79.31935483870969,0.01,66.09677419354838,12.887096774193548
Timor-Leste,2025-09,27.026666666666664,80.63666666666667,0.21633333333333335,67.76666666666667,14.333333333333334
Timor-Leste,2025-10,27.848387096774193,82.10967741935484,0.17258064516129032,65.54838709677419,9.783870967741937
Timor-Leste,2025-11,27.846666666666668,82.12666666666668,0.7490000000000001,72.96666666666667,9.673333333333334
Timor-Leste,2025-12,27.11935483870968,80.81612903225808,0.7725806451612903,78.45161290322581,9.416129032258064
Timor-Leste,2026-01,27.386666666666667,81.30333333333333,0.43533333333333335,76.6,16.17
Timor-Leste,2026-02,27.099999999999998,80.76785714285714,0.6446428571428572,79.53571428571429,12.835714285714285
Timor-Leste,2026-03,26.873076923076926,80.39230769230768,0.5711538461538461,78.34615384615384,13.98076923076923
Togo,2024-06,27.9,82.2,0.16,74.0,19.1
Tonga,2024-05,23.64375,74.55625,0.30625,90.4375,11.64375
Tonga,2024-06,22.48,72.46666666666667,0.04666666666666667,81.83333333333333,14.053333333333335
Tonga,2024-07,21.917241379310347,71.45172413793104,0.03379310344827586,79.6896551724138,19.693103448275863
Tonga,2024-08,21.364516129032257,70.4483870967742,0.04709677419354839,79.7741935483871,17.825806451612905
Tonga,2024-09,21.106451612903225,69.99677419354839,0.06967741935483872,91.16129032258064,19.019354838709678
Tonga,2024-10,22.92258064516129,73.25806451612904,0.20258064516129032,91.03225806451613,28.0741935483871
Tonga,2024-11,23.663333333333334,74.58999999999999,0.17033333333333334,91.4,28.43
Tonga,2024-12,25.283870967741933,77.51612903225806,0.27032258064516124,88.61290322580645,24.22258064516129
Tonga,2025-01,24.86774193548387,76.76774193548388,0.19096774193548388,92.48387096774194,17.893548387096775
Tonga,2025-02,26.12142857142857,79.02499999999999,0.2975,91.39285714285714,23.417857142857144
Tonga,2025-03,25.641935483870967,78.16451612903225,0.38161290322580643,92.96774193548387,17.42258064516129
Tonga,2025-04,25.706666666666667,78.26333333333334,0.10566666666666667,90.4,27.546666666666667
Tonga,2025-05,23.648387096774194,74.56129032258065,0.15161290322580645,91.12903225806451,29.283870967741937
Tonga,2025-06,22.35666666666667,72.24666666666667,0.11699999999999999,90.8,27.646666666666665
Tonga,2025-07,21.190322580645162,70.14516129032258,0.11612903225806451,88.19354838709677,26.625806451612902
Tonga,2025-08,21.129032258064516,70.04193548387097,0.05032258064516129,87.06451612903226,23.877419354838707
Tonga,2025-09,21.07241379310345,69.93103448275862,0.02896551724137931,77.20689655172414,28.337931034482757
Tonga,2025-10,22.906451612903226,73.23548387096774,0.04161290322580645,83.61290322580645,28.5258064516129
Tonga,2025-11,24.529999999999998,76.15,0.7376666666666666,89.96666666666667,22.56
Tonga,2025-12,26.016129032258064,78.84193548387097,0.19129032258064516,85.35483870967742,20.39032258064516
Tonga,2026-01,27.886666666666667,82.20333333333333,0.4643333333333333,86.2,20.216666666666665
Tonga,2026-02,28.357142857142858,83.04285714285713,0.36107142857142854,88.14285714285714,15.674999999999999
Tonga,2026-03,27.97307692307692,82.3423076923077,0.14923076923076922,89.42307692307692,22.734615384615385
Trinidad and Tobago,2024-05,30.11764705882353,86.21176470588235,0.1388235294117647,75.88235294117646,19.447058823529414
Trinidad and Tobago,2024-06,29.386666666666667,84.89666666666668,0.20299999999999999,77.83333333333333,15.786666666666667
Trinidad and Tobago,2024-07,27.36896551724138,81.2448275862069,0.41793103448275865,82.44827586206897,9.186206896551724
Trinidad and Tobago,2024-08,26.858064516129033,80.3483870967742,0.49451612903225806,84.41935483870968,6.45483870967742
Trinidad and Tobago,2024-09,27.02,80.63666666666667,0.22266666666666668,91.26666666666667,6.26
Trinidad and Tobago,2024-10,25.541935483870965,77.98064516129033,0.33129032258064517,93.2258064516129,9.95483870967742
Trinidad and Tobago,2024-11,25.66896551724138,78.2103448275862,0.4089655172413793,91.17241379310344,10.055172413793104
Trinidad and Tobago,2024-12,24.177419354838708,75.50967741935484,0.15806451612903225,91.45161290322581,10.935483870967742
Trinidad and Tobago,2025-01,23.44,74.18666666666667,0.09600000000000002,89.1,11.626666666666667
Trinidad and Tobago,2025-02,23.810714285714287,74.87142857142858,0.004285714285714286,83.78571428571429,11.782142857142857
Trinidad and Tobago,2025-03,24.219354838709677,75.6,0.19064516129032258,83.54838709677419,12.848387096774195
Trinidad and Tobago,2025-04,25.053333333333335,77.1,0.23600000000000002,85.86666666666666,13.223333333333333
Trinidad and Tobago,2025-05,25.129032258064516,77.2290322580645,0.2803225806451613,94.48387096774194,12.435483870967742
Trinidad and Tobago,2025-06,25.326666666666664,77.58999999999999,0.2643333333333333,94.63333333333334,13.443333333333333
Trinidad and Tobago,2025-07,24.641935483870967,76.35483870967742,0.16580645161290322,95.38709677419355,10.129032258064516
Trinidad and Tobago,2025-08,25.161290322580644,77.28387096774195,0.22161290322580646,93.06451612903226,9.719354838709679
Trinidad and Tobago,2025-09,25.236666666666668,77.42333333333335,0.214,95.06666666666666,9.806666666666667
Trinidad and Tobago,2025-10,25.345161290322583,77.62258064516129,0.27516129032258063,91.93548387096774,10.32258064516129
Trinidad and Tobago,2025-11,25.05,77.09666666666666,0.45233333333333337,91.83333333333333,11.236666666666668
Trinidad and Tobago,2025-12,24.183870967741935,75.52258064516128,0.14451612903225808,88.2258064516129,11.638709677419355
Trinidad and Tobago,2026-01,24.25,75.66333333333334,0.08166666666666668,86.73333333333333,10.826666666666666
Trinidad and Tobago,2026-02,24.38214285714286,75.89642857142857,0.008214285714285714,83.0,11.639285714285714
Trinidad and Tobago,2026-03,22.892307692307693,73.19615384615385,0.008846153846153847,85.84615384615384,12.973076923076924
Tunisia,2024-05,28.01764705882353,82.42941176470588,0.028823529411764706,41.588235294117645,19.705882352941178
Tunisia,2024-06,30.14333333333333,86.26333333333334,0.0013333333333333333,41.6,20.17
Tunisia,2024-07,34.21785714285714,93.59642857142856,0.0,36.92857142857143,19.65357142857143
Tunisia,2024-08,34.63225806451613,94.3225806451613,0.0029032258064516127,37.87096774193548,15.62258064516129
Tunisia,2024-09,30.183333333333334,86.32,0.024,47.46666666666667,16.153333333333332
Tunisia,2024-10,25.14516129032258,77.26451612903226,0.025483870967741934,64.3225806451613,13.12258064516129
Tunisia,2024-11,19.696666666666665,67.46333333333334,0.033666666666666664,69.1,10.736666666666668
Tunisia,2024-12,15.403225806451612,59.729032258064514,0.07225806451612904,66.58064516129032,19.322580645161292
Tunisia,2025-01,16.026666666666667,60.85333333333333,0.025333333333333333,64.16666666666667,16.19
Tunisia,2025-02,15.517857142857142,59.925000000000004,0.06571428571428571,73.92857142857143,12.742857142857144
Tunisia,2025-03,17.929032258064513,64.26774193548387,0.03064516129032258,66.38709677419355,16.093548387096774
Tunisia,2025-04,19.256666666666668,66.66666666666667,0.010333333333333333,63.36666666666667,13.729999999999999
Tunisia,2025-05,22.748387096774195,72.95161290322581,0.011935483870967743,59.645161290322584,14.458064516129031
Tunisia,2025-06,29.43103448275862,84.98620689655172,0.0003448275862068966,49.37931034482759,12.589655172413794
Tunisia,2025-07,30.845161290322583,87.52580645161291,0.007419354838709678,49.58064516129032,15.064516129032258
Tunisia,2025-08,28.700000000000003,83.66451612903225,0.0006451612903225806,57.903225806451616,10.087096774193547
Tunisia,2025-09,26.436666666666667,79.58999999999999,0.004333333333333333,66.1,10.813333333333333
Tunisia,2025-10,21.148387096774194,70.06129032258065,0.017096774193548388,73.74193548387096,11.40967741935484
Tunisia,2025-11,14.513333333333334,58.13,0.10833333333333334,80.66666666666667,12.093333333333334
Tunisia,2025-12,11.774193548387096,53.196774193548386,0.03225806451612903,95.64516129032258,9.735483870967743
Tunisia,2026-01,10.49,50.88666666666666,0.011666666666666665,89.93333333333334,15.43
Tunisia,2026-02,11.935714285714285,53.496428571428574,0.0075,86.92857142857143,18.467857142857145
Tunisia,2026-03,11.707142857142857,53.08571428571429,0.009285714285714286,95.85714285714286,12.471428571428572
Turkey,2024-05,23.688235294117646,74.63823529411764,0.07941176470588236,43.55882352941177,14.547058823529412
Turkey,2024-06,32.032758620689656,89.65689655172415,0.05224137931034483,29.17241379310345,18.693103448275863
Turkey,2024-07,32.150877192982456,89.87368421052632,0.11333333333333333,32.421052631578945,23.173684210526318
Turkey,2024-08,32.501612903225805,90.49677419354839,0.004838709677419355,26.56451612903226,20.049999999999997
Turkey,2024-09,26.94333333333333,80.49833333333332,0.033166666666666664,41.35,14.553333333333335
Turkey,2024-10,19.766129032258064,67.58548387096775,0.0009677419354838711,45.37096774193548,14.23225806451613
Turkey,2024-11,11.66,52.99166666666667,0.09833333333333333,62.233333333333334,12.773333333333333
Turkey,2024-12,9.316129032258065,48.766129032258064,0.08790322580645162,69.37096774193549,13.046774193548387
Turkey,2025-01,8.759677419354839,47.769354838709674,0.11451612903225807,74.53225806451613,9.101612903225806
Turkey,2025-02,5.119642857142857,41.21785714285714,0.0775,64.30357142857143,14.2875
Turkey,2025-03,13.95483870967742,57.122580645161285,0.016774193548387096,50.66129032258065,16.15806451612903
Turkey,2025-04,13.325,55.98833333333334,0.12216666666666667,61.6,14.445
Turkey,2025-05,20.65806451612903,69.18387096774192,0.05258064516129032,49.96774193548387,15.327419354838709
Turkey,2025-06,25.851666666666667,78.53166666666667,0.026833333333333334,39.55,17.123333333333335
Turkey,2025-07,29.703225806451613,85.47096774193548,0.0,36.596774193548384,15.014516129032257
Turkey,2025-08,26.92096774193548,80.45483870967742,0.0,45.17741935483871,16.1
Turkey,2025-09,21.175,70.11833333333334,0.019000000000000003,55.71666666666667,14.246666666666668
Turkey,2025-10,13.688709677419356,56.645161290322584,0.0717741935483871,79.70967741935483,11.751612903225807
Turkey,2025-11,9.321666666666665,48.781666666666666,0.0325,86.45,7.61
Turkey,2025-12,3.182258064516129,37.730645161290326,0.018225806451612904,91.24193548387096,8.498387096774193
Turkey,2026-01,2.941666666666667,37.29,0.17200000000000001,85.21666666666667,10.943333333333333
Turkey,2026-02,4.933928571428572,40.88214285714286,0.09142857142857143,86.96428571428571,10.164285714285715
Turkey,2026-03,5.254716981132075,41.46037735849057,0.11849056603773583,77.64150943396227,8.492452830188679
Turkmenistan,2024-05,24.941176470588236,76.89411764705882,0.02764705882352941,45.88235294117647,15.141176470588235
Turkmenistan,2024-06,35.35,95.63333333333334,0.02333333333333333,20.766666666666666,16.056666666666665
Turkmenistan,2024-07,37.489285714285714,99.47142857142856,0.08071428571428571,19.571428571428573,15.607142857142858
Turkmenistan,2024-08,36.57741935483871,97.84193548387097,0.0016129032258064516,19.258064516129032,14.612903225806452
Turkmenistan,2024-09,30.040000000000003,86.08,0.0,18.466666666666665,14.34
Turkmenistan,2024-10,21.951612903225808,71.52258064516128,0.0935483870967742,44.483870967741936,13.02258064516129
Turkmenistan,2024-11,15.1,59.18,0.018000000000000002,56.03333333333333,10.576666666666666
Turkmenistan,2024-12,9.138709677419355,48.438709677419354,0.0029032258064516127,52.41935483870968,11.587096774193547
Turkmenistan,2025-01,9.219354838709679,48.599999999999994,0.006129032258064516,56.87096774193548,9.274193548387096
Turkmenistan,2025-02,8.028571428571428,46.45357142857143,0.04357142857142857,61.464285714285715,11.210714285714285
Turkmenistan,2025-03,17.93548387096774,64.29032258064517,0.03612903225806452,41.41935483870968,11.441935483870967
Turkmenistan,2025-04,26.613333333333333,79.90666666666667,0.024,33.266666666666666,16.296666666666667
Turkmenistan,2025-05,31.138709677419353,88.04838709677419,0.025483870967741934,25.258064516129032,15.574193548387097
Turkmenistan,2025-06,33.00333333333334,91.41333333333334,0.005333333333333333,24.066666666666666,16.233333333333334
Turkmenistan,2025-07,36.94193548387097,98.50645161290322,0.0006451612903225806,20.096774193548388,13.422580645161291
Turkmenistan,2025-08,35.21612903225807,95.39354838709677,0.0,19.580645161290324,13.890322580645162
Turkmenistan,2025-09,28.243333333333332,82.83333333333333,0.0003333333333333333,30.5,11.673333333333334
Turkmenistan,2025-10,23.02258064516129,73.44516129032259,0.0,33.193548387096776,12.758064516129032
Turkmenistan,2025-11,17.029999999999998,62.66,0.0,39.43333333333333,11.29
Turkmenistan,2025-12,7.699999999999999,45.86451612903225,0.01967741935483871,81.3225806451613,9.619354838709677
Turkmenistan,2026-01,5.510000000000001,41.919999999999995,0.012,79.7,9.793333333333333
Turkmenistan,2026-02,11.807142857142859,53.25714285714286,0.0067857142857142855,70.39285714285714,10.778571428571428
Turkmenistan,2026-03,12.61111111111111,54.714814814814815,0.04185185185185185,52.851851851851855,11.603703703703705
Turkménistan,2024-07,37.8,100.1,0.0,11.0,22.0
Tuvalu,2024-05,28.69375,83.65,0.51375,85.625,8.21875
Tuvalu,2024-06,28.346666666666668,83.02666666666667,0.463,85.36666666666666,10.756666666666666
Tuvalu,2024-07,28.731034482758623,83.72068965517242,0.3062068965517241,81.96551724137932,16.73103448275862
Tuvalu,2024-08,28.306451612903224,82.96129032258065,0.623225806451613,80.80645161290323,22.725806451612904
Tuvalu,2024-09,28.561290322580643,83.41612903225807,0.48129032258064514,86.7741935483871,18.983870967741936
Tuvalu,2024-10,28.838709677419356,83.90322580645162,0.1235483870967742,84.3225806451613,17.90967741935484
Tuvalu,2024-11,29.17,84.49666666666667,0.6170000000000001,81.06666666666666,13.543333333333333
Tuvalu,2024-12,28.70967741935484,83.66774193548386,0.3125806451612903,80.90322580645162,18.42258064516129
Tuvalu,2025-01,28.53548387096774,83.36774193548388,0.3332258064516129,79.51612903225806,20.5258064516129
Tuvalu,2025-02,28.642857142857142,83.56071428571428,0.3821428571428571,78.78571428571429,23.635714285714283
Tuvalu,2025-03,29.009677419354837,84.22258064516129,0.3538709677419355,80.54838709677419,16.73225806451613
Tuvalu,2025-04,28.523333333333333,83.35666666666665,0.5843333333333334,83.9,14.31
Tuvalu,2025-05,29.103225806451615,84.38709677419355,0.30548387096774193,82.83870967741936,19.46451612903226
Tuvalu,2025-06,28.56,83.41333333333334,0.33866666666666667,84.3,21.116666666666667
Tuvalu,2025-07,28.683870967741935,83.63548387096773,0.3141935483870968,82.06451612903226,23.548387096774192
Tuvalu,2025-08,28.700000000000003,83.66129032258064,0.2593548387096774,80.19354838709677,24.10967741935484
Tuvalu,2025-09,28.279999999999998,82.90666666666668,0.2693333333333333,81.6,24.279999999999998
Tuvalu,2025-10,28.432258064516127,83.19354838709677,0.12741935483870967,82.25806451612904,20.716129032258067
Tuvalu,2025-11,28.873333333333335,83.98333333333333,0.17166666666666666,78.56666666666666,14.996666666666666
Tuvalu,2025-12,29.406451612903226,84.93548387096774,0.14129032258064517,76.58064516129032,12.97741935483871
Tuvalu,2026-01,28.853333333333335,83.93666666666667,0.7973333333333333,79.3,21.863333333333333
Tuvalu,2026-02,28.935714285714287,84.09285714285714,0.2814285714285714,78.10714285714286,18.86785714285714
Tuvalu,2026-03,28.97407407407407,84.15555555555555,0.34925925925925927,82.51851851851852,15.244444444444445
USA United States of America,2024-06,24.53333333333333,76.16666666666667,0.53,66.0,12.933333333333332
Uganda,2024-05,26.105882352941176,78.99411764705883,0.02411764705882353,66.52941176470588,16.729411764705883
Uganda,2024-06,25.89333333333333,78.61,0.018666666666666665,64.13333333333334,19.206666666666667
Uganda,2024-07,26.75,80.16071428571429,0.015,50.785714285714285,14.360714285714286
Uganda,2024-08,26.529032258064515,79.74516129032257,0.024838709677419354,45.70967741935484,13.561290322580644
Uganda,2024-09,27.413333333333334,81.35666666666665,0.07533333333333332,51.5,11.273333333333333
Uganda,2024-10,27.148387096774194,80.87096774193549,0.15838709677419355,54.67741935483871,7.296774193548386
Uganda,2024-11,24.506666666666668,76.09333333333333,0.2906666666666667,70.73333333333333,6.9
Uganda,2024-12,27.251612903225805,81.05806451612904,0.19516129032258064,52.74193548387097,8.374193548387098
Uganda,2025-01,27.874193548387098,82.19032258064516,0.010967741935483872,53.0,8.303225806451612
Uganda,2025-02,30.139285714285712,86.25357142857142,0.0007142857142857143,44.25,13.457142857142857
Uganda,2025-03,26.5,79.69677419354838,0.12193548387096775,62.45161290322581,10.025806451612903
Uganda,2025-04,24.116666666666667,75.41333333333334,0.3173333333333333,75.56666666666666,8.526666666666667
Uganda,2025-05,24.490322580645163,76.08064516129032,0.5641935483870968,74.3225806451613,9.770967741935483
Uganda,2025-06,24.529999999999998,76.15666666666667,0.12400000000000001,71.36666666666666,10.973333333333333
Uganda,2025-07,24.335483870967742,75.80322580645162,0.09322580645161291,71.41935483870968,8.696774193548388
Uganda,2025-08,24.203225806451613,75.56774193548387,0.2132258064516129,66.03225806451613,7.816129032258065
Uganda,2025-09,25.85,78.53333333333333,0.07066666666666667,61.5,6.926666666666667
Uganda,2025-10,24.251612903225805,75.64838709677419,0.1406451612903226,69.16129032258064,6.693548387096774
Uganda,2025-11,23.926666666666666,75.07333333333332,0.145,73.53333333333333,5.596666666666667
Uganda,2025-12,23.09032258064516,73.56451612903226,0.18354838709677418,76.06451612903226,6.04516129032258
Uganda,2026-01,24.283333333333335,75.71000000000001,0.011666666666666665,72.6,7.623333333333333
Uganda,2026-02,22.307142857142857,72.15357142857142,0.17821428571428571,81.42857142857143,5.957142857142857
Uganda,2026-03,21.29642857142857,70.33571428571429,0.36500000000000005,90.96428571428571,4.589285714285714
Ukraine,2024-05,19.858823529411765,67.72941176470589,0.15,53.1764705882353,12.200000000000001
Ukraine,2024-06,23.78666666666667,74.82,0.20166666666666666,58.166666666666664,13.4
Ukraine,2024-07,30.49655172413793,86.90689655172415,0.014827586206896552,31.96551724137931,13.196551724137931
Ukraine,2024-08,29.606451612903225,85.28387096774195,0.0006451612903225806,26.387096774193548,12.845161290322581
Ukraine,2024-09,26.02,78.83,0.003,27.566666666666666,18.413333333333334
Ukraine,2024-10,13.935483870967742,57.07419354838709,0.024838709677419354,55.25806451612903,14.616129032258065
Ukraine,2024-11,3.9099999999999997,39.02333333333333,0.068,68.73333333333333,15.28
Ukraine,2024-12,1.7483870967741937,35.15483870967742,0.10096774193548387,78.96774193548387,14.803225806451612
Ukraine,2025-01,3.47741935483871,38.274193548387096,0.012903225806451613,74.0,15.22258064516129
Ukraine,2025-02,-1.5785714285714287,29.167857142857144,0.004642857142857143,60.607142857142854,11.403571428571428
Ukraine,2025-03,8.7,47.66451612903226,0.005806451612903225,57.806451612903224,15.938709677419356
Ukraine,2025-04,13.636666666666667,56.55333333333333,0.06899999999999999,42.266666666666666,15.643333333333334
Ukraine,2025-05,15.058064516129033,59.08709677419355,0.10709677419354838,58.58064516129032,14.596774193548388
Ukraine,2025-06,20.746666666666666,69.35333333333332,0.05500000000000001,56.766666666666666,19.553333333333335
Ukraine,2025-07,25.274193548387096,77.49677419354839,0.13193548387096773,48.29032258064516,14.09032258064516
Ukraine,2025-08,23.806451612903224,74.85483870967742,0.00870967741935484,40.45161290322581,12.548387096774194
Ukraine,2025-09,19.69,67.42666666666666,0.02366666666666667,42.03333333333333,13.983333333333333
Ukraine,2025-10,9.641935483870967,49.33870967741935,0.08774193548387096,68.16129032258064,14.77741935483871
Ukraine,2025-11,6.403333333333333,43.53666666666666,0.01,80.3,11.483333333333333
Ukraine,2025-12,0.567741935483871,33.012903225806454,0.03354838709677419,80.87096774193549,12.525806451612903
Ukraine,2026-01,-9.126666666666667,15.553333333333335,0.10233333333333333,93.86666666666666,12.613333333333333
Ukraine,2026-02,-8.392857142857142,16.882142857142856,0.03928571428571429,93.89285714285714,11.153571428571428
Ukraine,2026-03,2.935714285714286,37.267857142857146,0.0010714285714285715,78.5,10.232142857142858
United Arab Emirates,2024-05,35.35294117647059,95.63529411764705,0.0,39.23529411764706,15.876470588235293
United Arab Emirates,2024-06,37.61333333333334,99.70333333333333,0.0,43.56666666666667,19.52
United Arab Emirates,2024-07,37.50344827586206,99.51724137931035,0.0,51.172413793103445,20.56206896551724
United Arab Emirates,2024-08,37.63870967741936,99.75806451612904,0.0,55.03225806451613,19.37741935483871
United Arab Emirates,2024-09,38.88,101.99,0.0,38.63333333333333,16.63
United Arab Emirates,2024-10,32.270967741935486,90.06774193548387,0.0,52.935483870967744,15.567741935483872
United Arab Emirates,2024-11,29.083333333333332,84.34666666666666,0.0,55.833333333333336,14.096666666666666
United Arab Emirates,2024-12,24.164516129032258,75.49354838709678,0.0029032258064516127,53.38709677419355,17.203225806451613
United Arab Emirates,2025-01,23.296774193548387,73.9483870967742,0.0,47.67741935483871,19.725806451612904
United Arab Emirates,2025-02,25.42142857142857,77.76428571428572,0.00035714285714285714,47.714285714285715,18.849999999999998
United Arab Emirates,2025-03,29.470967741935485,85.04516129032258,0.0,32.064516129032256,16.9741935483871
United Arab Emirates,2025-04,36.04666666666667,96.89,0.0,21.933333333333334,15.106666666666666
United Arab Emirates,2025-05,39.245161290322585,102.65483870967742,0.0,25.64516129032258,18.961290322580645
United Arab Emirates,2025-06,38.21,100.77666666666667,0.0,36.36666666666667,18.37
United Arab Emirates,2025-07,40.99677419354839,105.79677419354839,0.0,33.935483870967744,15.32258064516129
United Arab Emirates,2025-08,41.71290322580645,107.08709677419354,0.0,27.06451612903226,11.316129032258065
United Arab Emirates,2025-09,38.26,100.86666666666666,0.0,39.833333333333336,11.383333333333333
United Arab Emirates,2025-10,33.5516129032258,92.39032258064516,0.0,44.483870967741936,9.02258064516129
United Arab Emirates,2025-11,28.80666666666667,83.85666666666665,0.0,45.733333333333334,7.8100000000000005
United Arab Emirates,2025-12,24.216129032258067,75.6,0.0006451612903225806,52.41935483870968,14.561290322580644
United Arab Emirates,2026-01,21.976666666666667,71.55666666666666,0.0016666666666666668,52.46666666666667,15.646666666666667
United Arab Emirates,2026-02,24.11785714285714,75.41785714285713,0.0,52.32142857142857,10.853571428571428
United Arab Emirates,2026-03,25.674074074074074,78.21481481481482,0.004074074074074074,55.25925925925926,16.814814814814813
United Kingdom,2024-05,17.058823529411764,62.705882352941174,0.14529411764705882,65.47058823529412,15.741176470588236
United Kingdom,2024-06,19.71034482758621,67.48965517241379,0.06724137931034484,50.10344827586207,17.772413793103446
United Kingdom,2024-07,20.95357142857143,69.71071428571429,0.061785714285714284,60.32142857142857,15.242857142857144
United Kingdom,2024-08,22.38064516129032,72.29032258064517,0.012903225806451613,55.25806451612903,17.351612903225806
United Kingdom,2024-09,17.209999999999997,62.970000000000006,0.09433333333333334,73.36666666666666,15.856666666666666
United Kingdom,2024-10,12.86774193548387,55.167741935483875,0.11709677419354839,86.74193548387096,12.925806451612903
United Kingdom,2024-11,8.133333333333333,46.64,0.13399999999999998,87.36666666666666,11.666666666666666
United Kingdom,2024-12,7.635483870967741,45.73870967741936,0.04516129032258064,86.16129032258064,15.932258064516128
United Kingdom,2025-01,4.490322580645161,40.08709677419355,0.07612903225806451,88.25806451612904,11.548387096774194
United Kingdom,2025-02,5.846428571428571,42.525,0.06821428571428571,86.5,13.471428571428572
United Kingdom,2025-03,8.46774193548387,47.248387096774195,0.03064516129032258,76.74193548387096,10.935483870967742
United Kingdom,2025-04,11.92,53.45666666666667,0.003,68.56666666666666,13.763333333333332
United Kingdom,2025-05,14.958064516129031,58.91935483870968,0.01838709677419355,66.80645161290323,15.183870967741935
United Kingdom,2025-06,18.81,65.86,0.11666666666666667,69.13333333333334,15.266666666666667
United Kingdom,2025-07,19.76451612903226,67.5741935483871,0.058064516129032254,69.38709677419355,11.219354838709679
United Kingdom,2025-08,17.596774193548388,63.68064516129032,0.11741935483870967,74.93548387096774,12.558064516129033
United Kingdom,2025-09,13.446666666666665,56.20666666666667,0.192,86.23333333333333,15.793333333333333
United Kingdom,2025-10,10.95483870967742,51.71935483870968,0.038387096774193545,88.58064516129032,13.948387096774193
United Kingdom,2025-11,8.74,47.74333333333333,0.24266666666666664,89.86666666666666,15.073333333333332
United Kingdom,2025-12,6.819354838709677,44.277419354838706,0.04870967741935484,89.19354838709677,14.983870967741936
United Kingdom,2026-01,4.05,39.29,0.22566666666666665,92.96666666666667,14.036666666666667
United Kingdom,2026-02,7.096428571428571,44.771428571428565,0.04785714285714286,91.92857142857143,14.178571428571429
United Kingdom,2026-03,6.025925925925925,42.84814814814815,0.015185185185185187,88.0,11.651851851851852
United States of America,2024-05,10.347058823529412,50.62352941176471,0.0,62.294117647058826,15.358823529411765
United States of America,2024-06,11.24,52.24333333333333,0.03833333333333333,86.1,9.05
United States of America,2024-07,11.292592592592591,52.32592592592592,0.008888888888888889,94.92592592592592,10.207407407407409
United States of America,2024-08,11.361290322580645,52.4483870967742,0.09225806451612903,91.70967741935483,6.896774193548388
United States of America,2024-09,11.176666666666668,52.12,0.008,96.33333333333333,6.6466666666666665
United States of America,2024-10,8.506666666666666,47.31333333333334,0.1673333333333333,93.66666666666667,6.430000000000001
United States of America,2024-11,6.755172413793104,44.16206896551724,0.0,93.93103448275862,9.027586206896553
United States of America,2024-12,5.880645161290323,42.593548387096774,0.0,93.16129032258064,8.238709677419354
United States of America,2025-01,3.7866666666666666,38.82666666666667,0.054000000000000006,89.86666666666666,5.383333333333334
United States of America,2025-02,3.132142857142857,37.635714285714286,0.19785714285714287,92.14285714285714,9.153571428571428
United States of America,2025-03,6.248387096774193,43.251612903225805,0.07129032258064516,93.54838709677419,7.487096774193549
United States of America,2025-04,7.91,46.236666666666665,0.0,84.53333333333333,9.193333333333333
United States of America,2025-05,9.493333333333334,49.1,0.04933333333333333,84.86666666666666,9.116666666666667
United States of America,2025-06,10.99,51.78333333333333,0.0,86.4,9.543333333333333
United States of America,2025-07,12.648387096774194,54.770967741935486,0.0,86.45161290322581,12.53225806451613
United States of America,2025-08,14.803225806451614,58.62580645161291,0.0,83.80645161290323,9.103225806451613
United States of America,2025-09,12.583333333333334,54.63333333333333,0.0,91.5,7.6466666666666665
United States of America,2025-10,9.16451612903226,48.49354838709677,0.08612903225806451,87.35483870967742,6.896774193548388
United States of America,2025-11,7.241935483870968,45.04516129032258,0.13419354838709677,91.09677419354838,6.66774193548387
United States of America,2025-12,5.6,42.08064516129032,0.09096774193548388,91.12903225806451,8.048387096774194
United States of America,2026-01,5.4896551724137925,41.87586206896552,0.0006896551724137932,91.10344827586206,6.69655172413793
United States of America,2026-02,4.867857142857143,40.75714285714286,0.026428571428571423,92.64285714285714,6.7
United States of America,2026-03,6.56,43.808,0.1972,85.76,8.996
Uruguay,2024-05,11.941176470588236,53.49411764705882,0.008823529411764706,78.11764705882354,14.91764705882353
Uruguay,2024-06,13.463333333333333,56.22666666666667,0.09233333333333334,81.76666666666667,16.033333333333335
Uruguay,2024-07,7.541379310344827,45.57586206896552,0.0006896551724137932,81.65517241379311,10.379310344827585
Uruguay,2024-08,10.416129032258064,50.76129032258064,0.13129032258064516,82.93548387096774,18.74516129032258
Uruguay,2024-09,12.55,54.59666666666667,0.058,87.2,16.04
Uruguay,2024-10,14.203225806451613,57.564516129032256,0.0025806451612903226,91.64516129032258,14.203225806451613
Uruguay,2024-11,16.71333333333333,62.083333333333336,0.08466666666666667,89.2,16.543333333333333
Uruguay,2024-12,17.580645161290324,63.63870967741936,0.03387096774193549,77.45161290322581,17.35483870967742
Uruguay,2025-01,20.336666666666666,68.61,0.004,82.3,15.636666666666667
Uruguay,2025-02,20.814285714285713,69.46785714285714,0.03392857142857143,90.21428571428571,15.853571428571428
Uruguay,2025-03,18.883870967741935,65.99677419354839,0.14161290322580647,91.2258064516129,14.870967741935484
Uruguay,2025-04,13.84,56.92666666666666,0.18066666666666667,88.5,15.206666666666667
Uruguay,2025-05,13.003225806451614,55.41290322580645,0.4183870967741935,90.64516129032258,15.583870967741934
Uruguay,2025-06,6.956666666666666,44.52333333333333,0.089,91.16666666666667,15.086666666666668
Uruguay,2025-07,7.970967741935484,46.34193548387096,0.024516129032258065,94.54838709677419,14.680645161290323
Uruguay,2025-08,9.812903225806451,49.667741935483875,0.13999999999999999,86.74193548387096,16.393548387096775
Uruguay,2025-09,10.97,51.74666666666667,0.057,92.4,14.719999999999999
Uruguay,2025-10,13.838709677419354,56.89677419354839,0.056451612903225805,86.45161290322581,16.40967741935484
Uruguay,2025-11,14.923333333333334,58.86666666666667,0.034333333333333334,82.2,16.13
Uruguay,2025-12,20.061290322580643,68.10645161290323,0.05161290322580645,82.70967741935483,15.861290322580645
Uruguay,2026-01,19.646666666666665,67.36,0.07233333333333333,86.8,18.976666666666667
Uruguay,2026-02,19.77857142857143,67.6,0.02035714285714286,86.53571428571429,16.067857142857143
Uruguay,2026-03,18.803703703703704,65.85555555555555,0.004814814814814815,86.70370370370371,16.692592592592593
Uzbekistan,2024-05,23.764705882352942,74.7764705882353,0.005294117647058823,43.529411764705884,13.75294117647059
Uzbekistan,2024-06,33.873333333333335,92.98,0.0013333333333333333,19.866666666666667,14.79
Uzbekistan,2024-07,35.93448275862069,96.67241379310344,0.0020689655172413794,17.482758620689655,16.29310344827586
Uzbekistan,2024-08,35.52903225806452,95.95483870967742,0.0,15.935483870967742,15.509677419354839
Uzbekistan,2024-09,28.25,82.85666666666665,0.0,19.933333333333334,13.376666666666667
Uzbekistan,2024-10,20.919354838709676,69.66129032258064,0.12580645161290324,36.225806451612904,8.687096774193549
Uzbekistan,2024-11,14.286666666666667,57.71666666666667,0.10266666666666667,47.0,7.006666666666666
Uzbekistan,2024-12,4.696774193548387,40.4483870967742,0.024516129032258065,56.225806451612904,5.990322580645161
Uzbekistan,2025-01,7.225806451612903,45.00645161290323,0.006774193548387097,50.354838709677416,5.967741935483871
Uzbekistan,2025-02,9.903571428571428,49.83571428571429,0.0014285714285714286,48.107142857142854,6.953571428571428
Uzbekistan,2025-03,16.5,61.696774193548386,0.1067741935483871,40.25806451612903,7.980645161290322
Uzbekistan,2025-04,25.733333333333334,78.33,0.0003333333333333333,30.4,9.6
Uzbekistan,2025-05,32.00967741935484,89.61290322580645,0.0,19.967741935483872,12.625806451612902
Uzbekistan,2025-06,34.80333333333333,94.64,0.0016666666666666668,18.3,10.24
Uzbekistan,2025-07,37.21290322580645,98.99032258064516,0.0,16.387096774193548,11.461290322580645
Uzbekistan,2025-08,34.05806451612903,93.30645161290323,0.0,19.451612903225808,11.906451612903227
Uzbekistan,2025-09,28.966666666666665,84.14666666666668,0.0,22.066666666666666,10.32
Uzbekistan,2025-10,22.94516129032258,73.30645161290323,0.0,25.0,8.0
Uzbekistan,2025-11,14.573333333333332,58.24333333333333,0.006,36.93333333333333,5.653333333333333
Uzbekistan,2025-12,7.916129032258064,46.248387096774195,0.19774193548387095,65.90322580645162,6.761290322580645
Uzbekistan,2026-01,5.8100000000000005,42.443333333333335,0.13366666666666666,70.36666666666666,6.333333333333333
Uzbekistan,2026-02,11.785714285714286,53.214285714285715,0.14107142857142857,50.285714285714285,6.614285714285714
Uzbekistan,2026-03,13.1,55.574999999999996,0.20857142857142857,46.92857142857143,6.675
Vanuatu,2024-05,23.175,73.70625,0.139375,88.5,10.86875
Vanuatu,2024-06,22.736666666666668,72.93666666666667,0.052333333333333336,90.73333333333333,8.263333333333334
Vanuatu,2024-07,22.57241379310345,72.62068965517241,0.10862068965517241,84.79310344827586,12.679310344827586
Vanuatu,2024-08,21.532258064516128,70.75161290322582,0.03064516129032258,85.12903225806451,15.609677419354838
Vanuatu,2024-09,22.503333333333334,72.50333333333333,0.07833333333333334,89.7,15.833333333333334
Vanuatu,2024-10,23.483870967741936,74.2741935483871,0.08290322580645161,88.64516129032258,19.148387096774194
Vanuatu,2024-11,24.91,76.84666666666666,0.21166666666666664,89.4,19.826666666666664
Vanuatu,2024-12,26.019354838709678,78.83225806451614,0.35096774193548386,87.38709677419355,13.59032258064516
Vanuatu,2025-01,25.51290322580645,77.9258064516129,0.30709677419354836,93.3225806451613,12.67741935483871
Vanuatu,2025-02,26.50357142857143,79.70714285714287,0.7642857142857142,91.57142857142857,19.25
Vanuatu,2025-03,25.874193548387098,78.5741935483871,0.5145161290322581,93.16129032258064,13.564516129032258
Vanuatu,2025-04,25.936666666666667,78.68666666666667,0.36466666666666664,92.23333333333333,12.963333333333333
Vanuatu,2025-05,24.458064516129035,76.03225806451613,0.4167741935483871,91.09677419354838,20.67096774193548
Vanuatu,2025-06,23.716666666666665,74.69333333333334,0.10233333333333335,89.83333333333333,19.56
Vanuatu,2025-07,22.603225806451615,72.69032258064516,0.18258064516129033,88.7741935483871,18.335483870967742
Vanuatu,2025-08,23.529032258064515,74.35806451612903,0.13548387096774195,83.80645161290323,17.08709677419355
Vanuatu,2025-09,23.796666666666667,74.83666666666666,0.057666666666666665,83.13333333333334,22.87
Vanuatu,2025-10,25.641935483870967,78.14838709677419,0.11161290322580646,80.54838709677419,17.88064516129032
Vanuatu,2025-11,27.186666666666667,80.94,0.141,77.43333333333334,12.933333333333334
Vanuatu,2025-12,28.403225806451612,83.13548387096773,0.24483870967741936,73.0,17.358064516129033
Vanuatu,2026-01,28.796666666666667,83.84333333333333,0.233,77.73333333333333,19.10666666666667
Vanuatu,2026-02,28.88214285714286,83.98928571428571,0.32392857142857145,82.57142857142857,13.682142857142859
Vanuatu,2026-03,28.37142857142857,83.06428571428572,0.5471428571428572,84.10714285714286,11.185714285714285
Vatican City,2024-05,23.941176470588236,75.09411764705882,0.0005882352941176471,53.11764705882353,16.370588235294118
Vatican City,2024-06,29.23,84.61,0.021666666666666667,39.03333333333333,17.516666666666666
Vatican City,2024-07,34.272413793103446,93.69310344827586,0.0020689655172413794,33.13793103448276,16.779310344827586
Vatican City,2024-08,34.71935483870968,94.51290322580645,0.0025806451612903226,34.70967741935484,13.729032258064517
Vatican City,2024-09,25.493333333333332,77.89666666666668,0.12766666666666668,56.43333333333333,10.666666666666666
Vatican City,2024-10,20.883870967741935,69.58064516129032,0.13419354838709677,72.80645161290323,9.399999999999999
Vatican City,2024-11,13.923333333333334,57.07,0.013333333333333334,74.76666666666667,9.06
Vatican City,2024-12,10.24516129032258,50.4483870967742,0.09903225806451613,70.06451612903226,10.33548387096774
Vatican City,2025-01,12.019354838709678,53.645161290322584,0.07709677419354839,75.25806451612904,13.17741935483871
Vatican City,2025-02,11.396428571428572,52.51428571428572,0.04964285714285715,76.78571428571429,7.596428571428571
Vatican City,2025-03,13.738709677419356,56.722580645161294,0.06935483870967742,72.93548387096774,9.980645161290322
Vatican City,2025-04,16.96333333333333,62.529999999999994,0.05533333333333334,68.9,9.96
Vatican City,2025-05,20.44516129032258,68.80322580645162,0.08096774193548387,64.06451612903226,9.72258064516129
Vatican City,2025-06,28.506666666666668,83.31666666666666,0.007,46.833333333333336,8.99
Vatican City,2025-07,28.509677419354837,83.31935483870969,0.04387096774193549,49.12903225806452,10.761290322580646
Vatican City,2025-08,27.212903225806453,80.98064516129033,0.09064516129032257,56.70967741935484,8.287096774193548
Vatican City,2025-09,22.103333333333335,71.78333333333333,0.219,73.1,8.403333333333332
Vatican City,2025-10,15.803225806451612,60.45161290322581,0.014193548387096777,73.03225806451613,9.464516129032257
Vatican City,2025-11,10.416666666666666,50.75,0.161,86.2,8.74
Vatican City,2025-12,6.948387096774193,44.50967741935484,0.03967741935483871,88.64516129032258,8.07741935483871
Vatican City,2026-01,7.1899999999999995,44.940000000000005,0.34700000000000003,88.43333333333334,8.963333333333333
Vatican City,2026-02,9.182142857142859,48.525,0.19999999999999998,87.53571428571429,9.732142857142858
Vatican City,2026-03,8.942857142857143,48.1,0.008928571428571428,83.5,8.35
Venezuela,2024-05,28.53529411764706,83.36470588235295,0.19705882352941176,76.47058823529412,7.352941176470588
Venezuela,2024-06,27.283333333333335,81.11666666666666,0.17833333333333332,79.56666666666666,7.726666666666666
Venezuela,2024-07,24.862068965517242,76.7551724137931,0.06241379310344828,78.3103448275862,6.341379310344828
Venezuela,2024-08,24.774193548387096,76.6032258064516,0.023870967741935485,75.06451612903226,5.880645161290323
Venezuela,2024-09,26.896666666666665,80.41333333333334,0.08633333333333333,76.1,6.136666666666667
Venezuela,2024-10,18.983333333333334,66.17333333333333,0.09366666666666666,91.43333333333334,4.75
Venezuela,2024-11,17.92758620689655,64.28275862068966,0.07172413793103448,92.06896551724138,4.120689655172414
Venezuela,2024-12,17.374193548387098,63.270967741935486,0.01,90.90322580645162,4.761290322580645
Venezuela,2025-01,21.93,71.47666666666667,0.023666666666666666,76.4,4.623333333333333
Venezuela,2025-02,23.65357142857143,74.57857142857142,0.0,71.64285714285714,5.396428571428571
Venezuela,2025-03,23.896774193548385,75.02580645161291,0.04129032258064516,75.2258064516129,4.825806451612903
Venezuela,2025-04,24.21333333333333,75.59666666666666,0.06699999999999999,80.06666666666666,4.85
Venezuela,2025-05,25.419354838709676,77.75806451612904,0.31,81.41935483870968,5.72258064516129
Venezuela,2025-06,24.56,76.21333333333334,0.11866666666666667,82.1,6.15
Venezuela,2025-07,22.251612903225805,72.05806451612904,0.041935483870967745,88.16129032258064,5.877419354838709
Venezuela,2025-08,23.05483870967742,73.49354838709678,0.3925806451612903,89.80645161290323,5.725806451612903
Venezuela,2025-09,23.186666666666667,73.74,0.106,89.03333333333333,5.733333333333333
Venezuela,2025-10,24.861290322580647,76.75483870967743,0.0661290322580645,82.41935483870968,5.158064516129032
Venezuela,2025-11,23.696666666666665,74.65666666666667,0.007333333333333333,85.06666666666666,4.786666666666666
Venezuela,2025-12,24.103225806451615,75.39032258064516,0.0,76.41935483870968,4.709677419354839
Venezuela,2026-01,23.336666666666666,74.01333333333334,0.009000000000000001,80.9,4.913333333333333
Venezuela,2026-02,20.34642857142857,68.62142857142858,0.020357142857142855,85.32142857142857,5.3428571428571425
Venezuela,2026-03,17.04285714285714,62.660714285714285,0.0007142857142857143,87.96428571428571,4.578571428571428
Vietnam,2024-05,28.41176470588235,83.14117647058823,0.361764705882353,83.58823529411765,10.347058823529412
Vietnam,2024-06,28.955882352941178,84.13235294117646,0.8947058823529411,83.11764705882354,10.055882352941175
Vietnam,2024-07,27.649019607843137,81.76470588235294,0.4492156862745098,87.90196078431373,9.02156862745098
Vietnam,2024-08,27.574193548387097,81.64516129032258,0.2014516129032258,86.37096774193549,8.059677419354838
Vietnam,2024-09,27.925,82.27,1.024,84.16666666666667,7.9783333333333335
Vietnam,2024-10,28.26451612903226,82.88387096774194,0.06048387096774194,63.61290322580645,8.04516129032258
Vietnam,2024-11,26.506666666666668,79.70833333333333,0.030166666666666668,57.7,7.28
Vietnam,2024-12,19.67096774193548,67.40483870967742,0.007580645161290323,66.87096774193549,7.962903225806452
Vietnam,2025-01,20.603225806451615,69.08870967741936,0.0016129032258064516,52.96774193548387,9.296774193548387
Vietnam,2025-02,20.285714285714285,68.5125,0.016964285714285716,70.60714285714286,9.489285714285714
Vietnam,2025-03,26.31935483870968,79.37741935483871,0.023709677419354837,52.70967741935484,12.088709677419354
Vietnam,2025-04,29.418333333333333,84.95333333333333,0.15183333333333332,59.13333333333333,11.956666666666667
Vietnam,2025-05,30.67258064516129,87.21129032258065,0.3785483870967742,66.30645161290323,9.70483870967742
Vietnam,2025-06,31.128333333333334,88.03500000000001,0.4711666666666667,73.35,7.861666666666666
Vietnam,2025-07,31.356451612903225,88.43870967741935,0.7669354838709677,74.74193548387096,6.558064516129033
Vietnam,2025-08,31.076470588235296,87.93921568627451,0.5050980392156863,73.31372549019608,7.837254901960784
Vietnam,2025-09,31.876666666666665,89.38000000000001,0.7390000000000001,68.96666666666667,11.056666666666667
Vietnam,2025-10,28.838709677419356,83.91290322580646,0.22516129032258067,67.93548387096774,12.05483870967742
Vietnam,2025-11,24.34333333333333,75.80666666666666,0.06233333333333334,60.96666666666667,11.263333333333332
Vietnam,2025-12,24.037142857142857,75.26857142857143,0.12428571428571428,63.31428571428572,9.6
Vietnam,2026-01,22.272727272727273,72.09545454545454,0.011136363636363637,63.52272727272727,12.252272727272727
Vietnam,2026-02,24.723684210526315,76.50263157894737,0.011842105263157895,68.92105263157895,14.923684210526316
Vietnam,2026-03,27.106060606060606,80.78181818181818,0.016666666666666663,63.696969696969695,14.866666666666667
Yemen,2024-05,26.3,79.31176470588235,0.02,20.235294117647058,20.570588235294117
Yemen,2024-06,26.836666666666666,80.32,0.033,20.4,20.90666666666667
Yemen,2024-07,24.553571428571427,76.20714285714287,0.22999999999999998,34.785714285714285,14.332142857142857
Yemen,2024-08,23.703225806451613,74.68709677419355,0.42451612903225805,42.70967741935484,12.332258064516129
Yemen,2024-09,25.44,77.8,0.014333333333333333,19.8,19.56
Yemen,2024-10,22.44516129032258,72.4,0.01870967741935484,24.93548387096774,13.119354838709677
Yemen,2024-11,19.896666666666665,67.82333333333334,0.0006666666666666666,24.666666666666668,5.876666666666667
Yemen,2024-12,20.838709677419356,69.51290322580645,0.0012903225806451613,16.451612903225808,7.270967741935484
Yemen,2025-01,20.493548387096773,68.90322580645162,0.0,20.677419354838708,8.2
Yemen,2025-02,23.217857142857145,73.78214285714286,0.0,16.428571428571427,11.082142857142857
Yemen,2025-03,22.296774193548387,72.13225806451612,0.009677419354838712,25.774193548387096,12.02258064516129
Yemen,2025-04,23.873333333333335,74.97333333333333,0.006666666666666667,18.666666666666668,11.723333333333333
Yemen,2025-05,25.783870967741933,78.42903225806452,0.00870967741935484,15.709677419354838,16.40967741935484
Yemen,2025-06,26.89333333333333,80.41333333333334,0.0,12.4,16.976666666666667
Yemen,2025-07,27.151612903225807,80.88709677419355,0.0,17.419354838709676,15.422580645161291
Yemen,2025-08,24.664516129032258,76.4,0.08290322580645161,32.03225806451613,15.47741935483871
Yemen,2025-09,23.563333333333333,74.41333333333334,0.054000000000000006,27.766666666666666,18.470000000000002
Yemen,2025-10,19.29032258064516,66.7290322580645,0.0,21.64516129032258,10.167741935483871
Yemen,2025-11,16.29,61.330000000000005,0.0,25.333333333333332,5.216666666666667
Yemen,2025-12,16.616129032258065,61.92903225806452,0.000967741935483871,31.0,5.558064516129033
Yemen,2026-01,15.74,60.343333333333334,0.0,26.866666666666667,5.246666666666667
Yemen,2026-02,16.160714285714285,61.082142857142856,0.0,25.392857142857142,5.117857142857143
Yemen,2026-03,17.967857142857145,64.33571428571429,0.011428571428571429,44.92857142857143,8.721428571428572
Zambia,2024-05,23.91176470588235,75.04705882352941,0.0,32.11764705882353,13.723529411764707
Zambia,2024-06,24.14,75.44666666666667,0.0003333333333333333,27.5,12.396666666666668
Zambia,2024-07,27.67241379310345,81.82068965517242,0.0,14.03448275862069,10.33448275862069
Zambia,2024-08,28.27741935483871,82.89354838709677,0.0,15.612903225806452,13.95483870967742
Zambia,2024-09,30.13,86.24,0.0006666666666666666,19.366666666666667,14.59
Zambia,2024-10,29.187096774193552,84.53870967741935,0.007741935483870968,26.225806451612904,14.490322580645161
Zambia,2024-11,28.566666666666666,83.41333333333334,0.09866666666666667,40.6,13.08
Zambia,2024-12,31.112903225806452,88.00645161290322,0.15677419354838712,32.67741935483871,11.035483870967743
Zambia,2025-01,23.358064516129033,74.01935483870967,0.6087096774193549,73.09677419354838,9.996774193548386
Zambia,2025-02,23.575,74.43928571428572,0.5160714285714285,75.64285714285714,9.892857142857142
Zambia,2025-03,23.503225806451614,74.3258064516129,0.13354838709677422,67.25806451612904,12.325806451612904
Zambia,2025-04,23.626666666666665,74.52,0.039,60.833333333333336,14.45
Zambia,2025-05,21.729032258064517,71.12258064516129,0.005806451612903226,49.45161290322581,14.63225806451613
Zambia,2025-06,21.456666666666667,70.6,0.0,40.36666666666667,13.59
Zambia,2025-07,19.29032258064516,66.72258064516129,0.0032258064516129032,42.54838709677419,16.9741935483871
Zambia,2025-08,22.44193548387097,72.40322580645162,0.0,26.548387096774192,15.529032258064515
Zambia,2025-09,27.05666666666667,80.71333333333334,0.0,23.433333333333334,17.5
Zambia,2025-10,27.34193548387097,81.22258064516129,0.0,30.419354838709676,17.751612903225805
Zambia,2025-11,24.226666666666667,75.61666666666666,0.14966666666666667,56.4,13.31
Zambia,2025-12,21.003225806451614,69.81935483870969,0.18774193548387097,77.87096774193549,11.332258064516129
Zambia,2026-01,20.77,69.37333333333332,0.27133333333333337,83.43333333333334,10.303333333333335
Zambia,2026-02,19.482142857142858,67.075,0.14285714285714285,88.39285714285714,9.639285714285714
Zambia,2026-03,18.70740740740741,65.67777777777778,0.16037037037037039,92.22222222222223,10.74074074074074
Zimbabwe,2024-05,23.170588235294115,73.70588235294117,0.0,24.294117647058822,11.117647058823529
Zimbabwe,2024-06,22.403333333333332,72.33,0.001,25.2,10.613333333333333
Zimbabwe,2024-07,25.81111111111111,78.46666666666667,0.0,12.148148148148149,7.133333333333333
Zimbabwe,2024-08,26.593548387096774,79.88064516129033,0.0,13.580645161290322,10.112903225806452
Zimbabwe,2024-09,28.40666666666667,83.13000000000001,0.0,17.366666666666667,13.05
Zimbabwe,2024-10,26.67096774193548,80.0,0.0070967741935483875,26.806451612903224,12.90967741935484
Zimbabwe,2024-11,27.383333333333333,81.28999999999999,0.081,36.3,11.79
Zimbabwe,2024-12,29.393548387096775,84.8967741935484,0.17129032258064517,31.483870967741936,11.996774193548386
Zimbabwe,2025-01,23.37741935483871,74.05483870967741,0.38129032258064516,65.51612903225806,11.880645161290323
Zimbabwe,2025-02,24.857142857142858,76.75357142857142,0.3653571428571429,59.17857142857143,9.921428571428573
Zimbabwe,2025-03,24.093548387096774,75.38387096774194,0.1538709677419355,52.96774193548387,8.832258064516129
Zimbabwe,2025-04,23.133333333333333,73.63333333333334,0.12033333333333333,54.1,9.870000000000001
Zimbabwe,2025-05,20.916129032258063,69.64838709677419,0.0032258064516129032,39.354838709677416,10.119354838709677
Zimbabwe,2025-06,19.64,67.35333333333332,0.0,37.7,10.693333333333333
Zimbabwe,2025-07,17.603225806451615,63.667741935483875,0.0,38.96774193548387,10.980645161290322
Zimbabwe,2025-08,20.258064516129032,68.47741935483872,0.0,25.774193548387096,12.44516129032258
Zimbabwe,2025-09,24.78666666666667,76.6,0.009333333333333334,23.333333333333332,14.41
Zimbabwe,2025-10,24.874193548387098,76.78064516129032,0.0064516129032258064,31.741935483870968,14.387096774193548
Zimbabwe,2025-11,22.89,73.18333333333334,0.15733333333333333,55.266666666666666,12.643333333333334
Zimbabwe,2025-12,21.006451612903227,69.81935483870969,0.3080645161290323,67.93548387096774,11.258064516129032
Zimbabwe,2026-01,20.209999999999997,68.36,0.2763333333333333,77.2,9.57
Zimbabwe,2026-02,19.585714285714285,67.25357142857142,0.030357142857142857,75.71428571428571,8.971428571428572
Zimbabwe,2026-03,17.659259259259258,63.785185185185185,0.2337037037037037,87.25925925925925,11.792592592592591
Гватемала,2024-07,15.9,60.6,0.0,95.0,6.5
Польша,2024-07,24.2,75.5,0.0,56.0,13.7
Турция,2024-07,34.0,93.2,0.0,44.0,24.1
كولومبيا,2024-07,23.1,73.5,0.05,95.0,6.5
火鸡,2024-07,29.7,85.4,0.0,24.0,18.4
